[0m15:49:15.971060 [debug] [MainThread]: Sending event: {'category': 'dbt', 'action': 'invocation', 'label': 'start', 'context': [<snowplow_tracker.self_describing_json.SelfDescribingJson object at 0x0000028B7B9C1630>, <snowplow_tracker.self_describing_json.SelfDescribingJson object at 0x0000028B7DE54430>, <snowplow_tracker.self_describing_json.SelfDescribingJson object at 0x0000028B7DE575E0>]}


============================== 15:49:15.974603 | a705f6f8-5011-48dc-bb46-cfc73445c53e ==============================
[0m15:49:15.974603 [info ] [MainThread]: Running with dbt=1.12.3
[0m15:49:15.974603 [debug] [MainThread]: running dbt with arguments {'static_parser': 'True', 'no_print': 'None', 'maximum_seed_size_mib': '1', 'target_path': 'None', 'version_check': 'True', 'warn_error_options': 'WarnErrorOptionsV2(error=[], warn=[], silence=[])', 'printer_width': '80', 'write_json': 'True', 'introspect': 'True', 'log_cache_events': 'False', 'empty': 'None', 'cache_selected_only': 'False', 'log_format': 'default', 'debug': 'False', 'fail_fast': 'False', 'profiles_dir': '.', 'send_anonymous_usage_stats': 'True', 'quiet': 'False', 'warn_error': 'None', 'partial_parse': 'True', 'invocation_command': 'dbt deps --profiles-dir .', 'hints_enabled': 'True', 'use_colors': 'True', 'use_experimental_parser': 'False', 'indirect_selection': 'eager', 'log_path': 'D:\\DE_prj\\Vinfast_v1\\dbt_project\\logs'}
[0m15:49:16.222144 [debug] [MainThread]: Sending event: {'category': 'dbt', 'action': 'project_id', 'label': 'a705f6f8-5011-48dc-bb46-cfc73445c53e', 'context': [<snowplow_tracker.self_describing_json.SelfDescribingJson object at 0x0000028B79327970>]}
[0m15:49:16.248548 [debug] [MainThread]: Set downloads directory='C:\Users\FPTSHOP\AppData\Local\Temp\dbt-downloads-legglboj'
[0m15:49:16.248548 [debug] [MainThread]: Making package index registry request: GET https://hub.getdbt.com/api/v1/index.json
[0m15:49:16.438546 [debug] [MainThread]: Response from registry index: GET https://hub.getdbt.com/api/v1/index.json 200
[0m15:49:16.443058 [debug] [MainThread]: Making package registry request: GET https://hub.getdbt.com/api/v1/dbt-labs/dbt_utils.json
[0m15:49:16.548554 [debug] [MainThread]: Response from registry: GET https://hub.getdbt.com/api/v1/dbt-labs/dbt_utils.json 200
[0m15:49:16.558636 [info ] [MainThread]: Installing dbt-labs/dbt_utils
[0m15:49:17.374240 [info ] [MainThread]: Installed from version 1.1.0
[0m15:49:17.374240 [info ] [MainThread]: Updated version available: 1.4.1
[0m15:49:17.374240 [debug] [MainThread]: Sending event: {'category': 'dbt', 'action': 'package', 'label': 'a705f6f8-5011-48dc-bb46-cfc73445c53e', 'property_': 'install', 'context': [<snowplow_tracker.self_describing_json.SelfDescribingJson object at 0x0000028B7BA9B220>, <snowplow_tracker.self_describing_json.SelfDescribingJson object at 0x0000028B7E253A60>]}
[0m15:49:17.376243 [info ] [MainThread]: 
[0m15:49:17.376243 [info ] [MainThread]: Updates available for packages: ['dbt-labs/dbt_utils']                 
Update your versions in packages.yml, then run dbt deps
[0m15:49:17.376243 [debug] [MainThread]: Command `python -m dbt.cli.main deps` succeeded at 15:49:17.376243 after 1.53 seconds
[0m15:49:17.376243 [debug] [MainThread]: Sending event: {'category': 'dbt', 'action': 'invocation', 'label': 'end', 'context': [<snowplow_tracker.self_describing_json.SelfDescribingJson object at 0x0000028B7B9C1630>, <snowplow_tracker.self_describing_json.SelfDescribingJson object at 0x0000028B7E125630>, <snowplow_tracker.self_describing_json.SelfDescribingJson object at 0x0000028B7AF2E530>]}
[0m15:49:17.378746 [debug] [MainThread]: Flushing usage events
[0m15:49:18.343477 [debug] [MainThread]: An error was encountered while trying to flush usage events
[0m15:49:21.246658 [debug] [MainThread]: Sending event: {'category': 'dbt', 'action': 'invocation', 'label': 'start', 'context': [<snowplow_tracker.self_describing_json.SelfDescribingJson object at 0x000002866216A710>, <snowplow_tracker.self_describing_json.SelfDescribingJson object at 0x0000028664A07D90>, <snowplow_tracker.self_describing_json.SelfDescribingJson object at 0x0000028664A07B80>]}


============================== 15:49:21.250683 | 53047d82-6f12-43c2-b85b-44abd9747b7a ==============================
[0m15:49:21.250683 [info ] [MainThread]: Running with dbt=1.12.3
[0m15:49:21.250683 [debug] [MainThread]: running dbt with arguments {'version_check': 'True', 'no_print': 'None', 'maximum_seed_size_mib': '1', 'warn_error_options': 'WarnErrorOptionsV2(error=[], warn=[], silence=[])', 'static_parser': 'True', 'target_path': 'None', 'printer_width': '80', 'write_json': 'True', 'introspect': 'True', 'log_cache_events': 'False', 'empty': 'False', 'cache_selected_only': 'False', 'fail_fast': 'False', 'debug': 'False', 'log_format': 'default', 'partial_parse': 'True', 'send_anonymous_usage_stats': 'True', 'quiet': 'False', 'warn_error': 'None', 'profiles_dir': '.', 'invocation_command': 'dbt run --profiles-dir . --target docker', 'hints_enabled': 'True', 'indirect_selection': 'eager', 'use_experimental_parser': 'False', 'use_colors': 'True', 'log_path': 'D:\\DE_prj\\Vinfast_v1\\dbt_project\\logs'}
[0m15:49:21.490471 [debug] [MainThread]: Sending event: {'category': 'dbt', 'action': 'project_id', 'label': '53047d82-6f12-43c2-b85b-44abd9747b7a', 'context': [<snowplow_tracker.self_describing_json.SelfDescribingJson object at 0x000002865FA8DB70>]}
[0m15:49:21.560639 [debug] [MainThread]: Sending event: {'category': 'dbt', 'action': 'adapter_info', 'label': '53047d82-6f12-43c2-b85b-44abd9747b7a', 'context': [<snowplow_tracker.self_describing_json.SelfDescribingJson object at 0x0000028664AEB760>]}
[0m15:49:21.560639 [info ] [MainThread]: Registered adapter: clickhouse=1.9.3
[0m15:49:21.757489 [debug] [MainThread]: checksum: 09915bdc41c29a1a682073d27ab01e44f5df6677538e1db23cf8667eab1919cd, vars: {}, profile: vinfast, target: docker, version: 1.12.3
[0m15:49:21.758494 [info ] [MainThread]: Unable to do partial parsing because saved manifest not found. Starting full parse.
[0m15:49:21.758494 [debug] [MainThread]: Sending event: {'category': 'dbt', 'action': 'partial_parser', 'label': '53047d82-6f12-43c2-b85b-44abd9747b7a', 'context': [<snowplow_tracker.self_describing_json.SelfDescribingJson object at 0x0000028664A5E050>]}
[0m15:49:23.454758 [debug] [MainThread]: Sending event: {'category': 'dbt', 'action': 'load_project', 'label': '53047d82-6f12-43c2-b85b-44abd9747b7a', 'context': [<snowplow_tracker.self_describing_json.SelfDescribingJson object at 0x0000028664910A30>]}
[0m15:49:23.559822 [debug] [MainThread]: Wrote artifact WritableManifest to D:\DE_prj\Vinfast_v1\dbt_project\target\manifest.json
[0m15:49:23.562188 [debug] [MainThread]: Wrote artifact SemanticManifest to D:\DE_prj\Vinfast_v1\dbt_project\target\semantic_manifest.json
[0m15:49:23.578667 [debug] [MainThread]: Wrote artifact OsiDocument to D:\DE_prj\Vinfast_v1\dbt_project\target\osi_document.json
[0m15:49:23.588680 [debug] [MainThread]: Sending event: {'category': 'dbt', 'action': 'resource_counts', 'label': '53047d82-6f12-43c2-b85b-44abd9747b7a', 'context': [<snowplow_tracker.self_describing_json.SelfDescribingJson object at 0x0000028664C62260>]}
[0m15:49:23.588680 [info ] [MainThread]: Found 16 models, 26 data tests, 635 macros
[0m15:49:23.588680 [debug] [MainThread]: Sending event: {'category': 'dbt', 'action': 'runnable_timing', 'label': '53047d82-6f12-43c2-b85b-44abd9747b7a', 'context': [<snowplow_tracker.self_describing_json.SelfDescribingJson object at 0x0000028664C632E0>]}
[0m15:49:23.595937 [info ] [MainThread]: 
[0m15:49:23.595937 [info ] [MainThread]: Concurrency: 1 threads (target='docker')
[0m15:49:23.595937 [info ] [MainThread]: 
[0m15:49:23.598676 [debug] [MainThread]: Acquiring new clickhouse connection 'master'
[0m15:49:23.599691 [debug] [ThreadPool]: Acquiring new clickhouse connection 'list_'
[0m15:49:23.610702 [debug] [ThreadPool]: Opening a new connection, currently in state init
[0m15:49:25.418568 [debug] [ThreadPool]: dbt_clickhouse adapter: On list_: /* {"app": "dbt", "dbt_version": "1.12.3", "profile_name": "vinfast", "target_name": "docker", "connection_name": "list_"} */

    select name from system.databases
  ...
[0m15:49:25.464362 [debug] [ThreadPool]: dbt_clickhouse adapter: SQL status: OK in 0.04 seconds
[0m15:49:25.544724 [debug] [ThreadPool]: Acquiring new clickhouse connection 'list__vinfast'
[0m15:49:25.548799 [debug] [ThreadPool]: Opening a new connection, currently in state init
[0m15:49:26.060488 [debug] [ThreadPool]: dbt_clickhouse adapter: On list__vinfast: /* {"app": "dbt", "dbt_version": "1.12.3", "profile_name": "vinfast", "target_name": "docker", "connection_name": "list__vinfast"} */
select
      t.name as name,
      t.database as schema,
      multiIf(
        engine in ('MaterializedView', 'View'), 'view',
        engine = 'Dictionary', 'dictionary',
        'table'
      ) as type,
      db.engine as db_engine,0 as is_on_cluster
          from system.tables as t join system.databases as db on t.database = db.name
        where schema = 'vinfast'
      

  ...
[0m15:49:26.118721 [debug] [ThreadPool]: dbt_clickhouse adapter: SQL status: OK in 0.06 seconds
[0m15:49:26.118721 [debug] [MainThread]: Sending event: {'category': 'dbt', 'action': 'runnable_timing', 'label': '53047d82-6f12-43c2-b85b-44abd9747b7a', 'context': [<snowplow_tracker.self_describing_json.SelfDescribingJson object at 0x00000286652EB6A0>]}
[0m15:49:26.125273 [debug] [Thread-1 (]: Began running node model.vinfast.stg_charging_ext
[0m15:49:26.128257 [info ] [Thread-1 (]: 1 of 16 START sql view model `vinfast`.`stg_charging_ext` ...................... [RUN]
[0m15:49:26.129307 [debug] [Thread-1 (]: Acquiring new clickhouse connection 'model.vinfast.stg_charging_ext'
[0m15:49:26.130380 [debug] [Thread-1 (]: Began compiling node model.vinfast.stg_charging_ext
[0m15:49:26.136390 [debug] [Thread-1 (]: Writing injected SQL for node "model.vinfast.stg_charging_ext"
[0m15:49:26.138404 [debug] [Thread-1 (]: Began executing node model.vinfast.stg_charging_ext
[0m15:49:26.148310 [debug] [Thread-1 (]: Creating new relation stg_charging_ext
[0m15:49:26.163746 [debug] [Thread-1 (]: Opening a new connection, currently in state init
[0m15:49:26.698332 [debug] [Thread-1 (]: Writing runtime sql for node "model.vinfast.stg_charging_ext"
[0m15:49:26.698332 [debug] [Thread-1 (]: dbt_clickhouse adapter: On model.vinfast.stg_charging_ext: /* {"app": "dbt", "dbt_version": "1.12.3", "profile_name": "vinfast", "target_name": "docker", "node_id": "model.vinfast.stg_charging_ext"} */


  create or replace view `vinfast`.`stg_charging_ext` 
  
    
  
  
    
    
  as (
    

select
    session_id,
    vin,
    vehicle_id,
    station_id,
    connector_id,
    charger_type,
    started_at,
    ended_at,
    kwh_delivered,
    cost_vnd,
    payment_method,
    duration_min,
    duration_hours,
    avg_power_kw,
    cost_per_kwh_vnd,
    is_fast_charge,
    source
from s3('http://minio:9000/vinfast-silver/charging_ext/*/data.parquet', 'vinfast', 'vinfast123', 'Parquet',
    'session_id String, vin Nullable(String), vehicle_id Nullable(String), station_id String, connector_id String, charger_type String, started_at DateTime64(3), ended_at DateTime64(3), kwh_delivered Float64, cost_vnd Int64, payment_method String, duration_min Float64, duration_hours Float64, avg_power_kw Nullable(Float64), cost_per_kwh_vnd Nullable(Float64), is_fast_charge Bool, source String, year Nullable(Int32), month Nullable(Int32), day Nullable(Int32)')
    
  )
      
      
                    -- end_of_sql
                    
                    ...
[0m15:49:26.838592 [debug] [Thread-1 (]: dbt_clickhouse adapter: SQL status: OK in 0.14 seconds
[0m15:49:26.857035 [debug] [Thread-1 (]: Sending event: {'category': 'dbt', 'action': 'run_model', 'label': '53047d82-6f12-43c2-b85b-44abd9747b7a', 'context': [<snowplow_tracker.self_describing_json.SelfDescribingJson object at 0x000002865FD545B0>]}
[0m15:49:26.858561 [info ] [Thread-1 (]: 1 of 16 OK created sql view model `vinfast`.`stg_charging_ext` ................. [[32mOK[0m in 0.73s]
[0m15:49:26.858561 [debug] [Thread-1 (]: Finished running node model.vinfast.stg_charging_ext
[0m15:49:26.858561 [debug] [Thread-1 (]: Began running node model.vinfast.stg_charging_sessions
[0m15:49:26.858561 [info ] [Thread-1 (]: 2 of 16 START sql view model `vinfast`.`stg_charging_sessions` ................. [RUN]
[0m15:49:26.861017 [debug] [Thread-1 (]: Re-using an available connection from the pool (formerly model.vinfast.stg_charging_ext, now model.vinfast.stg_charging_sessions)
[0m15:49:26.861017 [debug] [Thread-1 (]: Began compiling node model.vinfast.stg_charging_sessions
[0m15:49:26.861017 [debug] [Thread-1 (]: Writing injected SQL for node "model.vinfast.stg_charging_sessions"
[0m15:49:26.861017 [debug] [Thread-1 (]: Began executing node model.vinfast.stg_charging_sessions
[0m15:49:26.861017 [debug] [Thread-1 (]: Creating new relation stg_charging_sessions
[0m15:49:26.866080 [debug] [Thread-1 (]: Writing runtime sql for node "model.vinfast.stg_charging_sessions"
[0m15:49:26.866883 [debug] [Thread-1 (]: dbt_clickhouse adapter: On model.vinfast.stg_charging_sessions: /* {"app": "dbt", "dbt_version": "1.12.3", "profile_name": "vinfast", "target_name": "docker", "node_id": "model.vinfast.stg_charging_sessions"} */


  create or replace view `vinfast`.`stg_charging_sessions` 
  
    
  
  
    
    
  as (
    

-- Staging charging sessions (mạng VinFast nội bộ, trích từ telemetry):
-- đọc Silver Parquet trực tiếp từ MinIO. Các cột phái sinh (avg_power_kw,
-- cost_per_kwh_vnd, is_fast_charge, charge_efficiency_pct) do plugin
-- charging_internal tính ở tầng Silver; tầng dbt chỉ giới hạn hiệu suất 0-200%.
select
    session_id,
    vehicle_id,
    station_id,
    charger_type,
    power_kw,
    started_at,
    ended_at,
    duration_min,
    duration_min / 60.0 as duration_hours,
    kwh_delivered,
    start_soc_pct,
    end_soc_pct,
    cost_vnd,
    payment_method,
    avg_power_kw,
    cost_per_kwh_vnd,
    is_fast_charge,
    least(greatest(charge_efficiency_pct, 0), 200) as charge_efficiency_pct
from s3('http://minio:9000/vinfast-silver/charging_internal/*/data.parquet', 'vinfast', 'vinfast123', 'Parquet', 'session_id String, vehicle_id String, station_id String, charger_type String, power_kw Nullable(Float64), started_at DateTime64(3), ended_at DateTime64(3), duration_min Float64, kwh_delivered Float64, start_soc_pct Nullable(Float64), end_soc_pct Nullable(Float64), cost_vnd Int64, payment_method String, battery_kwh Nullable(Float64), duration_hours Nullable(Float64), avg_power_kw Nullable(Float64), cost_per_kwh_vnd Nullable(Float64), is_fast_charge Bool, charge_efficiency_pct Nullable(Float64), year Nullable(Int32), month Nullable(Int32), day Nullable(Int32)')
where session_id IS NOT NULL
  and vehicle_id IS NOT NULL
  and started_at IS NOT NULL
  and ended_at IS NOT NULL
    
  )
      
      
                    -- end_of_sql
                    
                    ...
[0m15:49:26.882177 [debug] [Thread-1 (]: dbt_clickhouse adapter: SQL status: OK in 0.02 seconds
[0m15:49:26.887769 [debug] [Thread-1 (]: Sending event: {'category': 'dbt', 'action': 'run_model', 'label': '53047d82-6f12-43c2-b85b-44abd9747b7a', 'context': [<snowplow_tracker.self_describing_json.SelfDescribingJson object at 0x00000286620203D0>]}
[0m15:49:26.887769 [info ] [Thread-1 (]: 2 of 16 OK created sql view model `vinfast`.`stg_charging_sessions` ............ [[32mOK[0m in 0.02s]
[0m15:49:26.888788 [debug] [Thread-1 (]: Finished running node model.vinfast.stg_charging_sessions
[0m15:49:26.888788 [debug] [Thread-1 (]: Began running node model.vinfast.stg_crm_customers
[0m15:49:26.888788 [info ] [Thread-1 (]: 3 of 16 START sql view model `vinfast`.`stg_crm_customers` ..................... [RUN]
[0m15:49:26.888788 [debug] [Thread-1 (]: Re-using an available connection from the pool (formerly model.vinfast.stg_charging_sessions, now model.vinfast.stg_crm_customers)
[0m15:49:26.888788 [debug] [Thread-1 (]: Began compiling node model.vinfast.stg_crm_customers
[0m15:49:26.888788 [debug] [Thread-1 (]: Writing injected SQL for node "model.vinfast.stg_crm_customers"
[0m15:49:26.888788 [debug] [Thread-1 (]: Began executing node model.vinfast.stg_crm_customers
[0m15:49:26.888788 [debug] [Thread-1 (]: Creating new relation stg_crm_customers
[0m15:49:26.895485 [debug] [Thread-1 (]: Writing runtime sql for node "model.vinfast.stg_crm_customers"
[0m15:49:26.895485 [debug] [Thread-1 (]: dbt_clickhouse adapter: On model.vinfast.stg_crm_customers: /* {"app": "dbt", "dbt_version": "1.12.3", "profile_name": "vinfast", "target_name": "docker", "node_id": "model.vinfast.stg_crm_customers"} */


  create or replace view `vinfast`.`stg_crm_customers` 
  
    
  
  
    
    
  as (
    

-- Staging CRM customers: reads Silver parquet from MinIO via s3() glob for date partitions (excludes stale no-date key)
select
    customer_id,
    phone,
    name,
    email,
    status,
    nullIf(city_code, '') as city_code,
    registered_at,
    crm_customer_code
from s3('http://minio:9000/vinfast-silver/crm/customer/*/data.parquet', 'vinfast', 'vinfast123', 'Parquet',
    'customer_id String, phone String, name String, email Nullable(String), status String, city_code String, registered_at DateTime64(3), crm_customer_code String, year Nullable(Int32), month Nullable(Int32)')
    
  )
      
      
                    -- end_of_sql
                    
                    ...
[0m15:49:26.948692 [debug] [Thread-1 (]: dbt_clickhouse adapter: SQL status: OK in 0.05 seconds
[0m15:49:26.952301 [debug] [Thread-1 (]: Sending event: {'category': 'dbt', 'action': 'run_model', 'label': '53047d82-6f12-43c2-b85b-44abd9747b7a', 'context': [<snowplow_tracker.self_describing_json.SelfDescribingJson object at 0x0000028664BD2BC0>]}
[0m15:49:26.952301 [info ] [Thread-1 (]: 3 of 16 OK created sql view model `vinfast`.`stg_crm_customers` ................ [[32mOK[0m in 0.06s]
[0m15:49:26.952301 [debug] [Thread-1 (]: Finished running node model.vinfast.stg_crm_customers
[0m15:49:26.952301 [debug] [Thread-1 (]: Began running node model.vinfast.stg_crm_interactions
[0m15:49:26.952301 [info ] [Thread-1 (]: 4 of 16 START sql view model `vinfast`.`stg_crm_interactions` .................. [RUN]
[0m15:49:26.952301 [debug] [Thread-1 (]: Re-using an available connection from the pool (formerly model.vinfast.stg_crm_customers, now model.vinfast.stg_crm_interactions)
[0m15:49:26.952301 [debug] [Thread-1 (]: Began compiling node model.vinfast.stg_crm_interactions
[0m15:49:26.958584 [debug] [Thread-1 (]: Writing injected SQL for node "model.vinfast.stg_crm_interactions"
[0m15:49:26.958584 [debug] [Thread-1 (]: Began executing node model.vinfast.stg_crm_interactions
[0m15:49:26.960762 [debug] [Thread-1 (]: Creating new relation stg_crm_interactions
[0m15:49:26.960762 [debug] [Thread-1 (]: Writing runtime sql for node "model.vinfast.stg_crm_interactions"
[0m15:49:26.960762 [debug] [Thread-1 (]: dbt_clickhouse adapter: On model.vinfast.stg_crm_interactions: /* {"app": "dbt", "dbt_version": "1.12.3", "profile_name": "vinfast", "target_name": "docker", "node_id": "model.vinfast.stg_crm_interactions"} */


  create or replace view `vinfast`.`stg_crm_interactions` 
  
    
  
  
    
    
  as (
    

select
    interaction_id,
    phone,
    customer_id,
    type,
    occurred_at,
    outcome,
    agent,
    notes
from s3('http://minio:9000/vinfast-silver/crm/interaction/*/data.parquet', 'vinfast', 'vinfast123', 'Parquet',
    'interaction_id String, phone String, customer_id String, type String, occurred_at DateTime64(3), outcome String, agent String, notes String, year Nullable(Int32), month Nullable(Int32)')
    
  )
      
      
                    -- end_of_sql
                    
                    ...
[0m15:49:27.011372 [debug] [Thread-1 (]: dbt_clickhouse adapter: SQL status: OK in 0.05 seconds
[0m15:49:27.016249 [debug] [Thread-1 (]: Sending event: {'category': 'dbt', 'action': 'run_model', 'label': '53047d82-6f12-43c2-b85b-44abd9747b7a', 'context': [<snowplow_tracker.self_describing_json.SelfDescribingJson object at 0x000002866567E4A0>]}
[0m15:49:27.018772 [info ] [Thread-1 (]: 4 of 16 OK created sql view model `vinfast`.`stg_crm_interactions` ............. [[32mOK[0m in 0.06s]
[0m15:49:27.018772 [debug] [Thread-1 (]: Finished running node model.vinfast.stg_crm_interactions
[0m15:49:27.021050 [debug] [Thread-1 (]: Began running node model.vinfast.stg_dms_dealers
[0m15:49:27.021050 [info ] [Thread-1 (]: 5 of 16 START sql view model `vinfast`.`stg_dms_dealers` ....................... [RUN]
[0m15:49:27.021050 [debug] [Thread-1 (]: Re-using an available connection from the pool (formerly model.vinfast.stg_crm_interactions, now model.vinfast.stg_dms_dealers)
[0m15:49:27.021050 [debug] [Thread-1 (]: Began compiling node model.vinfast.stg_dms_dealers
[0m15:49:27.023798 [debug] [Thread-1 (]: Writing injected SQL for node "model.vinfast.stg_dms_dealers"
[0m15:49:27.027169 [debug] [Thread-1 (]: Began executing node model.vinfast.stg_dms_dealers
[0m15:49:27.028779 [debug] [Thread-1 (]: Creating new relation stg_dms_dealers
[0m15:49:27.028779 [debug] [Thread-1 (]: Writing runtime sql for node "model.vinfast.stg_dms_dealers"
[0m15:49:27.028779 [debug] [Thread-1 (]: dbt_clickhouse adapter: On model.vinfast.stg_dms_dealers: /* {"app": "dbt", "dbt_version": "1.12.3", "profile_name": "vinfast", "target_name": "docker", "node_id": "model.vinfast.stg_dms_dealers"} */


  create or replace view `vinfast`.`stg_dms_dealers` 
  
    
  
  
    
    
  as (
    

select
    dealer_id,
    name,
    nullIf(city_code, '') as city_code,
    address,
    lat,
    lon,
    type
from s3('http://minio:9000/vinfast-silver/dms/dealer/*/data.parquet', 'vinfast', 'vinfast123', 'Parquet',
    'dealer_id String, name String, city_code String, address String, lat Float64, lon Float64, type String, year Nullable(Int32), month Nullable(Int32)')
    
  )
      
      
                    -- end_of_sql
                    
                    ...
[0m15:49:27.083675 [debug] [Thread-1 (]: dbt_clickhouse adapter: SQL status: OK in 0.05 seconds
[0m15:49:27.088993 [debug] [Thread-1 (]: Sending event: {'category': 'dbt', 'action': 'run_model', 'label': '53047d82-6f12-43c2-b85b-44abd9747b7a', 'context': [<snowplow_tracker.self_describing_json.SelfDescribingJson object at 0x000002866567ED70>]}
[0m15:49:27.091023 [info ] [Thread-1 (]: 5 of 16 OK created sql view model `vinfast`.`stg_dms_dealers` .................. [[32mOK[0m in 0.07s]
[0m15:49:27.091023 [debug] [Thread-1 (]: Finished running node model.vinfast.stg_dms_dealers
[0m15:49:27.091023 [debug] [Thread-1 (]: Began running node model.vinfast.stg_dms_sales_orders
[0m15:49:27.091023 [info ] [Thread-1 (]: 6 of 16 START sql view model `vinfast`.`stg_dms_sales_orders` .................. [RUN]
[0m15:49:27.091023 [debug] [Thread-1 (]: Re-using an available connection from the pool (formerly model.vinfast.stg_dms_dealers, now model.vinfast.stg_dms_sales_orders)
[0m15:49:27.091023 [debug] [Thread-1 (]: Began compiling node model.vinfast.stg_dms_sales_orders
[0m15:49:27.098656 [debug] [Thread-1 (]: Writing injected SQL for node "model.vinfast.stg_dms_sales_orders"
[0m15:49:27.098656 [debug] [Thread-1 (]: Began executing node model.vinfast.stg_dms_sales_orders
[0m15:49:27.101797 [debug] [Thread-1 (]: Creating new relation stg_dms_sales_orders
[0m15:49:27.101797 [debug] [Thread-1 (]: Writing runtime sql for node "model.vinfast.stg_dms_sales_orders"
[0m15:49:27.103908 [debug] [Thread-1 (]: dbt_clickhouse adapter: On model.vinfast.stg_dms_sales_orders: /* {"app": "dbt", "dbt_version": "1.12.3", "profile_name": "vinfast", "target_name": "docker", "node_id": "model.vinfast.stg_dms_sales_orders"} */


  create or replace view `vinfast`.`stg_dms_sales_orders` 
  
    
  
  
    
    
  as (
    

select
    order_id,
    vin,
    vehicle_id,
    dealer_id,
    phone,
    sold_at,
    model,
    color,
    price_vnd,
    payment_method,
    warranty_start
from s3('http://minio:9000/vinfast-silver/dms/sales_order/*/data.parquet', 'vinfast', 'vinfast123', 'Parquet',
    'order_id String, vin String, vehicle_id Nullable(String), dealer_id String, phone String, sold_at String, model String, color String, price_vnd Float64, payment_method String, warranty_start String')
    
  )
      
      
                    -- end_of_sql
                    
                    ...
[0m15:49:27.158890 [debug] [Thread-1 (]: dbt_clickhouse adapter: SQL status: OK in 0.05 seconds
[0m15:49:27.158890 [debug] [Thread-1 (]: Sending event: {'category': 'dbt', 'action': 'run_model', 'label': '53047d82-6f12-43c2-b85b-44abd9747b7a', 'context': [<snowplow_tracker.self_describing_json.SelfDescribingJson object at 0x0000028666BC6170>]}
[0m15:49:27.158890 [info ] [Thread-1 (]: 6 of 16 OK created sql view model `vinfast`.`stg_dms_sales_orders` ............. [[32mOK[0m in 0.07s]
[0m15:49:27.165638 [debug] [Thread-1 (]: Finished running node model.vinfast.stg_dms_sales_orders
[0m15:49:27.167197 [debug] [Thread-1 (]: Began running node model.vinfast.stg_telemetry
[0m15:49:27.167771 [info ] [Thread-1 (]: 7 of 16 START sql view model `vinfast`.`stg_telemetry` ......................... [RUN]
[0m15:49:27.168938 [debug] [Thread-1 (]: Re-using an available connection from the pool (formerly model.vinfast.stg_dms_sales_orders, now model.vinfast.stg_telemetry)
[0m15:49:27.168938 [debug] [Thread-1 (]: Began compiling node model.vinfast.stg_telemetry
[0m15:49:27.168938 [debug] [Thread-1 (]: Writing injected SQL for node "model.vinfast.stg_telemetry"
[0m15:49:27.168938 [debug] [Thread-1 (]: Began executing node model.vinfast.stg_telemetry
[0m15:49:27.173767 [debug] [Thread-1 (]: Creating new relation stg_telemetry
[0m15:49:27.173767 [debug] [Thread-1 (]: Writing runtime sql for node "model.vinfast.stg_telemetry"
[0m15:49:27.173767 [debug] [Thread-1 (]: dbt_clickhouse adapter: On model.vinfast.stg_telemetry: /* {"app": "dbt", "dbt_version": "1.12.3", "profile_name": "vinfast", "target_name": "docker", "node_id": "model.vinfast.stg_telemetry"} */


  create or replace view `vinfast`.`stg_telemetry` 
  
    
  
  
    
    
  as (
    

-- Staging telemetry: đọc Silver Parquet trực tiếp từ MinIO (lakehouse path,
-- không qua bảng raw_* trung gian trong ClickHouse).
-- Biểu thức glob */data.parquet phủ mọi phân vùng ngày (batch_date key).
select
    vehicle_id,
    event_timestamp,
    model,
    type,
    battery_soc_pct,
    battery_soh_pct,
    battery_temp_c,
    battery_temp_avg_c,
    battery_temp_max_c,
    charging_status,
    speed_kmh,
    odometer_km,
    motor_rpm,
    motor_temp_c,
    inverter_temp_c,
    gear_mode,
    latitude,
    longitude,
    acceleration_x,
    acceleration_y,
    acceleration_z,
    lock_status,
    cabin_temp_c,
    hvac_power_kw,
    airbag_deployed,
    tire_pressure_fl_bar,
    tire_pressure_fr_bar,
    tire_pressure_rl_bar,
    tire_pressure_rr_bar,
    tire_pressure_min_bar,
    ambient_temp_c,
    is_charging,
    charging_power_kw,
    ignition_on,
    is_driving,
    is_idle,
    tire_pressure_alert,
    battery_temp_alert,
    high_speed_event,
    hard_brake_event,
    -- derived: true driving event (not idle, not charging)
    (is_driving AND NOT is_charging) as is_driving_event
from s3('http://minio:9000/vinfast-silver/telemetry/*/data.parquet', 'vinfast', 'vinfast123', 'Parquet', 'vehicle_id String, event_timestamp DateTime64(3), model String, type String, battery_soc_pct Float64, battery_soh_pct Float64, battery_temp_c Float64, battery_temp_avg_c Float64, battery_temp_max_c Float64, charging_status String, speed_kmh Float64, odometer_km Float64, motor_rpm Int32, motor_temp_c Float64, inverter_temp_c Float64, gear_mode String, latitude Float64, longitude Float64, acceleration_x Float64, acceleration_y Float64, acceleration_z Float64, lock_status String, cabin_temp_c Nullable(Float64), hvac_power_kw Float64, airbag_deployed Bool, tire_pressure_fl_bar Nullable(Float64), tire_pressure_fr_bar Nullable(Float64), tire_pressure_rl_bar Nullable(Float64), tire_pressure_rr_bar Nullable(Float64), ambient_temp_c Float64, is_charging Bool, charging_power_kw Float64, ignition_on Bool, is_driving Bool, is_idle Bool, tire_pressure_min_bar Nullable(Float64), tire_pressure_alert Bool, battery_temp_alert Bool, high_speed_event Bool, hard_brake_event Bool, year Nullable(Int32), month Nullable(Int32), day Nullable(Int32)')
where vehicle_id IS NOT NULL
  and event_timestamp IS NOT NULL
    
  )
      
      
                    -- end_of_sql
                    
                    ...
[0m15:49:27.230309 [debug] [Thread-1 (]: dbt_clickhouse adapter: SQL status: OK in 0.06 seconds
[0m15:49:27.232339 [debug] [Thread-1 (]: Sending event: {'category': 'dbt', 'action': 'run_model', 'label': '53047d82-6f12-43c2-b85b-44abd9747b7a', 'context': [<snowplow_tracker.self_describing_json.SelfDescribingJson object at 0x0000028666B0F850>]}
[0m15:49:27.232339 [info ] [Thread-1 (]: 7 of 16 OK created sql view model `vinfast`.`stg_telemetry` .................... [[32mOK[0m in 0.06s]
[0m15:49:27.232339 [debug] [Thread-1 (]: Finished running node model.vinfast.stg_telemetry
[0m15:49:27.232339 [debug] [Thread-1 (]: Began running node model.vinfast.stg_vehicles
[0m15:49:27.238529 [info ] [Thread-1 (]: 8 of 16 START sql view model `vinfast`.`stg_vehicles` .......................... [RUN]
[0m15:49:27.238529 [debug] [Thread-1 (]: Re-using an available connection from the pool (formerly model.vinfast.stg_telemetry, now model.vinfast.stg_vehicles)
[0m15:49:27.238529 [debug] [Thread-1 (]: Began compiling node model.vinfast.stg_vehicles
[0m15:49:27.238529 [debug] [Thread-1 (]: Writing injected SQL for node "model.vinfast.stg_vehicles"
[0m15:49:27.243753 [debug] [Thread-1 (]: Began executing node model.vinfast.stg_vehicles
[0m15:49:27.246031 [debug] [Thread-1 (]: Creating new relation stg_vehicles
[0m15:49:27.246031 [debug] [Thread-1 (]: Writing runtime sql for node "model.vinfast.stg_vehicles"
[0m15:49:27.248762 [debug] [Thread-1 (]: dbt_clickhouse adapter: On model.vinfast.stg_vehicles: /* {"app": "dbt", "dbt_version": "1.12.3", "profile_name": "vinfast", "target_name": "docker", "node_id": "model.vinfast.stg_vehicles"} */


  create or replace view `vinfast`.`stg_vehicles` 
  
    
  
  
    
    
  as (
    

-- Staging vehicles: đọc snapshot dimension từ MinIO Silver (entities pipeline),
-- join users để lấy thông tin chủ sở hữu. Các chỉ số thống kê vận hành
-- (total_events, avg_soc_pct, ...) không lưu trong dimension mà tính
-- trực tiếp từ stg_telemetry ở tầng intermediate/marts.
select
    v.vehicle_id,
    v.u_id,
    v.model,
    v.type,
    v.city_code,
    v.battery_kwh,
    v.battery_soh_pct,
    v.odometer_start_km,
    v.years_old,
    v.home_lat,
    v.home_lon,
    v.work_lat,
    v.work_lon,
    u.name as owner_name,
    u.phone as owner_phone
from s3('http://minio:9000/vinfast-silver/entities/vehicles/data.parquet', 'vinfast', 'vinfast123', 'Parquet', 'vehicle_id String, u_id String, model String, type String, city_code String, home_lat Float64, home_lon Float64, work_lat Float64, work_lon Float64, battery_kwh Float64, odometer_start_km Float64, tire_pressure_base_bar Float64, battery_soh_pct Float64, years_old Float64') as v
left join s3('http://minio:9000/vinfast-silver/entities/users/data.parquet', 'vinfast', 'vinfast123', 'Parquet', 'u_id String, name String, phone String') as u
    on v.u_id = u.u_id
where v.vehicle_id IS NOT NULL
    
  )
      
      
                    -- end_of_sql
                    
                    ...
[0m15:49:27.313570 [debug] [Thread-1 (]: dbt_clickhouse adapter: SQL status: OK in 0.06 seconds
[0m15:49:27.313570 [debug] [Thread-1 (]: Sending event: {'category': 'dbt', 'action': 'run_model', 'label': '53047d82-6f12-43c2-b85b-44abd9747b7a', 'context': [<snowplow_tracker.self_describing_json.SelfDescribingJson object at 0x0000028666BC44C0>]}
[0m15:49:27.316936 [info ] [Thread-1 (]: 8 of 16 OK created sql view model `vinfast`.`stg_vehicles` ..................... [[32mOK[0m in 0.08s]
[0m15:49:27.316936 [debug] [Thread-1 (]: Finished running node model.vinfast.stg_vehicles
[0m15:49:27.318450 [debug] [Thread-1 (]: Began running node model.vinfast.mart_charging_revenue
[0m15:49:27.319179 [info ] [Thread-1 (]: 9 of 16 START sql table model `vinfast`.`mart_charging_revenue` ................ [RUN]
[0m15:49:27.319179 [debug] [Thread-1 (]: Re-using an available connection from the pool (formerly model.vinfast.stg_vehicles, now model.vinfast.mart_charging_revenue)
[0m15:49:27.319179 [debug] [Thread-1 (]: Began compiling node model.vinfast.mart_charging_revenue
[0m15:49:27.319179 [debug] [Thread-1 (]: Writing injected SQL for node "model.vinfast.mart_charging_revenue"
[0m15:49:27.319179 [debug] [Thread-1 (]: Began executing node model.vinfast.mart_charging_revenue
[0m15:49:27.328555 [debug] [Thread-1 (]: Creating new relation mart_charging_revenue
[0m15:49:27.348648 [debug] [Thread-1 (]: dbt_clickhouse adapter: On model.vinfast.mart_charging_revenue: /* {"app": "dbt", "dbt_version": "1.12.3", "profile_name": "vinfast", "target_name": "docker", "node_id": "model.vinfast.mart_charging_revenue"} */

            

    
        create table `vinfast`.`mart_charging_revenue`
        
  
        
  engine = MergeTree()
        
      order by (tuple())
        
        
        
        
                    -- end_of_sql
                    SETTINGS replicated_deduplication_window='0'

                    
            empty
          as (
            

select
    station_id,
    charger_type,
    count(*) as session_count,
    sum(kwh_delivered) as total_kwh,
    sum(cost_vnd) as total_revenue_vnd,
    avg(kwh_delivered) as avg_kwh
from `vinfast`.`stg_charging_ext`
group by station_id, charger_type
          )
        
        ...
[0m15:49:27.410654 [debug] [Thread-1 (]: dbt_clickhouse adapter: SQL status: OK in 0.06 seconds
[0m15:49:27.420546 [debug] [Thread-1 (]: dbt_clickhouse adapter: On model.vinfast.mart_charging_revenue: /* {"app": "dbt", "dbt_version": "1.12.3", "profile_name": "vinfast", "target_name": "docker", "node_id": "model.vinfast.mart_charging_revenue"} */

    select name, type from system.columns where table = 'mart_charging_revenue'
    
      and database = 'vinfast'
    
    order by position
  ...
[0m15:49:27.468711 [debug] [Thread-1 (]: dbt_clickhouse adapter: SQL status: OK in 0.05 seconds
[0m15:49:27.468711 [debug] [Thread-1 (]: Writing runtime sql for node "model.vinfast.mart_charging_revenue"
[0m15:49:27.468711 [debug] [Thread-1 (]: dbt_clickhouse adapter: On model.vinfast.mart_charging_revenue: /* {"app": "dbt", "dbt_version": "1.12.3", "profile_name": "vinfast", "target_name": "docker", "node_id": "model.vinfast.mart_charging_revenue"} */

  
    
    
    
        
         


        insert into `vinfast`.`mart_charging_revenue`
        ("station_id", "charger_type", "session_count", "total_kwh", "total_revenue_vnd", "avg_kwh")

select
    station_id,
    charger_type,
    count(*) as session_count,
    sum(kwh_delivered) as total_kwh,
    sum(cost_vnd) as total_revenue_vnd,
    avg(kwh_delivered) as avg_kwh
from `vinfast`.`stg_charging_ext`
group by station_id, charger_type
  ...
[0m15:49:27.608361 [debug] [Thread-1 (]: dbt_clickhouse adapter: SQL status: OK in 0.13 seconds
[0m15:49:27.608361 [debug] [Thread-1 (]: Sending event: {'category': 'dbt', 'action': 'run_model', 'label': '53047d82-6f12-43c2-b85b-44abd9747b7a', 'context': [<snowplow_tracker.self_describing_json.SelfDescribingJson object at 0x000002866567ED70>]}
[0m15:49:27.608361 [info ] [Thread-1 (]: 9 of 16 OK created sql table model `vinfast`.`mart_charging_revenue` ........... [[32mOK[0m in 0.29s]
[0m15:49:27.608361 [debug] [Thread-1 (]: Finished running node model.vinfast.mart_charging_revenue
[0m15:49:27.608361 [debug] [Thread-1 (]: Began running node model.vinfast.mart_customer_360
[0m15:49:27.608361 [info ] [Thread-1 (]: 10 of 16 START sql table model `vinfast`.`mart_customer_360` ................... [RUN]
[0m15:49:27.608361 [debug] [Thread-1 (]: Re-using an available connection from the pool (formerly model.vinfast.mart_charging_revenue, now model.vinfast.mart_customer_360)
[0m15:49:27.608361 [debug] [Thread-1 (]: Began compiling node model.vinfast.mart_customer_360
[0m15:49:27.616606 [debug] [Thread-1 (]: Writing injected SQL for node "model.vinfast.mart_customer_360"
[0m15:49:27.616606 [debug] [Thread-1 (]: Began executing node model.vinfast.mart_customer_360
[0m15:49:27.618611 [debug] [Thread-1 (]: Creating new relation mart_customer_360
[0m15:49:27.620633 [debug] [Thread-1 (]: dbt_clickhouse adapter: On model.vinfast.mart_customer_360: /* {"app": "dbt", "dbt_version": "1.12.3", "profile_name": "vinfast", "target_name": "docker", "node_id": "model.vinfast.mart_customer_360"} */

            

    
        create table `vinfast`.`mart_customer_360`
        
  
        
  engine = MergeTree()
        
      order by (tuple())
        
        
        
        
                    -- end_of_sql
                    SETTINGS replicated_deduplication_window='0'

                    
            empty
          as (
            

with customers as (
    select * from `vinfast`.`stg_crm_customers`
),
interactions_agg as (
    select
        customer_id,
        count(*) as interaction_count,
        max(occurred_at) as last_interaction_at,
        countIf(type = 'test_drive') as test_drive_count
    from `vinfast`.`stg_crm_interactions`
    group by customer_id
),
orders as (
    select
        phone,
        count(*) as order_count,
        sum(price_vnd) as total_spent_vnd,
        max(sold_at) as last_purchase_at
    from `vinfast`.`stg_dms_sales_orders`
    group by phone
)

select
    c.customer_id as customer_id,
    c.phone as phone,
    c.name as name,
    c.email as email,
    c.status as status,
    c.city_code as city_code,
    c.registered_at as registered_at,
    coalesce(i.interaction_count, 0) as interaction_count,
    i.last_interaction_at,
    i.test_drive_count,
    coalesce(o.order_count, 0) as order_count,
    o.total_spent_vnd,
    o.last_purchase_at,
    case
        when o.order_count > 0 then 'customer'
        when coalesce(i.test_drive_count, 0) > 0 then 'prospect_hot'
        when coalesce(i.interaction_count, 0) > 2 then 'prospect_warm'
        else 'lead'
    end as lifecycle_stage
from customers c
left join interactions_agg i on c.customer_id = i.customer_id
left join orders o on c.phone = o.phone
          )
        
        ...
[0m15:49:27.628324 [debug] [Thread-1 (]: dbt_clickhouse adapter: SQL status: OK in 0.01 seconds
[0m15:49:27.638342 [debug] [Thread-1 (]: dbt_clickhouse adapter: On model.vinfast.mart_customer_360: /* {"app": "dbt", "dbt_version": "1.12.3", "profile_name": "vinfast", "target_name": "docker", "node_id": "model.vinfast.mart_customer_360"} */

    select name, type from system.columns where table = 'mart_customer_360'
    
      and database = 'vinfast'
    
    order by position
  ...
[0m15:49:27.688641 [debug] [Thread-1 (]: dbt_clickhouse adapter: SQL status: OK in 0.05 seconds
[0m15:49:27.688641 [debug] [Thread-1 (]: Writing runtime sql for node "model.vinfast.mart_customer_360"
[0m15:49:27.695285 [debug] [Thread-1 (]: dbt_clickhouse adapter: On model.vinfast.mart_customer_360: /* {"app": "dbt", "dbt_version": "1.12.3", "profile_name": "vinfast", "target_name": "docker", "node_id": "model.vinfast.mart_customer_360"} */

  
    
    
    
        
         


        insert into `vinfast`.`mart_customer_360`
        ("customer_id", "phone", "name", "email", "status", "city_code", "registered_at", "interaction_count", "last_interaction_at", "test_drive_count", "order_count", "total_spent_vnd", "last_purchase_at", "lifecycle_stage")

with customers as (
    select * from `vinfast`.`stg_crm_customers`
),
interactions_agg as (
    select
        customer_id,
        count(*) as interaction_count,
        max(occurred_at) as last_interaction_at,
        countIf(type = 'test_drive') as test_drive_count
    from `vinfast`.`stg_crm_interactions`
    group by customer_id
),
orders as (
    select
        phone,
        count(*) as order_count,
        sum(price_vnd) as total_spent_vnd,
        max(sold_at) as last_purchase_at
    from `vinfast`.`stg_dms_sales_orders`
    group by phone
)

select
    c.customer_id as customer_id,
    c.phone as phone,
    c.name as name,
    c.email as email,
    c.status as status,
    c.city_code as city_code,
    c.registered_at as registered_at,
    coalesce(i.interaction_count, 0) as interaction_count,
    i.last_interaction_at,
    i.test_drive_count,
    coalesce(o.order_count, 0) as order_count,
    o.total_spent_vnd,
    o.last_purchase_at,
    case
        when o.order_count > 0 then 'customer'
        when coalesce(i.test_drive_count, 0) > 0 then 'prospect_hot'
        when coalesce(i.interaction_count, 0) > 2 then 'prospect_warm'
        else 'lead'
    end as lifecycle_stage
from customers c
left join interactions_agg i on c.customer_id = i.customer_id
left join orders o on c.phone = o.phone
  ...
[0m15:49:27.788600 [debug] [Thread-1 (]: dbt_clickhouse adapter: SQL status: OK in 0.09 seconds
[0m15:49:27.788600 [debug] [Thread-1 (]: Sending event: {'category': 'dbt', 'action': 'run_model', 'label': '53047d82-6f12-43c2-b85b-44abd9747b7a', 'context': [<snowplow_tracker.self_describing_json.SelfDescribingJson object at 0x0000028664BD2BC0>]}
[0m15:49:27.788600 [info ] [Thread-1 (]: 10 of 16 OK created sql table model `vinfast`.`mart_customer_360` .............. [[32mOK[0m in 0.18s]
[0m15:49:27.788600 [debug] [Thread-1 (]: Finished running node model.vinfast.mart_customer_360
[0m15:49:27.788600 [debug] [Thread-1 (]: Began running node model.vinfast.mart_sales_pipeline
[0m15:49:27.788600 [info ] [Thread-1 (]: 11 of 16 START sql table model `vinfast`.`mart_sales_pipeline` ................. [RUN]
[0m15:49:27.788600 [debug] [Thread-1 (]: Re-using an available connection from the pool (formerly model.vinfast.mart_customer_360, now model.vinfast.mart_sales_pipeline)
[0m15:49:27.788600 [debug] [Thread-1 (]: Began compiling node model.vinfast.mart_sales_pipeline
[0m15:49:27.788600 [debug] [Thread-1 (]: Writing injected SQL for node "model.vinfast.mart_sales_pipeline"
[0m15:49:27.788600 [debug] [Thread-1 (]: Began executing node model.vinfast.mart_sales_pipeline
[0m15:49:27.798069 [debug] [Thread-1 (]: Creating new relation mart_sales_pipeline
[0m15:49:27.798581 [debug] [Thread-1 (]: dbt_clickhouse adapter: On model.vinfast.mart_sales_pipeline: /* {"app": "dbt", "dbt_version": "1.12.3", "profile_name": "vinfast", "target_name": "docker", "node_id": "model.vinfast.mart_sales_pipeline"} */

            

    
        create table `vinfast`.`mart_sales_pipeline`
        
  
        
  engine = MergeTree()
        
      order by (tuple())
        
        
        
        
                    -- end_of_sql
                    SETTINGS replicated_deduplication_window='0'

                    
            empty
          as (
            

select
    d.dealer_id,
    d.name as dealer_name,
    d.city_code,
    d.type as dealer_type,
    count(s.order_id) as order_count,
    countIf(s.model in ('VF3','VF5','VFe34','VF6','VF7','VF8','VF9')) as car_orders,
    countIf(s.model like 'VF_%') as bike_orders,
    sum(s.price_vnd) as total_revenue_vnd,
    avg(s.price_vnd) as avg_order_value_vnd,
    min(s.sold_at) as first_sale_at,
    max(s.sold_at) as last_sale_at
from `vinfast`.`stg_dms_dealers` d
left join `vinfast`.`stg_dms_sales_orders` s on d.dealer_id = s.dealer_id
group by d.dealer_id, d.name, d.city_code, d.type
order by total_revenue_vnd desc
          )
        
        ...
[0m15:49:27.808504 [debug] [Thread-1 (]: dbt_clickhouse adapter: SQL status: OK in 0.01 seconds
[0m15:49:27.813153 [debug] [Thread-1 (]: dbt_clickhouse adapter: On model.vinfast.mart_sales_pipeline: /* {"app": "dbt", "dbt_version": "1.12.3", "profile_name": "vinfast", "target_name": "docker", "node_id": "model.vinfast.mart_sales_pipeline"} */

    select name, type from system.columns where table = 'mart_sales_pipeline'
    
      and database = 'vinfast'
    
    order by position
  ...
[0m15:49:27.860248 [debug] [Thread-1 (]: dbt_clickhouse adapter: SQL status: OK in 0.05 seconds
[0m15:49:27.860248 [debug] [Thread-1 (]: Writing runtime sql for node "model.vinfast.mart_sales_pipeline"
[0m15:49:27.860248 [debug] [Thread-1 (]: dbt_clickhouse adapter: On model.vinfast.mart_sales_pipeline: /* {"app": "dbt", "dbt_version": "1.12.3", "profile_name": "vinfast", "target_name": "docker", "node_id": "model.vinfast.mart_sales_pipeline"} */

  
    
    
    
        
         


        insert into `vinfast`.`mart_sales_pipeline`
        ("dealer_id", "dealer_name", "city_code", "dealer_type", "order_count", "car_orders", "bike_orders", "total_revenue_vnd", "avg_order_value_vnd", "first_sale_at", "last_sale_at")

select
    d.dealer_id,
    d.name as dealer_name,
    d.city_code,
    d.type as dealer_type,
    count(s.order_id) as order_count,
    countIf(s.model in ('VF3','VF5','VFe34','VF6','VF7','VF8','VF9')) as car_orders,
    countIf(s.model like 'VF_%') as bike_orders,
    sum(s.price_vnd) as total_revenue_vnd,
    avg(s.price_vnd) as avg_order_value_vnd,
    min(s.sold_at) as first_sale_at,
    max(s.sold_at) as last_sale_at
from `vinfast`.`stg_dms_dealers` d
left join `vinfast`.`stg_dms_sales_orders` s on d.dealer_id = s.dealer_id
group by d.dealer_id, d.name, d.city_code, d.type
order by total_revenue_vnd desc
  ...
[0m15:49:27.939518 [debug] [Thread-1 (]: dbt_clickhouse adapter: SQL status: OK in 0.07 seconds
[0m15:49:27.939518 [debug] [Thread-1 (]: Sending event: {'category': 'dbt', 'action': 'run_model', 'label': '53047d82-6f12-43c2-b85b-44abd9747b7a', 'context': [<snowplow_tracker.self_describing_json.SelfDescribingJson object at 0x0000028666C8D1B0>]}
[0m15:49:27.939518 [info ] [Thread-1 (]: 11 of 16 OK created sql table model `vinfast`.`mart_sales_pipeline` ............ [[32mOK[0m in 0.15s]
[0m15:49:27.946362 [debug] [Thread-1 (]: Finished running node model.vinfast.mart_sales_pipeline
[0m15:49:27.946362 [debug] [Thread-1 (]: Began running node model.vinfast.int_trip_segments
[0m15:49:27.946362 [info ] [Thread-1 (]: 12 of 16 START sql table model `vinfast`.`int_trip_segments` ................... [RUN]
[0m15:49:27.948366 [debug] [Thread-1 (]: Re-using an available connection from the pool (formerly model.vinfast.mart_sales_pipeline, now model.vinfast.int_trip_segments)
[0m15:49:27.948366 [debug] [Thread-1 (]: Began compiling node model.vinfast.int_trip_segments
[0m15:49:27.948366 [debug] [Thread-1 (]: Writing injected SQL for node "model.vinfast.int_trip_segments"
[0m15:49:27.948366 [debug] [Thread-1 (]: Began executing node model.vinfast.int_trip_segments
[0m15:49:27.952189 [debug] [Thread-1 (]: Creating new relation int_trip_segments
[0m15:49:27.954208 [debug] [Thread-1 (]: dbt_clickhouse adapter: On model.vinfast.int_trip_segments: /* {"app": "dbt", "dbt_version": "1.12.3", "profile_name": "vinfast", "target_name": "docker", "node_id": "model.vinfast.int_trip_segments"} */

            

    
        create table `vinfast`.`int_trip_segments`
        
  
        
  engine = MergeTree()
        
      order by (tuple())
        
        
        
        
                    -- end_of_sql
                    SETTINGS replicated_deduplication_window='0'

                    
            empty
          as (
            

-- Detect trips via gap > 300s (5 min) using ClickHouse window functions
-- Filter: max(speed) > 5 and duration >= 120s

with ordered as (
    select
        vehicle_id,
        event_timestamp,
        speed_kmh,
        odometer_km,
        battery_soc_pct,
        latitude,
        longitude,
        lagInFrame(event_timestamp) over (partition by vehicle_id order by event_timestamp) as prev_ts,
        lagInFrame(odometer_km) over (partition by vehicle_id order by event_timestamp) as prev_odo
    from `vinfast`.`stg_telemetry`
    where is_driving = true
),
with_gap as (
    select
        *,
        if(dateDiff('second', prev_ts, event_timestamp) > 300, 1, 0) as is_new_trip
    from ordered
),
with_trip_id as (
    select
        *,
        sum(is_new_trip) over (partition by vehicle_id order by event_timestamp rows between unbounded preceding and current row) as trip_seq
    from with_gap
),
grouped as (
    select
        vehicle_id,
        trip_seq,
        min(event_timestamp) as started_at,
        max(event_timestamp) as ended_at,
        dateDiff('second', min(event_timestamp), max(event_timestamp)) as duration_sec,
        count(*) as event_count,
        max(speed_kmh) as max_speed_kmh,
        avgIf(speed_kmh, speed_kmh > 2) as avg_moving_speed_kmh,
        min(odometer_km) as odo_start,
        max(odometer_km) as odo_end,
        min(battery_soc_pct) as soc_min,
        max(battery_soc_pct) as soc_max,
        -- SoC at start/end using argMin/argMax (ClickHouse cannot nest aggregates)
        argMin(battery_soc_pct, event_timestamp) as soc_start_pct,
        argMax(battery_soc_pct, event_timestamp) as soc_end_pct,
        argMin(latitude, event_timestamp) as start_lat,
        argMin(longitude, event_timestamp) as start_lon,
        argMax(latitude, event_timestamp) as end_lat,
        argMax(longitude, event_timestamp) as end_lon
    from with_trip_id
    group by vehicle_id, trip_seq
)
select
    concat(vehicle_id, '-', toString(started_at)) as trip_id,
    vehicle_id,
    started_at,
    ended_at,
    duration_sec / 60.0 as duration_min,
    odo_end - odo_start as distance_km,
    max_speed_kmh,
    avg_moving_speed_kmh,
    soc_start_pct,
    soc_end_pct,
    soc_start_pct - soc_end_pct as soc_drop_pct,
    start_lat,
    start_lon,
    end_lat,
    end_lon
from grouped
where max_speed_kmh > 5
  and duration_sec >= 120
          )
        
        ...
[0m15:49:28.028537 [debug] [Thread-1 (]: dbt_clickhouse adapter: SQL status: OK in 0.07 seconds
[0m15:49:28.028537 [debug] [Thread-1 (]: dbt_clickhouse adapter: On model.vinfast.int_trip_segments: /* {"app": "dbt", "dbt_version": "1.12.3", "profile_name": "vinfast", "target_name": "docker", "node_id": "model.vinfast.int_trip_segments"} */

    select name, type from system.columns where table = 'int_trip_segments'
    
      and database = 'vinfast'
    
    order by position
  ...
[0m15:49:28.078548 [debug] [Thread-1 (]: dbt_clickhouse adapter: SQL status: OK in 0.05 seconds
[0m15:49:28.081851 [debug] [Thread-1 (]: Writing runtime sql for node "model.vinfast.int_trip_segments"
[0m15:49:28.083867 [debug] [Thread-1 (]: dbt_clickhouse adapter: On model.vinfast.int_trip_segments: /* {"app": "dbt", "dbt_version": "1.12.3", "profile_name": "vinfast", "target_name": "docker", "node_id": "model.vinfast.int_trip_segments"} */

  
    
    
    
        
         


        insert into `vinfast`.`int_trip_segments`
        ("trip_id", "vehicle_id", "started_at", "ended_at", "duration_min", "distance_km", "max_speed_kmh", "avg_moving_speed_kmh", "soc_start_pct", "soc_end_pct", "soc_drop_pct", "start_lat", "start_lon", "end_lat", "end_lon")

-- Detect trips via gap > 300s (5 min) using ClickHouse window functions
-- Filter: max(speed) > 5 and duration >= 120s

with ordered as (
    select
        vehicle_id,
        event_timestamp,
        speed_kmh,
        odometer_km,
        battery_soc_pct,
        latitude,
        longitude,
        lagInFrame(event_timestamp) over (partition by vehicle_id order by event_timestamp) as prev_ts,
        lagInFrame(odometer_km) over (partition by vehicle_id order by event_timestamp) as prev_odo
    from `vinfast`.`stg_telemetry`
    where is_driving = true
),
with_gap as (
    select
        *,
        if(dateDiff('second', prev_ts, event_timestamp) > 300, 1, 0) as is_new_trip
    from ordered
),
with_trip_id as (
    select
        *,
        sum(is_new_trip) over (partition by vehicle_id order by event_timestamp rows between unbounded preceding and current row) as trip_seq
    from with_gap
),
grouped as (
    select
        vehicle_id,
        trip_seq,
        min(event_timestamp) as started_at,
        max(event_timestamp) as ended_at,
        dateDiff('second', min(event_timestamp), max(event_timestamp)) as duration_sec,
        count(*) as event_count,
        max(speed_kmh) as max_speed_kmh,
        avgIf(speed_kmh, speed_kmh > 2) as avg_moving_speed_kmh,
        min(odometer_km) as odo_start,
        max(odometer_km) as odo_end,
        min(battery_soc_pct) as soc_min,
        max(battery_soc_pct) as soc_max,
        -- SoC at start/end using argMin/argMax (ClickHouse cannot nest aggregates)
        argMin(battery_soc_pct, event_timestamp) as soc_start_pct,
        argMax(battery_soc_pct, event_timestamp) as soc_end_pct,
        argMin(latitude, event_timestamp) as start_lat,
        argMin(longitude, event_timestamp) as start_lon,
        argMax(latitude, event_timestamp) as end_lat,
        argMax(longitude, event_timestamp) as end_lon
    from with_trip_id
    group by vehicle_id, trip_seq
)
select
    concat(vehicle_id, '-', toString(started_at)) as trip_id,
    vehicle_id,
    started_at,
    ended_at,
    duration_sec / 60.0 as duration_min,
    odo_end - odo_start as distance_km,
    max_speed_kmh,
    avg_moving_speed_kmh,
    soc_start_pct,
    soc_end_pct,
    soc_start_pct - soc_end_pct as soc_drop_pct,
    start_lat,
    start_lon,
    end_lat,
    end_lon
from grouped
where max_speed_kmh > 5
  and duration_sec >= 120
  ...
[0m15:49:28.168628 [debug] [Thread-1 (]: dbt_clickhouse adapter: SQL status: OK in 0.08 seconds
[0m15:49:28.178415 [debug] [Thread-1 (]: Sending event: {'category': 'dbt', 'action': 'run_model', 'label': '53047d82-6f12-43c2-b85b-44abd9747b7a', 'context': [<snowplow_tracker.self_describing_json.SelfDescribingJson object at 0x0000028666B0F940>]}
[0m15:49:28.178415 [info ] [Thread-1 (]: 12 of 16 OK created sql table model `vinfast`.`int_trip_segments` .............. [[32mOK[0m in 0.23s]
[0m15:49:28.178415 [debug] [Thread-1 (]: Finished running node model.vinfast.int_trip_segments
[0m15:49:28.178415 [debug] [Thread-1 (]: Began running node model.vinfast.int_vehicle_daily_stats
[0m15:49:28.178415 [info ] [Thread-1 (]: 13 of 16 START sql table model `vinfast`.`int_vehicle_daily_stats` ............. [RUN]
[0m15:49:28.178415 [debug] [Thread-1 (]: Re-using an available connection from the pool (formerly model.vinfast.int_trip_segments, now model.vinfast.int_vehicle_daily_stats)
[0m15:49:28.178415 [debug] [Thread-1 (]: Began compiling node model.vinfast.int_vehicle_daily_stats
[0m15:49:28.182711 [debug] [Thread-1 (]: Writing injected SQL for node "model.vinfast.int_vehicle_daily_stats"
[0m15:49:28.182711 [debug] [Thread-1 (]: Began executing node model.vinfast.int_vehicle_daily_stats
[0m15:49:28.185437 [debug] [Thread-1 (]: Creating new relation int_vehicle_daily_stats
[0m15:49:28.185437 [debug] [Thread-1 (]: dbt_clickhouse adapter: On model.vinfast.int_vehicle_daily_stats: /* {"app": "dbt", "dbt_version": "1.12.3", "profile_name": "vinfast", "target_name": "docker", "node_id": "model.vinfast.int_vehicle_daily_stats"} */

            

    
        create table `vinfast`.`int_vehicle_daily_stats`
        
  
        
  engine = MergeTree()
        
      order by (tuple())
        
        
        
        
                    -- end_of_sql
                    SETTINGS replicated_deduplication_window='0'

                    
            empty
          as (
            

select
    vehicle_id,
    toDate(event_timestamp) as activity_date,
    count(*) as event_count,
    avg(battery_soc_pct) as avg_soc_pct,
    max(speed_kmh) as max_speed_kmh,
    max(odometer_km) - min(odometer_km) as distance_km,
    countIf(is_charging) as charging_events_count,
    max(if(tire_pressure_alert, 1, 0)) as had_tire_pressure_alert,
    max(if(battery_temp_alert, 1, 0)) as had_battery_temp_alert,
    max(if(high_speed_event, 1, 0)) as had_high_speed_event,
    max(if(hard_brake_event, 1, 0)) as had_hard_brake_event
from `vinfast`.`stg_telemetry`
group by vehicle_id, activity_date
          )
        
        ...
[0m15:49:28.198490 [debug] [Thread-1 (]: dbt_clickhouse adapter: SQL status: OK in 0.01 seconds
[0m15:49:28.198490 [debug] [Thread-1 (]: dbt_clickhouse adapter: On model.vinfast.int_vehicle_daily_stats: /* {"app": "dbt", "dbt_version": "1.12.3", "profile_name": "vinfast", "target_name": "docker", "node_id": "model.vinfast.int_vehicle_daily_stats"} */

    select name, type from system.columns where table = 'int_vehicle_daily_stats'
    
      and database = 'vinfast'
    
    order by position
  ...
[0m15:49:28.238556 [debug] [Thread-1 (]: dbt_clickhouse adapter: SQL status: OK in 0.04 seconds
[0m15:49:28.248848 [debug] [Thread-1 (]: Writing runtime sql for node "model.vinfast.int_vehicle_daily_stats"
[0m15:49:28.252783 [debug] [Thread-1 (]: dbt_clickhouse adapter: On model.vinfast.int_vehicle_daily_stats: /* {"app": "dbt", "dbt_version": "1.12.3", "profile_name": "vinfast", "target_name": "docker", "node_id": "model.vinfast.int_vehicle_daily_stats"} */

  
    
    
    
        
         


        insert into `vinfast`.`int_vehicle_daily_stats`
        ("vehicle_id", "activity_date", "event_count", "avg_soc_pct", "max_speed_kmh", "distance_km", "charging_events_count", "had_tire_pressure_alert", "had_battery_temp_alert", "had_high_speed_event", "had_hard_brake_event")

select
    vehicle_id,
    toDate(event_timestamp) as activity_date,
    count(*) as event_count,
    avg(battery_soc_pct) as avg_soc_pct,
    max(speed_kmh) as max_speed_kmh,
    max(odometer_km) - min(odometer_km) as distance_km,
    countIf(is_charging) as charging_events_count,
    max(if(tire_pressure_alert, 1, 0)) as had_tire_pressure_alert,
    max(if(battery_temp_alert, 1, 0)) as had_battery_temp_alert,
    max(if(high_speed_event, 1, 0)) as had_high_speed_event,
    max(if(hard_brake_event, 1, 0)) as had_hard_brake_event
from `vinfast`.`stg_telemetry`
group by vehicle_id, activity_date
  ...
[0m15:49:28.358507 [debug] [Thread-1 (]: dbt_clickhouse adapter: SQL status: OK in 0.11 seconds
[0m15:49:28.358507 [debug] [Thread-1 (]: Sending event: {'category': 'dbt', 'action': 'run_model', 'label': '53047d82-6f12-43c2-b85b-44abd9747b7a', 'context': [<snowplow_tracker.self_describing_json.SelfDescribingJson object at 0x00000286667C1AB0>]}
[0m15:49:28.366370 [info ] [Thread-1 (]: 13 of 16 OK created sql table model `vinfast`.`int_vehicle_daily_stats` ........ [[32mOK[0m in 0.18s]
[0m15:49:28.368406 [debug] [Thread-1 (]: Finished running node model.vinfast.int_vehicle_daily_stats
[0m15:49:28.369944 [debug] [Thread-1 (]: Began running node model.vinfast.mart_charging_analytics
[0m15:49:28.369944 [info ] [Thread-1 (]: 14 of 16 START sql table model `vinfast`.`mart_charging_analytics` ............. [RUN]
[0m15:49:28.369944 [debug] [Thread-1 (]: Re-using an available connection from the pool (formerly model.vinfast.int_vehicle_daily_stats, now model.vinfast.mart_charging_analytics)
[0m15:49:28.373052 [debug] [Thread-1 (]: Began compiling node model.vinfast.mart_charging_analytics
[0m15:49:28.375876 [debug] [Thread-1 (]: Writing injected SQL for node "model.vinfast.mart_charging_analytics"
[0m15:49:28.378791 [debug] [Thread-1 (]: Began executing node model.vinfast.mart_charging_analytics
[0m15:49:28.378791 [debug] [Thread-1 (]: Creating new relation mart_charging_analytics
[0m15:49:28.381695 [debug] [Thread-1 (]: dbt_clickhouse adapter: On model.vinfast.mart_charging_analytics: /* {"app": "dbt", "dbt_version": "1.12.3", "profile_name": "vinfast", "target_name": "docker", "node_id": "model.vinfast.mart_charging_analytics"} */

            

    
        create table `vinfast`.`mart_charging_analytics`
        
  
        
  engine = MergeTree()
        
      order by (tuple())
        
        
        
        
                    -- end_of_sql
                    SETTINGS replicated_deduplication_window='0'

                    
            empty
          as (
            

select
    s.session_id as session_id,
    s.vehicle_id as vehicle_id,
    v.model as model,
    v.city_code as city_code,
    s.station_id as station_id,
    s.charger_type as charger_type,
    s.started_at as started_at,
    s.ended_at as ended_at,
    s.duration_min as duration_min,
    s.duration_hours as duration_hours,
    s.kwh_delivered as kwh_delivered,
    s.start_soc_pct as start_soc_pct,
    s.end_soc_pct as end_soc_pct,
    s.cost_vnd as cost_vnd,
    s.payment_method as payment_method,
    s.is_fast_charge as is_fast_charge,
    s.avg_power_kw as avg_power_kw,
    s.cost_per_kwh_vnd as cost_per_kwh_vnd,
    s.charge_efficiency_pct as charge_efficiency_pct
from `vinfast`.`stg_charging_sessions` as s
left join `vinfast`.`stg_vehicles` as v
    on s.vehicle_id = v.vehicle_id
          )
        
        ...
[0m15:49:28.397734 [debug] [Thread-1 (]: dbt_clickhouse adapter: SQL status: OK in 0.02 seconds
[0m15:49:28.398738 [debug] [Thread-1 (]: dbt_clickhouse adapter: On model.vinfast.mart_charging_analytics: /* {"app": "dbt", "dbt_version": "1.12.3", "profile_name": "vinfast", "target_name": "docker", "node_id": "model.vinfast.mart_charging_analytics"} */

    select name, type from system.columns where table = 'mart_charging_analytics'
    
      and database = 'vinfast'
    
    order by position
  ...
[0m15:49:28.448394 [debug] [Thread-1 (]: dbt_clickhouse adapter: SQL status: OK in 0.05 seconds
[0m15:49:28.450193 [debug] [Thread-1 (]: Writing runtime sql for node "model.vinfast.mart_charging_analytics"
[0m15:49:28.450193 [debug] [Thread-1 (]: dbt_clickhouse adapter: On model.vinfast.mart_charging_analytics: /* {"app": "dbt", "dbt_version": "1.12.3", "profile_name": "vinfast", "target_name": "docker", "node_id": "model.vinfast.mart_charging_analytics"} */

  
    
    
    
        
         


        insert into `vinfast`.`mart_charging_analytics`
        ("session_id", "vehicle_id", "model", "city_code", "station_id", "charger_type", "started_at", "ended_at", "duration_min", "duration_hours", "kwh_delivered", "start_soc_pct", "end_soc_pct", "cost_vnd", "payment_method", "is_fast_charge", "avg_power_kw", "cost_per_kwh_vnd", "charge_efficiency_pct")

select
    s.session_id as session_id,
    s.vehicle_id as vehicle_id,
    v.model as model,
    v.city_code as city_code,
    s.station_id as station_id,
    s.charger_type as charger_type,
    s.started_at as started_at,
    s.ended_at as ended_at,
    s.duration_min as duration_min,
    s.duration_hours as duration_hours,
    s.kwh_delivered as kwh_delivered,
    s.start_soc_pct as start_soc_pct,
    s.end_soc_pct as end_soc_pct,
    s.cost_vnd as cost_vnd,
    s.payment_method as payment_method,
    s.is_fast_charge as is_fast_charge,
    s.avg_power_kw as avg_power_kw,
    s.cost_per_kwh_vnd as cost_per_kwh_vnd,
    s.charge_efficiency_pct as charge_efficiency_pct
from `vinfast`.`stg_charging_sessions` as s
left join `vinfast`.`stg_vehicles` as v
    on s.vehicle_id = v.vehicle_id
  ...
[0m15:49:28.528522 [debug] [Thread-1 (]: dbt_clickhouse adapter: SQL status: OK in 0.08 seconds
[0m15:49:28.532294 [debug] [Thread-1 (]: Sending event: {'category': 'dbt', 'action': 'run_model', 'label': '53047d82-6f12-43c2-b85b-44abd9747b7a', 'context': [<snowplow_tracker.self_describing_json.SelfDescribingJson object at 0x00000286667C1AB0>]}
[0m15:49:28.532294 [info ] [Thread-1 (]: 14 of 16 OK created sql table model `vinfast`.`mart_charging_analytics` ........ [[32mOK[0m in 0.16s]
[0m15:49:28.532294 [debug] [Thread-1 (]: Finished running node model.vinfast.mart_charging_analytics
[0m15:49:28.532294 [debug] [Thread-1 (]: Began running node model.vinfast.mart_daily_fleet
[0m15:49:28.532294 [info ] [Thread-1 (]: 15 of 16 START sql table model `vinfast`.`mart_daily_fleet` .................... [RUN]
[0m15:49:28.532294 [debug] [Thread-1 (]: Re-using an available connection from the pool (formerly model.vinfast.mart_charging_analytics, now model.vinfast.mart_daily_fleet)
[0m15:49:28.532294 [debug] [Thread-1 (]: Began compiling node model.vinfast.mart_daily_fleet
[0m15:49:28.538325 [debug] [Thread-1 (]: Writing injected SQL for node "model.vinfast.mart_daily_fleet"
[0m15:49:28.538325 [debug] [Thread-1 (]: Began executing node model.vinfast.mart_daily_fleet
[0m15:49:28.540287 [debug] [Thread-1 (]: Creating new relation mart_daily_fleet
[0m15:49:28.542291 [debug] [Thread-1 (]: dbt_clickhouse adapter: On model.vinfast.mart_daily_fleet: /* {"app": "dbt", "dbt_version": "1.12.3", "profile_name": "vinfast", "target_name": "docker", "node_id": "model.vinfast.mart_daily_fleet"} */

            

    
        create table `vinfast`.`mart_daily_fleet`
        
  
        
  engine = MergeTree()
        
      order by (tuple())
        
        
        
        
                    -- end_of_sql
                    SETTINGS replicated_deduplication_window='0'

                    
            empty
          as (
            

with daily as (
    select * from `vinfast`.`int_vehicle_daily_stats`
),
trips as (
    select
        toDate(started_at) as activity_date,
        count(*) as total_trips,
        sum(distance_km) as total_distance_km
    from `vinfast`.`int_trip_segments`
    group by activity_date
),
charging as (
    select
        toDate(started_at) as activity_date,
        count(*) as total_charging_sessions,
        sum(kwh_delivered) as total_kwh_charged
    from `vinfast`.`stg_charging_sessions`
    group by activity_date
)
select
    d.activity_date as activity_date,
    countDistinct(d.vehicle_id) as active_vehicles,
    coalesce(t.total_trips, 0) as total_trips,
    coalesce(t.total_distance_km, 0) as total_distance_km,
    avg(d.avg_soc_pct) as avg_fleet_soc_pct,
    coalesce(c.total_charging_sessions, 0) as total_charging_sessions,
    coalesce(c.total_kwh_charged, 0) as total_kwh_charged,
    countIf(d.had_tire_pressure_alert = 1) as vehicles_with_tire_alert,
    countIf(d.had_battery_temp_alert = 1) as vehicles_with_temp_alert
from daily as d
left join trips as t on d.activity_date = t.activity_date
left join charging as c on d.activity_date = c.activity_date
group by d.activity_date, t.total_trips, t.total_distance_km, c.total_charging_sessions, c.total_kwh_charged
order by d.activity_date
          )
        
        ...
[0m15:49:28.598735 [debug] [Thread-1 (]: dbt_clickhouse adapter: SQL status: OK in 0.06 seconds
[0m15:49:28.600748 [debug] [Thread-1 (]: dbt_clickhouse adapter: On model.vinfast.mart_daily_fleet: /* {"app": "dbt", "dbt_version": "1.12.3", "profile_name": "vinfast", "target_name": "docker", "node_id": "model.vinfast.mart_daily_fleet"} */

    select name, type from system.columns where table = 'mart_daily_fleet'
    
      and database = 'vinfast'
    
    order by position
  ...
[0m15:49:28.648429 [debug] [Thread-1 (]: dbt_clickhouse adapter: SQL status: OK in 0.05 seconds
[0m15:49:28.650449 [debug] [Thread-1 (]: Writing runtime sql for node "model.vinfast.mart_daily_fleet"
[0m15:49:28.650449 [debug] [Thread-1 (]: dbt_clickhouse adapter: On model.vinfast.mart_daily_fleet: /* {"app": "dbt", "dbt_version": "1.12.3", "profile_name": "vinfast", "target_name": "docker", "node_id": "model.vinfast.mart_daily_fleet"} */

  
    
    
    
        
         


        insert into `vinfast`.`mart_daily_fleet`
        ("activity_date", "active_vehicles", "total_trips", "total_distance_km", "avg_fleet_soc_pct", "total_charging_sessions", "total_kwh_charged", "vehicles_with_tire_alert", "vehicles_with_temp_alert")

with daily as (
    select * from `vinfast`.`int_vehicle_daily_stats`
),
trips as (
    select
        toDate(started_at) as activity_date,
        count(*) as total_trips,
        sum(distance_km) as total_distance_km
    from `vinfast`.`int_trip_segments`
    group by activity_date
),
charging as (
    select
        toDate(started_at) as activity_date,
        count(*) as total_charging_sessions,
        sum(kwh_delivered) as total_kwh_charged
    from `vinfast`.`stg_charging_sessions`
    group by activity_date
)
select
    d.activity_date as activity_date,
    countDistinct(d.vehicle_id) as active_vehicles,
    coalesce(t.total_trips, 0) as total_trips,
    coalesce(t.total_distance_km, 0) as total_distance_km,
    avg(d.avg_soc_pct) as avg_fleet_soc_pct,
    coalesce(c.total_charging_sessions, 0) as total_charging_sessions,
    coalesce(c.total_kwh_charged, 0) as total_kwh_charged,
    countIf(d.had_tire_pressure_alert = 1) as vehicles_with_tire_alert,
    countIf(d.had_battery_temp_alert = 1) as vehicles_with_temp_alert
from daily as d
left join trips as t on d.activity_date = t.activity_date
left join charging as c on d.activity_date = c.activity_date
group by d.activity_date, t.total_trips, t.total_distance_km, c.total_charging_sessions, c.total_kwh_charged
order by d.activity_date
  ...
[0m15:49:28.722306 [debug] [Thread-1 (]: dbt_clickhouse adapter: SQL status: OK in 0.07 seconds
[0m15:49:28.723809 [debug] [Thread-1 (]: Sending event: {'category': 'dbt', 'action': 'run_model', 'label': '53047d82-6f12-43c2-b85b-44abd9747b7a', 'context': [<snowplow_tracker.self_describing_json.SelfDescribingJson object at 0x0000028666B0F940>]}
[0m15:49:28.723809 [info ] [Thread-1 (]: 15 of 16 OK created sql table model `vinfast`.`mart_daily_fleet` ............... [[32mOK[0m in 0.19s]
[0m15:49:28.725812 [debug] [Thread-1 (]: Finished running node model.vinfast.mart_daily_fleet
[0m15:49:28.725812 [debug] [Thread-1 (]: Began running node model.vinfast.mart_vehicle_360
[0m15:49:28.725812 [info ] [Thread-1 (]: 16 of 16 START sql table model `vinfast`.`mart_vehicle_360` .................... [RUN]
[0m15:49:28.725812 [debug] [Thread-1 (]: Re-using an available connection from the pool (formerly model.vinfast.mart_daily_fleet, now model.vinfast.mart_vehicle_360)
[0m15:49:28.725812 [debug] [Thread-1 (]: Began compiling node model.vinfast.mart_vehicle_360
[0m15:49:28.728323 [debug] [Thread-1 (]: Writing injected SQL for node "model.vinfast.mart_vehicle_360"
[0m15:49:28.730268 [debug] [Thread-1 (]: Began executing node model.vinfast.mart_vehicle_360
[0m15:49:28.732614 [debug] [Thread-1 (]: Creating new relation mart_vehicle_360
[0m15:49:28.732614 [debug] [Thread-1 (]: dbt_clickhouse adapter: On model.vinfast.mart_vehicle_360: /* {"app": "dbt", "dbt_version": "1.12.3", "profile_name": "vinfast", "target_name": "docker", "node_id": "model.vinfast.mart_vehicle_360"} */

            

    
        create table `vinfast`.`mart_vehicle_360`
        
  
        
  engine = MergeTree()
        
      order by (tuple())
        
        
        
        
                    -- end_of_sql
                    SETTINGS replicated_deduplication_window='0'

                    
            empty
          as (
            

with daily as (
    select * from `vinfast`.`int_vehicle_daily_stats`
),
charging as (
    select
        vehicle_id,
        count(*) as total_charging_sessions,
        sum(kwh_delivered) as total_kwh_charged
    from `vinfast`.`stg_charging_sessions`
    group by vehicle_id
),
telemetry_agg as (
    select
        vehicle_id,
        max(odometer_km) as latest_odometer_km,
        min(odometer_km) as earliest_odometer_km,
        avg(battery_soc_pct) as lifetime_avg_soc_pct,
        min(event_timestamp) as first_seen,
        max(event_timestamp) as last_seen
    from `vinfast`.`stg_telemetry`
    group by vehicle_id
)
select
    v.vehicle_id as vehicle_id,
    v.model as model,
    v.type as type,
    v.city_code as city_code,
    v.battery_kwh as battery_kwh,
    v.battery_soh_pct as current_soh_pct,
    coalesce(t.latest_odometer_km - v.odometer_start_km, 0) as total_distance_km,
    any(t.lifetime_avg_soc_pct) as lifetime_avg_soc_pct,
    coalesce(any(c.total_charging_sessions), 0) as total_charging_sessions,
    coalesce(any(c.total_kwh_charged), 0) as total_kwh_charged,
    max(d.had_tire_pressure_alert) as had_tire_pressure_alert,
    max(d.had_battery_temp_alert) as had_battery_temp_alert,
    countDistinct(d.activity_date) as total_active_days,
    toDate(any(t.first_seen)) as first_seen_date,
    toDate(any(t.last_seen)) as last_seen_date
from `vinfast`.`stg_vehicles` as v
left join telemetry_agg as t on v.vehicle_id = t.vehicle_id
left join daily as d on v.vehicle_id = d.vehicle_id
left join charging as c on v.vehicle_id = c.vehicle_id
group by
    v.vehicle_id, v.model, v.type, v.city_code, v.battery_kwh, v.battery_soh_pct,
    v.odometer_start_km, t.latest_odometer_km
          )
        
        ...
[0m15:49:28.790708 [debug] [Thread-1 (]: dbt_clickhouse adapter: SQL status: OK in 0.06 seconds
[0m15:49:28.790708 [debug] [Thread-1 (]: dbt_clickhouse adapter: On model.vinfast.mart_vehicle_360: /* {"app": "dbt", "dbt_version": "1.12.3", "profile_name": "vinfast", "target_name": "docker", "node_id": "model.vinfast.mart_vehicle_360"} */

    select name, type from system.columns where table = 'mart_vehicle_360'
    
      and database = 'vinfast'
    
    order by position
  ...
[0m15:49:28.838345 [debug] [Thread-1 (]: dbt_clickhouse adapter: SQL status: OK in 0.05 seconds
[0m15:49:28.842384 [debug] [Thread-1 (]: Writing runtime sql for node "model.vinfast.mart_vehicle_360"
[0m15:49:28.844392 [debug] [Thread-1 (]: dbt_clickhouse adapter: On model.vinfast.mart_vehicle_360: /* {"app": "dbt", "dbt_version": "1.12.3", "profile_name": "vinfast", "target_name": "docker", "node_id": "model.vinfast.mart_vehicle_360"} */

  
    
    
    
        
         


        insert into `vinfast`.`mart_vehicle_360`
        ("vehicle_id", "model", "type", "city_code", "battery_kwh", "current_soh_pct", "total_distance_km", "lifetime_avg_soc_pct", "total_charging_sessions", "total_kwh_charged", "had_tire_pressure_alert", "had_battery_temp_alert", "total_active_days", "first_seen_date", "last_seen_date")

with daily as (
    select * from `vinfast`.`int_vehicle_daily_stats`
),
charging as (
    select
        vehicle_id,
        count(*) as total_charging_sessions,
        sum(kwh_delivered) as total_kwh_charged
    from `vinfast`.`stg_charging_sessions`
    group by vehicle_id
),
telemetry_agg as (
    select
        vehicle_id,
        max(odometer_km) as latest_odometer_km,
        min(odometer_km) as earliest_odometer_km,
        avg(battery_soc_pct) as lifetime_avg_soc_pct,
        min(event_timestamp) as first_seen,
        max(event_timestamp) as last_seen
    from `vinfast`.`stg_telemetry`
    group by vehicle_id
)
select
    v.vehicle_id as vehicle_id,
    v.model as model,
    v.type as type,
    v.city_code as city_code,
    v.battery_kwh as battery_kwh,
    v.battery_soh_pct as current_soh_pct,
    coalesce(t.latest_odometer_km - v.odometer_start_km, 0) as total_distance_km,
    any(t.lifetime_avg_soc_pct) as lifetime_avg_soc_pct,
    coalesce(any(c.total_charging_sessions), 0) as total_charging_sessions,
    coalesce(any(c.total_kwh_charged), 0) as total_kwh_charged,
    max(d.had_tire_pressure_alert) as had_tire_pressure_alert,
    max(d.had_battery_temp_alert) as had_battery_temp_alert,
    countDistinct(d.activity_date) as total_active_days,
    toDate(any(t.first_seen)) as first_seen_date,
    toDate(any(t.last_seen)) as last_seen_date
from `vinfast`.`stg_vehicles` as v
left join telemetry_agg as t on v.vehicle_id = t.vehicle_id
left join daily as d on v.vehicle_id = d.vehicle_id
left join charging as c on v.vehicle_id = c.vehicle_id
group by
    v.vehicle_id, v.model, v.type, v.city_code, v.battery_kwh, v.battery_soh_pct,
    v.odometer_start_km, t.latest_odometer_km
  ...
[0m15:49:29.058665 [debug] [Thread-1 (]: dbt_clickhouse adapter: SQL status: OK in 0.21 seconds
[0m15:49:29.068559 [debug] [Thread-1 (]: Sending event: {'category': 'dbt', 'action': 'run_model', 'label': '53047d82-6f12-43c2-b85b-44abd9747b7a', 'context': [<snowplow_tracker.self_describing_json.SelfDescribingJson object at 0x00000286667C1AB0>]}
[0m15:49:29.068559 [info ] [Thread-1 (]: 16 of 16 OK created sql table model `vinfast`.`mart_vehicle_360` ............... [[32mOK[0m in 0.34s]
[0m15:49:29.070307 [debug] [Thread-1 (]: Finished running node model.vinfast.mart_vehicle_360
[0m15:49:29.070307 [debug] [MainThread]: Connection 'master' was properly closed.
[0m15:49:29.070307 [debug] [MainThread]: Connection 'list_' was left open.
[0m15:49:29.070307 [debug] [MainThread]: On list_: Close
[0m15:49:29.070307 [debug] [MainThread]: Connection 'list__vinfast' was left open.
[0m15:49:29.070307 [debug] [MainThread]: On list__vinfast: Close
[0m15:49:29.070307 [debug] [MainThread]: Connection 'model.vinfast.mart_vehicle_360' was left open.
[0m15:49:29.070307 [debug] [MainThread]: On model.vinfast.mart_vehicle_360: Close
[0m15:49:29.070307 [info ] [MainThread]: 
[0m15:49:29.070307 [info ] [MainThread]: Finished running 8 table models, 8 view models in 0 hours 0 minutes and 5.47 seconds (5.47s).
[0m15:49:29.076499 [debug] [MainThread]: Command end result
[0m15:49:29.118521 [debug] [MainThread]: Wrote artifact WritableManifest to D:\DE_prj\Vinfast_v1\dbt_project\target\manifest.json
[0m15:49:29.118521 [debug] [MainThread]: Wrote artifact SemanticManifest to D:\DE_prj\Vinfast_v1\dbt_project\target\semantic_manifest.json
[0m15:49:29.122678 [debug] [MainThread]: Wrote artifact OsiDocument to D:\DE_prj\Vinfast_v1\dbt_project\target\osi_document.json
[0m15:49:29.130702 [debug] [MainThread]: Wrote artifact RunExecutionResult to D:\DE_prj\Vinfast_v1\dbt_project\target\run_results.json
[0m15:49:29.130702 [info ] [MainThread]: 
[0m15:49:29.130702 [info ] [MainThread]: [32mCompleted successfully[0m
[0m15:49:29.130702 [info ] [MainThread]: 
[0m15:49:29.132705 [info ] [MainThread]: Done. PASS=16 WARN=0 ERROR=0 SKIP=0 NO-OP=0 REUSED=0 TOTAL=16
[0m15:49:29.132705 [debug] [MainThread]: Command `python -m dbt.cli.main run` succeeded at 15:49:29.132705 after 8.00 seconds
[0m15:49:29.132705 [debug] [MainThread]: Sending event: {'category': 'dbt', 'action': 'invocation', 'label': 'end', 'context': [<snowplow_tracker.self_describing_json.SelfDescribingJson object at 0x000002866216A710>, <snowplow_tracker.self_describing_json.SelfDescribingJson object at 0x0000028664CDAEC0>, <snowplow_tracker.self_describing_json.SelfDescribingJson object at 0x0000028665198100>]}
[0m15:49:29.132705 [debug] [MainThread]: Flushing usage events
[0m15:49:30.312663 [debug] [MainThread]: An error was encountered while trying to flush usage events
[0m15:49:37.698379 [debug] [MainThread]: Sending event: {'category': 'dbt', 'action': 'invocation', 'label': 'start', 'context': [<snowplow_tracker.self_describing_json.SelfDescribingJson object at 0x0000023F1E3A9A20>, <snowplow_tracker.self_describing_json.SelfDescribingJson object at 0x0000023F209B7220>, <snowplow_tracker.self_describing_json.SelfDescribingJson object at 0x0000023F209B7010>]}


============================== 15:49:37.705564 | 90eb3eb1-f20f-4685-a2f4-d42bc8b40b52 ==============================
[0m15:49:37.705564 [info ] [MainThread]: Running with dbt=1.12.3
[0m15:49:37.708659 [debug] [MainThread]: running dbt with arguments {'static_parser': 'True', 'no_print': 'None', 'maximum_seed_size_mib': '1', 'target_path': 'None', 'warn_error_options': 'WarnErrorOptionsV2(error=[], warn=[], silence=[])', 'version_check': 'True', 'printer_width': '80', 'write_json': 'True', 'introspect': 'True', 'log_cache_events': 'False', 'empty': 'None', 'cache_selected_only': 'False', 'log_format': 'default', 'debug': 'False', 'fail_fast': 'False', 'partial_parse': 'True', 'send_anonymous_usage_stats': 'True', 'quiet': 'False', 'warn_error': 'None', 'profiles_dir': '.', 'use_colors': 'True', 'hints_enabled': 'True', 'invocation_command': 'dbt test --profiles-dir . --target docker', 'use_experimental_parser': 'False', 'indirect_selection': 'eager', 'log_path': 'D:\\DE_prj\\Vinfast_v1\\dbt_project\\logs'}
[0m15:49:37.955607 [debug] [MainThread]: Sending event: {'category': 'dbt', 'action': 'project_id', 'label': '90eb3eb1-f20f-4685-a2f4-d42bc8b40b52', 'context': [<snowplow_tracker.self_describing_json.SelfDescribingJson object at 0x0000023F209B7880>]}
[0m15:49:38.044733 [debug] [MainThread]: Sending event: {'category': 'dbt', 'action': 'adapter_info', 'label': '90eb3eb1-f20f-4685-a2f4-d42bc8b40b52', 'context': [<snowplow_tracker.self_describing_json.SelfDescribingJson object at 0x0000023F208CC190>]}
[0m15:49:38.046738 [info ] [MainThread]: Registered adapter: clickhouse=1.9.3
[0m15:49:38.228644 [debug] [MainThread]: checksum: 09915bdc41c29a1a682073d27ab01e44f5df6677538e1db23cf8667eab1919cd, vars: {}, profile: vinfast, target: docker, version: 1.12.3
[0m15:49:38.366266 [debug] [MainThread]: Partial parsing enabled: 0 files deleted, 0 files added, 0 files changed.
[0m15:49:38.366266 [debug] [MainThread]: Nothing changed, skipping partial parsing.
[0m15:49:38.366266 [debug] [MainThread]: Partial parsing enabled, no changes found, skipping parsing
[0m15:49:38.370396 [debug] [MainThread]: Sending event: {'category': 'dbt', 'action': 'load_project', 'label': '90eb3eb1-f20f-4685-a2f4-d42bc8b40b52', 'context': [<snowplow_tracker.self_describing_json.SelfDescribingJson object at 0x0000023F210A3BE0>]}
[0m15:49:38.500782 [debug] [MainThread]: Wrote artifact WritableManifest to D:\DE_prj\Vinfast_v1\dbt_project\target\manifest.json
[0m15:49:38.502788 [debug] [MainThread]: Wrote artifact SemanticManifest to D:\DE_prj\Vinfast_v1\dbt_project\target\semantic_manifest.json
[0m15:49:38.513019 [debug] [MainThread]: Wrote artifact OsiDocument to D:\DE_prj\Vinfast_v1\dbt_project\target\osi_document.json
[0m15:49:38.533875 [debug] [MainThread]: Sending event: {'category': 'dbt', 'action': 'resource_counts', 'label': '90eb3eb1-f20f-4685-a2f4-d42bc8b40b52', 'context': [<snowplow_tracker.self_describing_json.SelfDescribingJson object at 0x0000023F212FEFB0>]}
[0m15:49:38.533875 [info ] [MainThread]: Found 16 models, 26 data tests, 635 macros
[0m15:49:38.533875 [debug] [MainThread]: Sending event: {'category': 'dbt', 'action': 'runnable_timing', 'label': '90eb3eb1-f20f-4685-a2f4-d42bc8b40b52', 'context': [<snowplow_tracker.self_describing_json.SelfDescribingJson object at 0x0000023F212FC550>]}
[0m15:49:38.535877 [info ] [MainThread]: 
[0m15:49:38.537880 [info ] [MainThread]: Concurrency: 1 threads (target='docker')
[0m15:49:38.538382 [info ] [MainThread]: 
[0m15:49:38.538382 [debug] [MainThread]: Acquiring new clickhouse connection 'master'
[0m15:49:38.544420 [debug] [ThreadPool]: Acquiring new clickhouse connection 'list__vinfast'
[0m15:49:38.552634 [debug] [ThreadPool]: Opening a new connection, currently in state init
[0m15:49:39.088368 [debug] [ThreadPool]: dbt_clickhouse adapter: On list__vinfast: /* {"app": "dbt", "dbt_version": "1.12.3", "profile_name": "vinfast", "target_name": "docker", "connection_name": "list__vinfast"} */
select
      t.name as name,
      t.database as schema,
      multiIf(
        engine in ('MaterializedView', 'View'), 'view',
        engine = 'Dictionary', 'dictionary',
        'table'
      ) as type,
      db.engine as db_engine,0 as is_on_cluster
          from system.tables as t join system.databases as db on t.database = db.name
        where schema = 'vinfast'
      

  ...
[0m15:49:39.138789 [debug] [ThreadPool]: dbt_clickhouse adapter: SQL status: OK in 0.05 seconds
[0m15:49:39.274272 [debug] [MainThread]: Sending event: {'category': 'dbt', 'action': 'runnable_timing', 'label': '90eb3eb1-f20f-4685-a2f4-d42bc8b40b52', 'context': [<snowplow_tracker.self_describing_json.SelfDescribingJson object at 0x0000023F212FCD00>]}
[0m15:49:39.278508 [debug] [Thread-1 (]: Began running node test.vinfast.accepted_values_mart_charging_analytics_charger_type__AC_TYPE2__CCS2_DC.4932dc50f6
[0m15:49:39.281375 [info ] [Thread-1 (]: 1 of 26 START test accepted_values_mart_charging_analytics_charger_type__AC_TYPE2__CCS2_DC  [RUN]
[0m15:49:39.281375 [debug] [Thread-1 (]: Acquiring new clickhouse connection 'test.vinfast.accepted_values_mart_charging_analytics_charger_type__AC_TYPE2__CCS2_DC.4932dc50f6'
[0m15:49:39.281375 [debug] [Thread-1 (]: Began compiling node test.vinfast.accepted_values_mart_charging_analytics_charger_type__AC_TYPE2__CCS2_DC.4932dc50f6
[0m15:49:39.298515 [debug] [Thread-1 (]: Writing injected SQL for node "test.vinfast.accepted_values_mart_charging_analytics_charger_type__AC_TYPE2__CCS2_DC.4932dc50f6"
[0m15:49:39.298515 [debug] [Thread-1 (]: Began executing node test.vinfast.accepted_values_mart_charging_analytics_charger_type__AC_TYPE2__CCS2_DC.4932dc50f6
[0m15:49:39.318730 [debug] [Thread-1 (]: Writing runtime sql for node "test.vinfast.accepted_values_mart_charging_analytics_charger_type__AC_TYPE2__CCS2_DC.4932dc50f6"
[0m15:49:39.320847 [debug] [Thread-1 (]: Opening a new connection, currently in state init
[0m15:49:39.835624 [debug] [Thread-1 (]: dbt_clickhouse adapter: On test.vinfast.accepted_values_mart_charging_analytics_charger_type__AC_TYPE2__CCS2_DC.4932dc50f6: /* {"app": "dbt", "dbt_version": "1.12.3", "profile_name": "vinfast", "target_name": "docker", "node_id": "test.vinfast.accepted_values_mart_charging_analytics_charger_type__AC_TYPE2__CCS2_DC.4932dc50f6"} */

    
    
    select
      count(*) as failures,
      count(*) != 0 as should_warn,
      count(*) != 0 as should_error
    from (
      
    
  
    
    

with all_values as (

    select
        charger_type as value_field,
        count(*) as n_records

    from `vinfast`.`mart_charging_analytics`
    group by charger_type

)

select *
from all_values
where value_field not in (
    'AC_TYPE2','CCS2_DC'
)



  
  
    ) dbt_internal_test...
[0m15:49:39.894478 [debug] [Thread-1 (]: dbt_clickhouse adapter: SQL status: OK in 0.06 seconds
[0m15:49:39.900596 [info ] [Thread-1 (]: 1 of 26 PASS accepted_values_mart_charging_analytics_charger_type__AC_TYPE2__CCS2_DC  [[32mPASS[0m in 0.62s]
[0m15:49:39.903928 [debug] [Thread-1 (]: Finished running node test.vinfast.accepted_values_mart_charging_analytics_charger_type__AC_TYPE2__CCS2_DC.4932dc50f6
[0m15:49:39.903928 [debug] [Thread-1 (]: Began running node test.vinfast.accepted_values_mart_charging_revenue_charger_type__AC_TYPE2__CCS2_DC.c409246259
[0m15:49:39.903928 [info ] [Thread-1 (]: 2 of 26 START test accepted_values_mart_charging_revenue_charger_type__AC_TYPE2__CCS2_DC  [RUN]
[0m15:49:39.903928 [debug] [Thread-1 (]: Re-using an available connection from the pool (formerly test.vinfast.accepted_values_mart_charging_analytics_charger_type__AC_TYPE2__CCS2_DC.4932dc50f6, now test.vinfast.accepted_values_mart_charging_revenue_charger_type__AC_TYPE2__CCS2_DC.c409246259)
[0m15:49:39.903928 [debug] [Thread-1 (]: Began compiling node test.vinfast.accepted_values_mart_charging_revenue_charger_type__AC_TYPE2__CCS2_DC.c409246259
[0m15:49:39.910766 [debug] [Thread-1 (]: Writing injected SQL for node "test.vinfast.accepted_values_mart_charging_revenue_charger_type__AC_TYPE2__CCS2_DC.c409246259"
[0m15:49:39.910766 [debug] [Thread-1 (]: Began executing node test.vinfast.accepted_values_mart_charging_revenue_charger_type__AC_TYPE2__CCS2_DC.c409246259
[0m15:49:39.910766 [debug] [Thread-1 (]: Writing runtime sql for node "test.vinfast.accepted_values_mart_charging_revenue_charger_type__AC_TYPE2__CCS2_DC.c409246259"
[0m15:49:39.914309 [debug] [Thread-1 (]: dbt_clickhouse adapter: On test.vinfast.accepted_values_mart_charging_revenue_charger_type__AC_TYPE2__CCS2_DC.c409246259: /* {"app": "dbt", "dbt_version": "1.12.3", "profile_name": "vinfast", "target_name": "docker", "node_id": "test.vinfast.accepted_values_mart_charging_revenue_charger_type__AC_TYPE2__CCS2_DC.c409246259"} */

    
    
    select
      count(*) as failures,
      count(*) != 0 as should_warn,
      count(*) != 0 as should_error
    from (
      
    
  
    
    

with all_values as (

    select
        charger_type as value_field,
        count(*) as n_records

    from `vinfast`.`mart_charging_revenue`
    group by charger_type

)

select *
from all_values
where value_field not in (
    'AC_TYPE2','CCS2_DC'
)



  
  
    ) dbt_internal_test...
[0m15:49:39.960609 [debug] [Thread-1 (]: dbt_clickhouse adapter: SQL status: OK in 0.05 seconds
[0m15:49:39.962352 [info ] [Thread-1 (]: 2 of 26 PASS accepted_values_mart_charging_revenue_charger_type__AC_TYPE2__CCS2_DC  [[32mPASS[0m in 0.06s]
[0m15:49:39.962352 [debug] [Thread-1 (]: Finished running node test.vinfast.accepted_values_mart_charging_revenue_charger_type__AC_TYPE2__CCS2_DC.c409246259
[0m15:49:39.964355 [debug] [Thread-1 (]: Began running node test.vinfast.accepted_values_mart_customer_360_city_code__HN__SG__DN__TH__TN__NA__HT__QN.a5c0cbf984
[0m15:49:39.964355 [info ] [Thread-1 (]: 3 of 26 START test accepted_values_mart_customer_360_city_code__HN__SG__DN__TH__TN__NA__HT__QN  [RUN]
[0m15:49:39.964355 [debug] [Thread-1 (]: Re-using an available connection from the pool (formerly test.vinfast.accepted_values_mart_charging_revenue_charger_type__AC_TYPE2__CCS2_DC.c409246259, now test.vinfast.accepted_values_mart_customer_360_city_code__HN__SG__DN__TH__TN__NA__HT__QN.a5c0cbf984)
[0m15:49:39.964355 [debug] [Thread-1 (]: Began compiling node test.vinfast.accepted_values_mart_customer_360_city_code__HN__SG__DN__TH__TN__NA__HT__QN.a5c0cbf984
[0m15:49:39.988560 [debug] [Thread-1 (]: Writing injected SQL for node "test.vinfast.accepted_values_mart_customer_360_city_code__HN__SG__DN__TH__TN__NA__HT__QN.a5c0cbf984"
[0m15:49:39.988560 [debug] [Thread-1 (]: Began executing node test.vinfast.accepted_values_mart_customer_360_city_code__HN__SG__DN__TH__TN__NA__HT__QN.a5c0cbf984
[0m15:49:39.988560 [debug] [Thread-1 (]: Writing runtime sql for node "test.vinfast.accepted_values_mart_customer_360_city_code__HN__SG__DN__TH__TN__NA__HT__QN.a5c0cbf984"
[0m15:49:39.988560 [debug] [Thread-1 (]: dbt_clickhouse adapter: On test.vinfast.accepted_values_mart_customer_360_city_code__HN__SG__DN__TH__TN__NA__HT__QN.a5c0cbf984: /* {"app": "dbt", "dbt_version": "1.12.3", "profile_name": "vinfast", "target_name": "docker", "node_id": "test.vinfast.accepted_values_mart_customer_360_city_code__HN__SG__DN__TH__TN__NA__HT__QN.a5c0cbf984"} */

    
    
    select
      count(*) as failures,
      count(*) != 0 as should_warn,
      count(*) != 0 as should_error
    from (
      
    
  
    
    

with all_values as (

    select
        city_code as value_field,
        count(*) as n_records

    from `vinfast`.`mart_customer_360`
    group by city_code

)

select *
from all_values
where value_field not in (
    'HN','SG','DN','TH','TN','NA','HT','QN'
)



  
  
    ) dbt_internal_test...
[0m15:49:40.042282 [debug] [Thread-1 (]: dbt_clickhouse adapter: SQL status: OK in 0.05 seconds
[0m15:49:40.044202 [info ] [Thread-1 (]: 3 of 26 PASS accepted_values_mart_customer_360_city_code__HN__SG__DN__TH__TN__NA__HT__QN  [[32mPASS[0m in 0.08s]
[0m15:49:40.044202 [debug] [Thread-1 (]: Finished running node test.vinfast.accepted_values_mart_customer_360_city_code__HN__SG__DN__TH__TN__NA__HT__QN.a5c0cbf984
[0m15:49:40.045777 [debug] [Thread-1 (]: Began running node test.vinfast.accepted_values_mart_customer_360_lifecycle_stage__lead__prospect_warm__prospect_hot__customer.c3c3d6fc65
[0m15:49:40.046283 [info ] [Thread-1 (]: 4 of 26 START test accepted_values_mart_customer_360_lifecycle_stage__lead__prospect_warm__prospect_hot__customer  [RUN]
[0m15:49:40.046283 [debug] [Thread-1 (]: Re-using an available connection from the pool (formerly test.vinfast.accepted_values_mart_customer_360_city_code__HN__SG__DN__TH__TN__NA__HT__QN.a5c0cbf984, now test.vinfast.accepted_values_mart_customer_360_lifecycle_stage__lead__prospect_warm__prospect_hot__customer.c3c3d6fc65)
[0m15:49:40.046283 [debug] [Thread-1 (]: Began compiling node test.vinfast.accepted_values_mart_customer_360_lifecycle_stage__lead__prospect_warm__prospect_hot__customer.c3c3d6fc65
[0m15:49:40.063833 [debug] [Thread-1 (]: Writing injected SQL for node "test.vinfast.accepted_values_mart_customer_360_lifecycle_stage__lead__prospect_warm__prospect_hot__customer.c3c3d6fc65"
[0m15:49:40.063833 [debug] [Thread-1 (]: Began executing node test.vinfast.accepted_values_mart_customer_360_lifecycle_stage__lead__prospect_warm__prospect_hot__customer.c3c3d6fc65
[0m15:49:40.067979 [debug] [Thread-1 (]: Writing runtime sql for node "test.vinfast.accepted_values_mart_customer_360_lifecycle_stage__lead__prospect_warm__prospect_hot__customer.c3c3d6fc65"
[0m15:49:40.068537 [debug] [Thread-1 (]: dbt_clickhouse adapter: On test.vinfast.accepted_values_mart_customer_360_lifecycle_stage__lead__prospect_warm__prospect_hot__customer.c3c3d6fc65: /* {"app": "dbt", "dbt_version": "1.12.3", "profile_name": "vinfast", "target_name": "docker", "node_id": "test.vinfast.accepted_values_mart_customer_360_lifecycle_stage__lead__prospect_warm__prospect_hot__customer.c3c3d6fc65"} */

    
    
    select
      count(*) as failures,
      count(*) != 0 as should_warn,
      count(*) != 0 as should_error
    from (
      
    
  
    
    

with all_values as (

    select
        lifecycle_stage as value_field,
        count(*) as n_records

    from `vinfast`.`mart_customer_360`
    group by lifecycle_stage

)

select *
from all_values
where value_field not in (
    'lead','prospect_warm','prospect_hot','customer'
)



  
  
    ) dbt_internal_test...
[0m15:49:40.146727 [debug] [Thread-1 (]: dbt_clickhouse adapter: SQL status: OK in 0.08 seconds
[0m15:49:40.148724 [info ] [Thread-1 (]: 4 of 26 PASS accepted_values_mart_customer_360_lifecycle_stage__lead__prospect_warm__prospect_hot__customer  [[32mPASS[0m in 0.10s]
[0m15:49:40.149226 [debug] [Thread-1 (]: Finished running node test.vinfast.accepted_values_mart_customer_360_lifecycle_stage__lead__prospect_warm__prospect_hot__customer.c3c3d6fc65
[0m15:49:40.149226 [debug] [Thread-1 (]: Began running node test.vinfast.accepted_values_mart_sales_pipeline_city_code__HN__SG__DN__TH__TN__NA__HT__QN.8c4befecac
[0m15:49:40.150228 [info ] [Thread-1 (]: 5 of 26 START test accepted_values_mart_sales_pipeline_city_code__HN__SG__DN__TH__TN__NA__HT__QN  [RUN]
[0m15:49:40.150228 [debug] [Thread-1 (]: Re-using an available connection from the pool (formerly test.vinfast.accepted_values_mart_customer_360_lifecycle_stage__lead__prospect_warm__prospect_hot__customer.c3c3d6fc65, now test.vinfast.accepted_values_mart_sales_pipeline_city_code__HN__SG__DN__TH__TN__NA__HT__QN.8c4befecac)
[0m15:49:40.150228 [debug] [Thread-1 (]: Began compiling node test.vinfast.accepted_values_mart_sales_pipeline_city_code__HN__SG__DN__TH__TN__NA__HT__QN.8c4befecac
[0m15:49:40.156232 [debug] [Thread-1 (]: Writing injected SQL for node "test.vinfast.accepted_values_mart_sales_pipeline_city_code__HN__SG__DN__TH__TN__NA__HT__QN.8c4befecac"
[0m15:49:40.157234 [debug] [Thread-1 (]: Began executing node test.vinfast.accepted_values_mart_sales_pipeline_city_code__HN__SG__DN__TH__TN__NA__HT__QN.8c4befecac
[0m15:49:40.158739 [debug] [Thread-1 (]: Writing runtime sql for node "test.vinfast.accepted_values_mart_sales_pipeline_city_code__HN__SG__DN__TH__TN__NA__HT__QN.8c4befecac"
[0m15:49:40.159745 [debug] [Thread-1 (]: dbt_clickhouse adapter: On test.vinfast.accepted_values_mart_sales_pipeline_city_code__HN__SG__DN__TH__TN__NA__HT__QN.8c4befecac: /* {"app": "dbt", "dbt_version": "1.12.3", "profile_name": "vinfast", "target_name": "docker", "node_id": "test.vinfast.accepted_values_mart_sales_pipeline_city_code__HN__SG__DN__TH__TN__NA__HT__QN.8c4befecac"} */

    
    
    select
      count(*) as failures,
      count(*) != 0 as should_warn,
      count(*) != 0 as should_error
    from (
      
    
  
    
    

with all_values as (

    select
        city_code as value_field,
        count(*) as n_records

    from `vinfast`.`mart_sales_pipeline`
    group by city_code

)

select *
from all_values
where value_field not in (
    'HN','SG','DN','TH','TN','NA','HT','QN'
)



  
  
    ) dbt_internal_test...
[0m15:49:40.208436 [debug] [Thread-1 (]: dbt_clickhouse adapter: SQL status: OK in 0.05 seconds
[0m15:49:40.211737 [info ] [Thread-1 (]: 5 of 26 PASS accepted_values_mart_sales_pipeline_city_code__HN__SG__DN__TH__TN__NA__HT__QN  [[32mPASS[0m in 0.06s]
[0m15:49:40.212736 [debug] [Thread-1 (]: Finished running node test.vinfast.accepted_values_mart_sales_pipeline_city_code__HN__SG__DN__TH__TN__NA__HT__QN.8c4befecac
[0m15:49:40.213128 [debug] [Thread-1 (]: Began running node test.vinfast.accepted_values_mart_vehicle_360_city_code__HN__SG__DN__TH__TN__NA__HT__QN.380bcbb4b4
[0m15:49:40.214139 [info ] [Thread-1 (]: 6 of 26 START test accepted_values_mart_vehicle_360_city_code__HN__SG__DN__TH__TN__NA__HT__QN  [RUN]
[0m15:49:40.215155 [debug] [Thread-1 (]: Re-using an available connection from the pool (formerly test.vinfast.accepted_values_mart_sales_pipeline_city_code__HN__SG__DN__TH__TN__NA__HT__QN.8c4befecac, now test.vinfast.accepted_values_mart_vehicle_360_city_code__HN__SG__DN__TH__TN__NA__HT__QN.380bcbb4b4)
[0m15:49:40.216155 [debug] [Thread-1 (]: Began compiling node test.vinfast.accepted_values_mart_vehicle_360_city_code__HN__SG__DN__TH__TN__NA__HT__QN.380bcbb4b4
[0m15:49:40.222687 [debug] [Thread-1 (]: Writing injected SQL for node "test.vinfast.accepted_values_mart_vehicle_360_city_code__HN__SG__DN__TH__TN__NA__HT__QN.380bcbb4b4"
[0m15:49:40.223687 [debug] [Thread-1 (]: Began executing node test.vinfast.accepted_values_mart_vehicle_360_city_code__HN__SG__DN__TH__TN__NA__HT__QN.380bcbb4b4
[0m15:49:40.224689 [debug] [Thread-1 (]: Writing runtime sql for node "test.vinfast.accepted_values_mart_vehicle_360_city_code__HN__SG__DN__TH__TN__NA__HT__QN.380bcbb4b4"
[0m15:49:40.225726 [debug] [Thread-1 (]: dbt_clickhouse adapter: On test.vinfast.accepted_values_mart_vehicle_360_city_code__HN__SG__DN__TH__TN__NA__HT__QN.380bcbb4b4: /* {"app": "dbt", "dbt_version": "1.12.3", "profile_name": "vinfast", "target_name": "docker", "node_id": "test.vinfast.accepted_values_mart_vehicle_360_city_code__HN__SG__DN__TH__TN__NA__HT__QN.380bcbb4b4"} */

    
    
    select
      count(*) as failures,
      count(*) != 0 as should_warn,
      count(*) != 0 as should_error
    from (
      
    
  
    
    

with all_values as (

    select
        city_code as value_field,
        count(*) as n_records

    from `vinfast`.`mart_vehicle_360`
    group by city_code

)

select *
from all_values
where value_field not in (
    'HN','SG','DN','TH','TN','NA','HT','QN'
)



  
  
    ) dbt_internal_test...
[0m15:49:40.278386 [debug] [Thread-1 (]: dbt_clickhouse adapter: SQL status: OK in 0.05 seconds
[0m15:49:40.278386 [info ] [Thread-1 (]: 6 of 26 PASS accepted_values_mart_vehicle_360_city_code__HN__SG__DN__TH__TN__NA__HT__QN  [[32mPASS[0m in 0.06s]
[0m15:49:40.288541 [debug] [Thread-1 (]: Finished running node test.vinfast.accepted_values_mart_vehicle_360_city_code__HN__SG__DN__TH__TN__NA__HT__QN.380bcbb4b4
[0m15:49:40.288541 [debug] [Thread-1 (]: Began running node test.vinfast.accepted_values_mart_vehicle_360_type__car__motorbike.5134ef0f09
[0m15:49:40.288541 [info ] [Thread-1 (]: 7 of 26 START test accepted_values_mart_vehicle_360_type__car__motorbike ....... [RUN]
[0m15:49:40.288541 [debug] [Thread-1 (]: Re-using an available connection from the pool (formerly test.vinfast.accepted_values_mart_vehicle_360_city_code__HN__SG__DN__TH__TN__NA__HT__QN.380bcbb4b4, now test.vinfast.accepted_values_mart_vehicle_360_type__car__motorbike.5134ef0f09)
[0m15:49:40.291653 [debug] [Thread-1 (]: Began compiling node test.vinfast.accepted_values_mart_vehicle_360_type__car__motorbike.5134ef0f09
[0m15:49:40.298460 [debug] [Thread-1 (]: Writing injected SQL for node "test.vinfast.accepted_values_mart_vehicle_360_type__car__motorbike.5134ef0f09"
[0m15:49:40.298460 [debug] [Thread-1 (]: Began executing node test.vinfast.accepted_values_mart_vehicle_360_type__car__motorbike.5134ef0f09
[0m15:49:40.298460 [debug] [Thread-1 (]: Writing runtime sql for node "test.vinfast.accepted_values_mart_vehicle_360_type__car__motorbike.5134ef0f09"
[0m15:49:40.298460 [debug] [Thread-1 (]: dbt_clickhouse adapter: On test.vinfast.accepted_values_mart_vehicle_360_type__car__motorbike.5134ef0f09: /* {"app": "dbt", "dbt_version": "1.12.3", "profile_name": "vinfast", "target_name": "docker", "node_id": "test.vinfast.accepted_values_mart_vehicle_360_type__car__motorbike.5134ef0f09"} */

    
    
    select
      count(*) as failures,
      count(*) != 0 as should_warn,
      count(*) != 0 as should_error
    from (
      
    
  
    
    

with all_values as (

    select
        type as value_field,
        count(*) as n_records

    from `vinfast`.`mart_vehicle_360`
    group by type

)

select *
from all_values
where value_field not in (
    'car','motorbike'
)



  
  
    ) dbt_internal_test...
[0m15:49:40.348766 [debug] [Thread-1 (]: dbt_clickhouse adapter: SQL status: OK in 0.05 seconds
[0m15:49:40.348766 [info ] [Thread-1 (]: 7 of 26 PASS accepted_values_mart_vehicle_360_type__car__motorbike ............. [[32mPASS[0m in 0.06s]
[0m15:49:40.348766 [debug] [Thread-1 (]: Finished running node test.vinfast.accepted_values_mart_vehicle_360_type__car__motorbike.5134ef0f09
[0m15:49:40.357043 [debug] [Thread-1 (]: Began running node test.vinfast.dbt_utils_expression_is_true_mart_charging_analytics_end_soc_pct_start_soc_pct.aaf8e84d7d
[0m15:49:40.357043 [info ] [Thread-1 (]: 8 of 26 START test dbt_utils_expression_is_true_mart_charging_analytics_end_soc_pct_start_soc_pct  [RUN]
[0m15:49:40.357043 [debug] [Thread-1 (]: Re-using an available connection from the pool (formerly test.vinfast.accepted_values_mart_vehicle_360_type__car__motorbike.5134ef0f09, now test.vinfast.dbt_utils_expression_is_true_mart_charging_analytics_end_soc_pct_start_soc_pct.aaf8e84d7d)
[0m15:49:40.358547 [debug] [Thread-1 (]: Began compiling node test.vinfast.dbt_utils_expression_is_true_mart_charging_analytics_end_soc_pct_start_soc_pct.aaf8e84d7d
[0m15:49:40.368518 [debug] [Thread-1 (]: Writing injected SQL for node "test.vinfast.dbt_utils_expression_is_true_mart_charging_analytics_end_soc_pct_start_soc_pct.aaf8e84d7d"
[0m15:49:40.368518 [debug] [Thread-1 (]: Began executing node test.vinfast.dbt_utils_expression_is_true_mart_charging_analytics_end_soc_pct_start_soc_pct.aaf8e84d7d
[0m15:49:40.368518 [debug] [Thread-1 (]: Writing runtime sql for node "test.vinfast.dbt_utils_expression_is_true_mart_charging_analytics_end_soc_pct_start_soc_pct.aaf8e84d7d"
[0m15:49:40.372988 [debug] [Thread-1 (]: dbt_clickhouse adapter: On test.vinfast.dbt_utils_expression_is_true_mart_charging_analytics_end_soc_pct_start_soc_pct.aaf8e84d7d: /* {"app": "dbt", "dbt_version": "1.12.3", "profile_name": "vinfast", "target_name": "docker", "node_id": "test.vinfast.dbt_utils_expression_is_true_mart_charging_analytics_end_soc_pct_start_soc_pct.aaf8e84d7d"} */

    
    
    select
      count(*) as failures,
      count(*) != 0 as should_warn,
      count(*) != 0 as should_error
    from (
      
    
  



select
    1
from `vinfast`.`mart_charging_analytics`

where not(end_soc_pct >= start_soc_pct)


  
  
    ) dbt_internal_test...
[0m15:49:40.421574 [debug] [Thread-1 (]: dbt_clickhouse adapter: SQL status: OK in 0.05 seconds
[0m15:49:40.421574 [info ] [Thread-1 (]: 8 of 26 PASS dbt_utils_expression_is_true_mart_charging_analytics_end_soc_pct_start_soc_pct  [[32mPASS[0m in 0.06s]
[0m15:49:40.421574 [debug] [Thread-1 (]: Finished running node test.vinfast.dbt_utils_expression_is_true_mart_charging_analytics_end_soc_pct_start_soc_pct.aaf8e84d7d
[0m15:49:40.421574 [debug] [Thread-1 (]: Began running node test.vinfast.dbt_utils_expression_is_true_mart_charging_analytics_ended_at_started_at.a25ccfbc4d
[0m15:49:40.421574 [info ] [Thread-1 (]: 9 of 26 START test dbt_utils_expression_is_true_mart_charging_analytics_ended_at_started_at  [RUN]
[0m15:49:40.421574 [debug] [Thread-1 (]: Re-using an available connection from the pool (formerly test.vinfast.dbt_utils_expression_is_true_mart_charging_analytics_end_soc_pct_start_soc_pct.aaf8e84d7d, now test.vinfast.dbt_utils_expression_is_true_mart_charging_analytics_ended_at_started_at.a25ccfbc4d)
[0m15:49:40.421574 [debug] [Thread-1 (]: Began compiling node test.vinfast.dbt_utils_expression_is_true_mart_charging_analytics_ended_at_started_at.a25ccfbc4d
[0m15:49:40.428495 [debug] [Thread-1 (]: Writing injected SQL for node "test.vinfast.dbt_utils_expression_is_true_mart_charging_analytics_ended_at_started_at.a25ccfbc4d"
[0m15:49:40.428495 [debug] [Thread-1 (]: Began executing node test.vinfast.dbt_utils_expression_is_true_mart_charging_analytics_ended_at_started_at.a25ccfbc4d
[0m15:49:40.436491 [debug] [Thread-1 (]: Writing runtime sql for node "test.vinfast.dbt_utils_expression_is_true_mart_charging_analytics_ended_at_started_at.a25ccfbc4d"
[0m15:49:40.438511 [debug] [Thread-1 (]: dbt_clickhouse adapter: On test.vinfast.dbt_utils_expression_is_true_mart_charging_analytics_ended_at_started_at.a25ccfbc4d: /* {"app": "dbt", "dbt_version": "1.12.3", "profile_name": "vinfast", "target_name": "docker", "node_id": "test.vinfast.dbt_utils_expression_is_true_mart_charging_analytics_ended_at_started_at.a25ccfbc4d"} */

    
    
    select
      count(*) as failures,
      count(*) != 0 as should_warn,
      count(*) != 0 as should_error
    from (
      
    
  



select
    1
from `vinfast`.`mart_charging_analytics`

where not(ended_at > started_at)


  
  
    ) dbt_internal_test...
[0m15:49:40.488553 [debug] [Thread-1 (]: dbt_clickhouse adapter: SQL status: OK in 0.05 seconds
[0m15:49:40.491633 [info ] [Thread-1 (]: 9 of 26 PASS dbt_utils_expression_is_true_mart_charging_analytics_ended_at_started_at  [[32mPASS[0m in 0.07s]
[0m15:49:40.491633 [debug] [Thread-1 (]: Finished running node test.vinfast.dbt_utils_expression_is_true_mart_charging_analytics_ended_at_started_at.a25ccfbc4d
[0m15:49:40.491633 [debug] [Thread-1 (]: Began running node test.vinfast.not_null_mart_charging_analytics_ended_at.74a751ffa0
[0m15:49:40.491633 [info ] [Thread-1 (]: 10 of 26 START test not_null_mart_charging_analytics_ended_at .................. [RUN]
[0m15:49:40.491633 [debug] [Thread-1 (]: Re-using an available connection from the pool (formerly test.vinfast.dbt_utils_expression_is_true_mart_charging_analytics_ended_at_started_at.a25ccfbc4d, now test.vinfast.not_null_mart_charging_analytics_ended_at.74a751ffa0)
[0m15:49:40.491633 [debug] [Thread-1 (]: Began compiling node test.vinfast.not_null_mart_charging_analytics_ended_at.74a751ffa0
[0m15:49:40.500471 [debug] [Thread-1 (]: Writing injected SQL for node "test.vinfast.not_null_mart_charging_analytics_ended_at.74a751ffa0"
[0m15:49:40.500471 [debug] [Thread-1 (]: Began executing node test.vinfast.not_null_mart_charging_analytics_ended_at.74a751ffa0
[0m15:49:40.508498 [debug] [Thread-1 (]: Writing runtime sql for node "test.vinfast.not_null_mart_charging_analytics_ended_at.74a751ffa0"
[0m15:49:40.508498 [debug] [Thread-1 (]: dbt_clickhouse adapter: On test.vinfast.not_null_mart_charging_analytics_ended_at.74a751ffa0: /* {"app": "dbt", "dbt_version": "1.12.3", "profile_name": "vinfast", "target_name": "docker", "node_id": "test.vinfast.not_null_mart_charging_analytics_ended_at.74a751ffa0"} */

    
    
    select
      count(*) as failures,
      count(*) != 0 as should_warn,
      count(*) != 0 as should_error
    from (
      
    
  
    
    



select ended_at
from `vinfast`.`mart_charging_analytics`
where ended_at is null



  
  
    ) dbt_internal_test...
[0m15:49:40.558777 [debug] [Thread-1 (]: dbt_clickhouse adapter: SQL status: OK in 0.05 seconds
[0m15:49:40.558777 [info ] [Thread-1 (]: 10 of 26 PASS not_null_mart_charging_analytics_ended_at ........................ [[32mPASS[0m in 0.07s]
[0m15:49:40.558777 [debug] [Thread-1 (]: Finished running node test.vinfast.not_null_mart_charging_analytics_ended_at.74a751ffa0
[0m15:49:40.558777 [debug] [Thread-1 (]: Began running node test.vinfast.not_null_mart_charging_analytics_session_id.376bdff5a7
[0m15:49:40.558777 [info ] [Thread-1 (]: 11 of 26 START test not_null_mart_charging_analytics_session_id ................ [RUN]
[0m15:49:40.563673 [debug] [Thread-1 (]: Re-using an available connection from the pool (formerly test.vinfast.not_null_mart_charging_analytics_ended_at.74a751ffa0, now test.vinfast.not_null_mart_charging_analytics_session_id.376bdff5a7)
[0m15:49:40.563673 [debug] [Thread-1 (]: Began compiling node test.vinfast.not_null_mart_charging_analytics_session_id.376bdff5a7
[0m15:49:40.568525 [debug] [Thread-1 (]: Writing injected SQL for node "test.vinfast.not_null_mart_charging_analytics_session_id.376bdff5a7"
[0m15:49:40.568525 [debug] [Thread-1 (]: Began executing node test.vinfast.not_null_mart_charging_analytics_session_id.376bdff5a7
[0m15:49:40.568525 [debug] [Thread-1 (]: Writing runtime sql for node "test.vinfast.not_null_mart_charging_analytics_session_id.376bdff5a7"
[0m15:49:40.568525 [debug] [Thread-1 (]: dbt_clickhouse adapter: On test.vinfast.not_null_mart_charging_analytics_session_id.376bdff5a7: /* {"app": "dbt", "dbt_version": "1.12.3", "profile_name": "vinfast", "target_name": "docker", "node_id": "test.vinfast.not_null_mart_charging_analytics_session_id.376bdff5a7"} */

    
    
    select
      count(*) as failures,
      count(*) != 0 as should_warn,
      count(*) != 0 as should_error
    from (
      
    
  
    
    



select session_id
from `vinfast`.`mart_charging_analytics`
where session_id is null



  
  
    ) dbt_internal_test...
[0m15:49:40.628382 [debug] [Thread-1 (]: dbt_clickhouse adapter: SQL status: OK in 0.06 seconds
[0m15:49:40.628382 [info ] [Thread-1 (]: 11 of 26 PASS not_null_mart_charging_analytics_session_id ...................... [[32mPASS[0m in 0.07s]
[0m15:49:40.628382 [debug] [Thread-1 (]: Finished running node test.vinfast.not_null_mart_charging_analytics_session_id.376bdff5a7
[0m15:49:40.628382 [debug] [Thread-1 (]: Began running node test.vinfast.not_null_mart_charging_analytics_started_at.ec2947dd02
[0m15:49:40.628382 [info ] [Thread-1 (]: 12 of 26 START test not_null_mart_charging_analytics_started_at ................ [RUN]
[0m15:49:40.634586 [debug] [Thread-1 (]: Re-using an available connection from the pool (formerly test.vinfast.not_null_mart_charging_analytics_session_id.376bdff5a7, now test.vinfast.not_null_mart_charging_analytics_started_at.ec2947dd02)
[0m15:49:40.634586 [debug] [Thread-1 (]: Began compiling node test.vinfast.not_null_mart_charging_analytics_started_at.ec2947dd02
[0m15:49:40.643656 [debug] [Thread-1 (]: Writing injected SQL for node "test.vinfast.not_null_mart_charging_analytics_started_at.ec2947dd02"
[0m15:49:40.644262 [debug] [Thread-1 (]: Began executing node test.vinfast.not_null_mart_charging_analytics_started_at.ec2947dd02
[0m15:49:40.652227 [debug] [Thread-1 (]: Writing runtime sql for node "test.vinfast.not_null_mart_charging_analytics_started_at.ec2947dd02"
[0m15:49:40.652227 [debug] [Thread-1 (]: dbt_clickhouse adapter: On test.vinfast.not_null_mart_charging_analytics_started_at.ec2947dd02: /* {"app": "dbt", "dbt_version": "1.12.3", "profile_name": "vinfast", "target_name": "docker", "node_id": "test.vinfast.not_null_mart_charging_analytics_started_at.ec2947dd02"} */

    
    
    select
      count(*) as failures,
      count(*) != 0 as should_warn,
      count(*) != 0 as should_error
    from (
      
    
  
    
    



select started_at
from `vinfast`.`mart_charging_analytics`
where started_at is null



  
  
    ) dbt_internal_test...
[0m15:49:40.698424 [debug] [Thread-1 (]: dbt_clickhouse adapter: SQL status: OK in 0.05 seconds
[0m15:49:40.698424 [info ] [Thread-1 (]: 12 of 26 PASS not_null_mart_charging_analytics_started_at ...................... [[32mPASS[0m in 0.06s]
[0m15:49:40.698424 [debug] [Thread-1 (]: Finished running node test.vinfast.not_null_mart_charging_analytics_started_at.ec2947dd02
[0m15:49:40.698424 [debug] [Thread-1 (]: Began running node test.vinfast.not_null_mart_charging_analytics_vehicle_id.984ccd85f1
[0m15:49:40.698424 [info ] [Thread-1 (]: 13 of 26 START test not_null_mart_charging_analytics_vehicle_id ................ [RUN]
[0m15:49:40.698424 [debug] [Thread-1 (]: Re-using an available connection from the pool (formerly test.vinfast.not_null_mart_charging_analytics_started_at.ec2947dd02, now test.vinfast.not_null_mart_charging_analytics_vehicle_id.984ccd85f1)
[0m15:49:40.707526 [debug] [Thread-1 (]: Began compiling node test.vinfast.not_null_mart_charging_analytics_vehicle_id.984ccd85f1
[0m15:49:40.718402 [debug] [Thread-1 (]: Writing injected SQL for node "test.vinfast.not_null_mart_charging_analytics_vehicle_id.984ccd85f1"
[0m15:49:40.718402 [debug] [Thread-1 (]: Began executing node test.vinfast.not_null_mart_charging_analytics_vehicle_id.984ccd85f1
[0m15:49:40.718402 [debug] [Thread-1 (]: Writing runtime sql for node "test.vinfast.not_null_mart_charging_analytics_vehicle_id.984ccd85f1"
[0m15:49:40.718402 [debug] [Thread-1 (]: dbt_clickhouse adapter: On test.vinfast.not_null_mart_charging_analytics_vehicle_id.984ccd85f1: /* {"app": "dbt", "dbt_version": "1.12.3", "profile_name": "vinfast", "target_name": "docker", "node_id": "test.vinfast.not_null_mart_charging_analytics_vehicle_id.984ccd85f1"} */

    
    
    select
      count(*) as failures,
      count(*) != 0 as should_warn,
      count(*) != 0 as should_error
    from (
      
    
  
    
    



select vehicle_id
from `vinfast`.`mart_charging_analytics`
where vehicle_id is null



  
  
    ) dbt_internal_test...
[0m15:49:40.768723 [debug] [Thread-1 (]: dbt_clickhouse adapter: SQL status: OK in 0.05 seconds
[0m15:49:40.771126 [info ] [Thread-1 (]: 13 of 26 PASS not_null_mart_charging_analytics_vehicle_id ...................... [[32mPASS[0m in 0.07s]
[0m15:49:40.773135 [debug] [Thread-1 (]: Finished running node test.vinfast.not_null_mart_charging_analytics_vehicle_id.984ccd85f1
[0m15:49:40.773135 [debug] [Thread-1 (]: Began running node test.vinfast.not_null_mart_charging_revenue_station_id.c166c0b904
[0m15:49:40.773135 [info ] [Thread-1 (]: 14 of 26 START test not_null_mart_charging_revenue_station_id .................. [RUN]
[0m15:49:40.773135 [debug] [Thread-1 (]: Re-using an available connection from the pool (formerly test.vinfast.not_null_mart_charging_analytics_vehicle_id.984ccd85f1, now test.vinfast.not_null_mart_charging_revenue_station_id.c166c0b904)
[0m15:49:40.773135 [debug] [Thread-1 (]: Began compiling node test.vinfast.not_null_mart_charging_revenue_station_id.c166c0b904
[0m15:49:40.778720 [debug] [Thread-1 (]: Writing injected SQL for node "test.vinfast.not_null_mart_charging_revenue_station_id.c166c0b904"
[0m15:49:40.778720 [debug] [Thread-1 (]: Began executing node test.vinfast.not_null_mart_charging_revenue_station_id.c166c0b904
[0m15:49:40.778720 [debug] [Thread-1 (]: Writing runtime sql for node "test.vinfast.not_null_mart_charging_revenue_station_id.c166c0b904"
[0m15:49:40.787014 [debug] [Thread-1 (]: dbt_clickhouse adapter: On test.vinfast.not_null_mart_charging_revenue_station_id.c166c0b904: /* {"app": "dbt", "dbt_version": "1.12.3", "profile_name": "vinfast", "target_name": "docker", "node_id": "test.vinfast.not_null_mart_charging_revenue_station_id.c166c0b904"} */

    
    
    select
      count(*) as failures,
      count(*) != 0 as should_warn,
      count(*) != 0 as should_error
    from (
      
    
  
    
    



select station_id
from `vinfast`.`mart_charging_revenue`
where station_id is null



  
  
    ) dbt_internal_test...
[0m15:49:40.834500 [debug] [Thread-1 (]: dbt_clickhouse adapter: SQL status: OK in 0.05 seconds
[0m15:49:40.834500 [info ] [Thread-1 (]: 14 of 26 PASS not_null_mart_charging_revenue_station_id ........................ [[32mPASS[0m in 0.06s]
[0m15:49:40.838442 [debug] [Thread-1 (]: Finished running node test.vinfast.not_null_mart_charging_revenue_station_id.c166c0b904
[0m15:49:40.838442 [debug] [Thread-1 (]: Began running node test.vinfast.not_null_mart_customer_360_customer_id.f48db14d9f
[0m15:49:40.838442 [info ] [Thread-1 (]: 15 of 26 START test not_null_mart_customer_360_customer_id ..................... [RUN]
[0m15:49:40.838442 [debug] [Thread-1 (]: Re-using an available connection from the pool (formerly test.vinfast.not_null_mart_charging_revenue_station_id.c166c0b904, now test.vinfast.not_null_mart_customer_360_customer_id.f48db14d9f)
[0m15:49:40.838442 [debug] [Thread-1 (]: Began compiling node test.vinfast.not_null_mart_customer_360_customer_id.f48db14d9f
[0m15:49:40.841932 [debug] [Thread-1 (]: Writing injected SQL for node "test.vinfast.not_null_mart_customer_360_customer_id.f48db14d9f"
[0m15:49:40.841932 [debug] [Thread-1 (]: Began executing node test.vinfast.not_null_mart_customer_360_customer_id.f48db14d9f
[0m15:49:40.848450 [debug] [Thread-1 (]: Writing runtime sql for node "test.vinfast.not_null_mart_customer_360_customer_id.f48db14d9f"
[0m15:49:40.848450 [debug] [Thread-1 (]: dbt_clickhouse adapter: On test.vinfast.not_null_mart_customer_360_customer_id.f48db14d9f: /* {"app": "dbt", "dbt_version": "1.12.3", "profile_name": "vinfast", "target_name": "docker", "node_id": "test.vinfast.not_null_mart_customer_360_customer_id.f48db14d9f"} */

    
    
    select
      count(*) as failures,
      count(*) != 0 as should_warn,
      count(*) != 0 as should_error
    from (
      
    
  
    
    



select customer_id
from `vinfast`.`mart_customer_360`
where customer_id is null



  
  
    ) dbt_internal_test...
[0m15:49:40.902432 [debug] [Thread-1 (]: dbt_clickhouse adapter: SQL status: OK in 0.05 seconds
[0m15:49:40.902432 [info ] [Thread-1 (]: 15 of 26 PASS not_null_mart_customer_360_customer_id ........................... [[32mPASS[0m in 0.06s]
[0m15:49:40.902432 [debug] [Thread-1 (]: Finished running node test.vinfast.not_null_mart_customer_360_customer_id.f48db14d9f
[0m15:49:40.902432 [debug] [Thread-1 (]: Began running node test.vinfast.not_null_mart_customer_360_phone.19f6262c70
[0m15:49:40.902432 [info ] [Thread-1 (]: 16 of 26 START test not_null_mart_customer_360_phone ........................... [RUN]
[0m15:49:40.908497 [debug] [Thread-1 (]: Re-using an available connection from the pool (formerly test.vinfast.not_null_mart_customer_360_customer_id.f48db14d9f, now test.vinfast.not_null_mart_customer_360_phone.19f6262c70)
[0m15:49:40.908497 [debug] [Thread-1 (]: Began compiling node test.vinfast.not_null_mart_customer_360_phone.19f6262c70
[0m15:49:40.915124 [debug] [Thread-1 (]: Writing injected SQL for node "test.vinfast.not_null_mart_customer_360_phone.19f6262c70"
[0m15:49:40.918505 [debug] [Thread-1 (]: Began executing node test.vinfast.not_null_mart_customer_360_phone.19f6262c70
[0m15:49:40.918505 [debug] [Thread-1 (]: Writing runtime sql for node "test.vinfast.not_null_mart_customer_360_phone.19f6262c70"
[0m15:49:40.918505 [debug] [Thread-1 (]: dbt_clickhouse adapter: On test.vinfast.not_null_mart_customer_360_phone.19f6262c70: /* {"app": "dbt", "dbt_version": "1.12.3", "profile_name": "vinfast", "target_name": "docker", "node_id": "test.vinfast.not_null_mart_customer_360_phone.19f6262c70"} */

    
    
    select
      count(*) as failures,
      count(*) != 0 as should_warn,
      count(*) != 0 as should_error
    from (
      
    
  
    
    



select phone
from `vinfast`.`mart_customer_360`
where phone is null



  
  
    ) dbt_internal_test...
[0m15:49:40.972973 [debug] [Thread-1 (]: dbt_clickhouse adapter: SQL status: OK in 0.05 seconds
[0m15:49:40.978784 [info ] [Thread-1 (]: 16 of 26 PASS not_null_mart_customer_360_phone ................................. [[32mPASS[0m in 0.07s]
[0m15:49:40.984766 [debug] [Thread-1 (]: Finished running node test.vinfast.not_null_mart_customer_360_phone.19f6262c70
[0m15:49:40.984766 [debug] [Thread-1 (]: Began running node test.vinfast.not_null_mart_daily_fleet_activity_date.efcdba8ae2
[0m15:49:40.984766 [info ] [Thread-1 (]: 17 of 26 START test not_null_mart_daily_fleet_activity_date .................... [RUN]
[0m15:49:40.988491 [debug] [Thread-1 (]: Re-using an available connection from the pool (formerly test.vinfast.not_null_mart_customer_360_phone.19f6262c70, now test.vinfast.not_null_mart_daily_fleet_activity_date.efcdba8ae2)
[0m15:49:40.988491 [debug] [Thread-1 (]: Began compiling node test.vinfast.not_null_mart_daily_fleet_activity_date.efcdba8ae2
[0m15:49:40.993465 [debug] [Thread-1 (]: Writing injected SQL for node "test.vinfast.not_null_mart_daily_fleet_activity_date.efcdba8ae2"
[0m15:49:40.993465 [debug] [Thread-1 (]: Began executing node test.vinfast.not_null_mart_daily_fleet_activity_date.efcdba8ae2
[0m15:49:40.998417 [debug] [Thread-1 (]: Writing runtime sql for node "test.vinfast.not_null_mart_daily_fleet_activity_date.efcdba8ae2"
[0m15:49:40.998417 [debug] [Thread-1 (]: dbt_clickhouse adapter: On test.vinfast.not_null_mart_daily_fleet_activity_date.efcdba8ae2: /* {"app": "dbt", "dbt_version": "1.12.3", "profile_name": "vinfast", "target_name": "docker", "node_id": "test.vinfast.not_null_mart_daily_fleet_activity_date.efcdba8ae2"} */

    
    
    select
      count(*) as failures,
      count(*) != 0 as should_warn,
      count(*) != 0 as should_error
    from (
      
    
  
    
    



select activity_date
from `vinfast`.`mart_daily_fleet`
where activity_date is null



  
  
    ) dbt_internal_test...
[0m15:49:41.048339 [debug] [Thread-1 (]: dbt_clickhouse adapter: SQL status: OK in 0.05 seconds
[0m15:49:41.055648 [info ] [Thread-1 (]: 17 of 26 PASS not_null_mart_daily_fleet_activity_date .......................... [[32mPASS[0m in 0.07s]
[0m15:49:41.058625 [debug] [Thread-1 (]: Finished running node test.vinfast.not_null_mart_daily_fleet_activity_date.efcdba8ae2
[0m15:49:41.058625 [debug] [Thread-1 (]: Began running node test.vinfast.not_null_mart_sales_pipeline_dealer_id.9b9d45967d
[0m15:49:41.058625 [info ] [Thread-1 (]: 18 of 26 START test not_null_mart_sales_pipeline_dealer_id ..................... [RUN]
[0m15:49:41.063616 [debug] [Thread-1 (]: Re-using an available connection from the pool (formerly test.vinfast.not_null_mart_daily_fleet_activity_date.efcdba8ae2, now test.vinfast.not_null_mart_sales_pipeline_dealer_id.9b9d45967d)
[0m15:49:41.063616 [debug] [Thread-1 (]: Began compiling node test.vinfast.not_null_mart_sales_pipeline_dealer_id.9b9d45967d
[0m15:49:41.073335 [debug] [Thread-1 (]: Writing injected SQL for node "test.vinfast.not_null_mart_sales_pipeline_dealer_id.9b9d45967d"
[0m15:49:41.073335 [debug] [Thread-1 (]: Began executing node test.vinfast.not_null_mart_sales_pipeline_dealer_id.9b9d45967d
[0m15:49:41.078598 [debug] [Thread-1 (]: Writing runtime sql for node "test.vinfast.not_null_mart_sales_pipeline_dealer_id.9b9d45967d"
[0m15:49:41.078598 [debug] [Thread-1 (]: dbt_clickhouse adapter: On test.vinfast.not_null_mart_sales_pipeline_dealer_id.9b9d45967d: /* {"app": "dbt", "dbt_version": "1.12.3", "profile_name": "vinfast", "target_name": "docker", "node_id": "test.vinfast.not_null_mart_sales_pipeline_dealer_id.9b9d45967d"} */

    
    
    select
      count(*) as failures,
      count(*) != 0 as should_warn,
      count(*) != 0 as should_error
    from (
      
    
  
    
    



select dealer_id
from `vinfast`.`mart_sales_pipeline`
where dealer_id is null



  
  
    ) dbt_internal_test...
[0m15:49:41.128372 [debug] [Thread-1 (]: dbt_clickhouse adapter: SQL status: OK in 0.05 seconds
[0m15:49:41.128372 [info ] [Thread-1 (]: 18 of 26 PASS not_null_mart_sales_pipeline_dealer_id ........................... [[32mPASS[0m in 0.06s]
[0m15:49:41.136092 [debug] [Thread-1 (]: Finished running node test.vinfast.not_null_mart_sales_pipeline_dealer_id.9b9d45967d
[0m15:49:41.136092 [debug] [Thread-1 (]: Began running node test.vinfast.not_null_mart_vehicle_360_model.8f6c0d5ee3
[0m15:49:41.136092 [info ] [Thread-1 (]: 19 of 26 START test not_null_mart_vehicle_360_model ............................ [RUN]
[0m15:49:41.138300 [debug] [Thread-1 (]: Re-using an available connection from the pool (formerly test.vinfast.not_null_mart_sales_pipeline_dealer_id.9b9d45967d, now test.vinfast.not_null_mart_vehicle_360_model.8f6c0d5ee3)
[0m15:49:41.138300 [debug] [Thread-1 (]: Began compiling node test.vinfast.not_null_mart_vehicle_360_model.8f6c0d5ee3
[0m15:49:41.138300 [debug] [Thread-1 (]: Writing injected SQL for node "test.vinfast.not_null_mart_vehicle_360_model.8f6c0d5ee3"
[0m15:49:41.138300 [debug] [Thread-1 (]: Began executing node test.vinfast.not_null_mart_vehicle_360_model.8f6c0d5ee3
[0m15:49:41.148416 [debug] [Thread-1 (]: Writing runtime sql for node "test.vinfast.not_null_mart_vehicle_360_model.8f6c0d5ee3"
[0m15:49:41.148416 [debug] [Thread-1 (]: dbt_clickhouse adapter: On test.vinfast.not_null_mart_vehicle_360_model.8f6c0d5ee3: /* {"app": "dbt", "dbt_version": "1.12.3", "profile_name": "vinfast", "target_name": "docker", "node_id": "test.vinfast.not_null_mart_vehicle_360_model.8f6c0d5ee3"} */

    
    
    select
      count(*) as failures,
      count(*) != 0 as should_warn,
      count(*) != 0 as should_error
    from (
      
    
  
    
    



select model
from `vinfast`.`mart_vehicle_360`
where model is null



  
  
    ) dbt_internal_test...
[0m15:49:41.198512 [debug] [Thread-1 (]: dbt_clickhouse adapter: SQL status: OK in 0.05 seconds
[0m15:49:41.199579 [info ] [Thread-1 (]: 19 of 26 PASS not_null_mart_vehicle_360_model .................................. [[32mPASS[0m in 0.06s]
[0m15:49:41.199579 [debug] [Thread-1 (]: Finished running node test.vinfast.not_null_mart_vehicle_360_model.8f6c0d5ee3
[0m15:49:41.199579 [debug] [Thread-1 (]: Began running node test.vinfast.not_null_mart_vehicle_360_vehicle_id.508b621b67
[0m15:49:41.199579 [info ] [Thread-1 (]: 20 of 26 START test not_null_mart_vehicle_360_vehicle_id ....................... [RUN]
[0m15:49:41.199579 [debug] [Thread-1 (]: Re-using an available connection from the pool (formerly test.vinfast.not_null_mart_vehicle_360_model.8f6c0d5ee3, now test.vinfast.not_null_mart_vehicle_360_vehicle_id.508b621b67)
[0m15:49:41.199579 [debug] [Thread-1 (]: Began compiling node test.vinfast.not_null_mart_vehicle_360_vehicle_id.508b621b67
[0m15:49:41.208426 [debug] [Thread-1 (]: Writing injected SQL for node "test.vinfast.not_null_mart_vehicle_360_vehicle_id.508b621b67"
[0m15:49:41.208426 [debug] [Thread-1 (]: Began executing node test.vinfast.not_null_mart_vehicle_360_vehicle_id.508b621b67
[0m15:49:41.211990 [debug] [Thread-1 (]: Writing runtime sql for node "test.vinfast.not_null_mart_vehicle_360_vehicle_id.508b621b67"
[0m15:49:41.211990 [debug] [Thread-1 (]: dbt_clickhouse adapter: On test.vinfast.not_null_mart_vehicle_360_vehicle_id.508b621b67: /* {"app": "dbt", "dbt_version": "1.12.3", "profile_name": "vinfast", "target_name": "docker", "node_id": "test.vinfast.not_null_mart_vehicle_360_vehicle_id.508b621b67"} */

    
    
    select
      count(*) as failures,
      count(*) != 0 as should_warn,
      count(*) != 0 as should_error
    from (
      
    
  
    
    



select vehicle_id
from `vinfast`.`mart_vehicle_360`
where vehicle_id is null



  
  
    ) dbt_internal_test...
[0m15:49:41.263419 [debug] [Thread-1 (]: dbt_clickhouse adapter: SQL status: OK in 0.05 seconds
[0m15:49:41.263419 [info ] [Thread-1 (]: 20 of 26 PASS not_null_mart_vehicle_360_vehicle_id ............................. [[32mPASS[0m in 0.06s]
[0m15:49:41.263419 [debug] [Thread-1 (]: Finished running node test.vinfast.not_null_mart_vehicle_360_vehicle_id.508b621b67
[0m15:49:41.268486 [debug] [Thread-1 (]: Began running node test.vinfast.relationships_mart_charging_analytics_vehicle_id__vehicle_id__ref_mart_vehicle_360_.92f7008be1
[0m15:49:41.268486 [info ] [Thread-1 (]: 21 of 26 START test relationships_mart_charging_analytics_vehicle_id__vehicle_id__ref_mart_vehicle_360_  [RUN]
[0m15:49:41.269513 [debug] [Thread-1 (]: Re-using an available connection from the pool (formerly test.vinfast.not_null_mart_vehicle_360_vehicle_id.508b621b67, now test.vinfast.relationships_mart_charging_analytics_vehicle_id__vehicle_id__ref_mart_vehicle_360_.92f7008be1)
[0m15:49:41.269513 [debug] [Thread-1 (]: Began compiling node test.vinfast.relationships_mart_charging_analytics_vehicle_id__vehicle_id__ref_mart_vehicle_360_.92f7008be1
[0m15:49:41.279501 [debug] [Thread-1 (]: Writing injected SQL for node "test.vinfast.relationships_mart_charging_analytics_vehicle_id__vehicle_id__ref_mart_vehicle_360_.92f7008be1"
[0m15:49:41.279501 [debug] [Thread-1 (]: Began executing node test.vinfast.relationships_mart_charging_analytics_vehicle_id__vehicle_id__ref_mart_vehicle_360_.92f7008be1
[0m15:49:41.279501 [debug] [Thread-1 (]: Writing runtime sql for node "test.vinfast.relationships_mart_charging_analytics_vehicle_id__vehicle_id__ref_mart_vehicle_360_.92f7008be1"
[0m15:49:41.279501 [debug] [Thread-1 (]: dbt_clickhouse adapter: On test.vinfast.relationships_mart_charging_analytics_vehicle_id__vehicle_id__ref_mart_vehicle_360_.92f7008be1: /* {"app": "dbt", "dbt_version": "1.12.3", "profile_name": "vinfast", "target_name": "docker", "node_id": "test.vinfast.relationships_mart_charging_analytics_vehicle_id__vehicle_id__ref_mart_vehicle_360_.92f7008be1"} */

    
    
    select
      count(*) as failures,
      count(*) != 0 as should_warn,
      count(*) != 0 as should_error
    from (
      
    
  
    
    

with child as (
    select vehicle_id as from_field
    from `vinfast`.`mart_charging_analytics`
    where vehicle_id is not null
),

parent as (
    select vehicle_id as to_field
    from `vinfast`.`mart_vehicle_360`
)

select
    from_field

from child
left join parent
    on child.from_field = parent.to_field

where parent.to_field is null
-- end_of_sql
settings join_use_nulls = 1



  
  
    ) dbt_internal_test...
[0m15:49:41.340892 [debug] [Thread-1 (]: dbt_clickhouse adapter: SQL status: OK in 0.06 seconds
[0m15:49:41.344369 [info ] [Thread-1 (]: 21 of 26 PASS relationships_mart_charging_analytics_vehicle_id__vehicle_id__ref_mart_vehicle_360_  [[32mPASS[0m in 0.07s]
[0m15:49:41.344976 [debug] [Thread-1 (]: Finished running node test.vinfast.relationships_mart_charging_analytics_vehicle_id__vehicle_id__ref_mart_vehicle_360_.92f7008be1
[0m15:49:41.345478 [debug] [Thread-1 (]: Began running node test.vinfast.unique_mart_charging_analytics_session_id.7bde64dec9
[0m15:49:41.346005 [info ] [Thread-1 (]: 22 of 26 START test unique_mart_charging_analytics_session_id .................. [RUN]
[0m15:49:41.346535 [debug] [Thread-1 (]: Re-using an available connection from the pool (formerly test.vinfast.relationships_mart_charging_analytics_vehicle_id__vehicle_id__ref_mart_vehicle_360_.92f7008be1, now test.vinfast.unique_mart_charging_analytics_session_id.7bde64dec9)
[0m15:49:41.347078 [debug] [Thread-1 (]: Began compiling node test.vinfast.unique_mart_charging_analytics_session_id.7bde64dec9
[0m15:49:41.358312 [debug] [Thread-1 (]: Writing injected SQL for node "test.vinfast.unique_mart_charging_analytics_session_id.7bde64dec9"
[0m15:49:41.358312 [debug] [Thread-1 (]: Began executing node test.vinfast.unique_mart_charging_analytics_session_id.7bde64dec9
[0m15:49:41.358312 [debug] [Thread-1 (]: Writing runtime sql for node "test.vinfast.unique_mart_charging_analytics_session_id.7bde64dec9"
[0m15:49:41.358312 [debug] [Thread-1 (]: dbt_clickhouse adapter: On test.vinfast.unique_mart_charging_analytics_session_id.7bde64dec9: /* {"app": "dbt", "dbt_version": "1.12.3", "profile_name": "vinfast", "target_name": "docker", "node_id": "test.vinfast.unique_mart_charging_analytics_session_id.7bde64dec9"} */

    
    
    select
      count(*) as failures,
      count(*) != 0 as should_warn,
      count(*) != 0 as should_error
    from (
      
    
  
    
    

select
    session_id as unique_field,
    count(*) as n_records

from `vinfast`.`mart_charging_analytics`
where session_id is not null
group by session_id
having count(*) > 1



  
  
    ) dbt_internal_test...
[0m15:49:41.408452 [debug] [Thread-1 (]: dbt_clickhouse adapter: SQL status: OK in 0.05 seconds
[0m15:49:41.411560 [info ] [Thread-1 (]: 22 of 26 PASS unique_mart_charging_analytics_session_id ........................ [[32mPASS[0m in 0.07s]
[0m15:49:41.412068 [debug] [Thread-1 (]: Finished running node test.vinfast.unique_mart_charging_analytics_session_id.7bde64dec9
[0m15:49:41.412068 [debug] [Thread-1 (]: Began running node test.vinfast.unique_mart_customer_360_customer_id.5c1d6e23ae
[0m15:49:41.412068 [info ] [Thread-1 (]: 23 of 26 START test unique_mart_customer_360_customer_id ....................... [RUN]
[0m15:49:41.414286 [debug] [Thread-1 (]: Re-using an available connection from the pool (formerly test.vinfast.unique_mart_charging_analytics_session_id.7bde64dec9, now test.vinfast.unique_mart_customer_360_customer_id.5c1d6e23ae)
[0m15:49:41.414286 [debug] [Thread-1 (]: Began compiling node test.vinfast.unique_mart_customer_360_customer_id.5c1d6e23ae
[0m15:49:41.419383 [debug] [Thread-1 (]: Writing injected SQL for node "test.vinfast.unique_mart_customer_360_customer_id.5c1d6e23ae"
[0m15:49:41.419915 [debug] [Thread-1 (]: Began executing node test.vinfast.unique_mart_customer_360_customer_id.5c1d6e23ae
[0m15:49:41.421019 [debug] [Thread-1 (]: Writing runtime sql for node "test.vinfast.unique_mart_customer_360_customer_id.5c1d6e23ae"
[0m15:49:41.422303 [debug] [Thread-1 (]: dbt_clickhouse adapter: On test.vinfast.unique_mart_customer_360_customer_id.5c1d6e23ae: /* {"app": "dbt", "dbt_version": "1.12.3", "profile_name": "vinfast", "target_name": "docker", "node_id": "test.vinfast.unique_mart_customer_360_customer_id.5c1d6e23ae"} */

    
    
    select
      count(*) as failures,
      count(*) != 0 as should_warn,
      count(*) != 0 as should_error
    from (
      
    
  
    
    

select
    customer_id as unique_field,
    count(*) as n_records

from `vinfast`.`mart_customer_360`
where customer_id is not null
group by customer_id
having count(*) > 1



  
  
    ) dbt_internal_test...
[0m15:49:41.475262 [debug] [Thread-1 (]: dbt_clickhouse adapter: SQL status: OK in 0.05 seconds
[0m15:49:41.477705 [info ] [Thread-1 (]: 23 of 26 PASS unique_mart_customer_360_customer_id ............................. [[32mPASS[0m in 0.07s]
[0m15:49:41.479488 [debug] [Thread-1 (]: Finished running node test.vinfast.unique_mart_customer_360_customer_id.5c1d6e23ae
[0m15:49:41.480160 [debug] [Thread-1 (]: Began running node test.vinfast.unique_mart_daily_fleet_activity_date.ea9fa41de8
[0m15:49:41.480931 [info ] [Thread-1 (]: 24 of 26 START test unique_mart_daily_fleet_activity_date ...................... [RUN]
[0m15:49:41.482375 [debug] [Thread-1 (]: Re-using an available connection from the pool (formerly test.vinfast.unique_mart_customer_360_customer_id.5c1d6e23ae, now test.vinfast.unique_mart_daily_fleet_activity_date.ea9fa41de8)
[0m15:49:41.483002 [debug] [Thread-1 (]: Began compiling node test.vinfast.unique_mart_daily_fleet_activity_date.ea9fa41de8
[0m15:49:41.489207 [debug] [Thread-1 (]: Writing injected SQL for node "test.vinfast.unique_mart_daily_fleet_activity_date.ea9fa41de8"
[0m15:49:41.489207 [debug] [Thread-1 (]: Began executing node test.vinfast.unique_mart_daily_fleet_activity_date.ea9fa41de8
[0m15:49:41.489207 [debug] [Thread-1 (]: Writing runtime sql for node "test.vinfast.unique_mart_daily_fleet_activity_date.ea9fa41de8"
[0m15:49:41.489207 [debug] [Thread-1 (]: dbt_clickhouse adapter: On test.vinfast.unique_mart_daily_fleet_activity_date.ea9fa41de8: /* {"app": "dbt", "dbt_version": "1.12.3", "profile_name": "vinfast", "target_name": "docker", "node_id": "test.vinfast.unique_mart_daily_fleet_activity_date.ea9fa41de8"} */

    
    
    select
      count(*) as failures,
      count(*) != 0 as should_warn,
      count(*) != 0 as should_error
    from (
      
    
  
    
    

select
    activity_date as unique_field,
    count(*) as n_records

from `vinfast`.`mart_daily_fleet`
where activity_date is not null
group by activity_date
having count(*) > 1



  
  
    ) dbt_internal_test...
[0m15:49:41.547184 [debug] [Thread-1 (]: dbt_clickhouse adapter: SQL status: OK in 0.06 seconds
[0m15:49:41.548693 [info ] [Thread-1 (]: 24 of 26 PASS unique_mart_daily_fleet_activity_date ............................ [[32mPASS[0m in 0.07s]
[0m15:49:41.548693 [debug] [Thread-1 (]: Finished running node test.vinfast.unique_mart_daily_fleet_activity_date.ea9fa41de8
[0m15:49:41.548693 [debug] [Thread-1 (]: Began running node test.vinfast.unique_mart_sales_pipeline_dealer_id.2bb465ec1c
[0m15:49:41.548693 [info ] [Thread-1 (]: 25 of 26 START test unique_mart_sales_pipeline_dealer_id ....................... [RUN]
[0m15:49:41.548693 [debug] [Thread-1 (]: Re-using an available connection from the pool (formerly test.vinfast.unique_mart_daily_fleet_activity_date.ea9fa41de8, now test.vinfast.unique_mart_sales_pipeline_dealer_id.2bb465ec1c)
[0m15:49:41.548693 [debug] [Thread-1 (]: Began compiling node test.vinfast.unique_mart_sales_pipeline_dealer_id.2bb465ec1c
[0m15:49:41.558436 [debug] [Thread-1 (]: Writing injected SQL for node "test.vinfast.unique_mart_sales_pipeline_dealer_id.2bb465ec1c"
[0m15:49:41.558436 [debug] [Thread-1 (]: Began executing node test.vinfast.unique_mart_sales_pipeline_dealer_id.2bb465ec1c
[0m15:49:41.558436 [debug] [Thread-1 (]: Writing runtime sql for node "test.vinfast.unique_mart_sales_pipeline_dealer_id.2bb465ec1c"
[0m15:49:41.563068 [debug] [Thread-1 (]: dbt_clickhouse adapter: On test.vinfast.unique_mart_sales_pipeline_dealer_id.2bb465ec1c: /* {"app": "dbt", "dbt_version": "1.12.3", "profile_name": "vinfast", "target_name": "docker", "node_id": "test.vinfast.unique_mart_sales_pipeline_dealer_id.2bb465ec1c"} */

    
    
    select
      count(*) as failures,
      count(*) != 0 as should_warn,
      count(*) != 0 as should_error
    from (
      
    
  
    
    

select
    dealer_id as unique_field,
    count(*) as n_records

from `vinfast`.`mart_sales_pipeline`
where dealer_id is not null
group by dealer_id
having count(*) > 1



  
  
    ) dbt_internal_test...
[0m15:49:41.612391 [debug] [Thread-1 (]: dbt_clickhouse adapter: SQL status: OK in 0.05 seconds
[0m15:49:41.614421 [info ] [Thread-1 (]: 25 of 26 PASS unique_mart_sales_pipeline_dealer_id ............................. [[32mPASS[0m in 0.07s]
[0m15:49:41.614421 [debug] [Thread-1 (]: Finished running node test.vinfast.unique_mart_sales_pipeline_dealer_id.2bb465ec1c
[0m15:49:41.614421 [debug] [Thread-1 (]: Began running node test.vinfast.unique_mart_vehicle_360_vehicle_id.dc396ba6fd
[0m15:49:41.614421 [info ] [Thread-1 (]: 26 of 26 START test unique_mart_vehicle_360_vehicle_id ......................... [RUN]
[0m15:49:41.618456 [debug] [Thread-1 (]: Re-using an available connection from the pool (formerly test.vinfast.unique_mart_sales_pipeline_dealer_id.2bb465ec1c, now test.vinfast.unique_mart_vehicle_360_vehicle_id.dc396ba6fd)
[0m15:49:41.618456 [debug] [Thread-1 (]: Began compiling node test.vinfast.unique_mart_vehicle_360_vehicle_id.dc396ba6fd
[0m15:49:41.618456 [debug] [Thread-1 (]: Writing injected SQL for node "test.vinfast.unique_mart_vehicle_360_vehicle_id.dc396ba6fd"
[0m15:49:41.628592 [debug] [Thread-1 (]: Began executing node test.vinfast.unique_mart_vehicle_360_vehicle_id.dc396ba6fd
[0m15:49:41.628592 [debug] [Thread-1 (]: Writing runtime sql for node "test.vinfast.unique_mart_vehicle_360_vehicle_id.dc396ba6fd"
[0m15:49:41.628592 [debug] [Thread-1 (]: dbt_clickhouse adapter: On test.vinfast.unique_mart_vehicle_360_vehicle_id.dc396ba6fd: /* {"app": "dbt", "dbt_version": "1.12.3", "profile_name": "vinfast", "target_name": "docker", "node_id": "test.vinfast.unique_mart_vehicle_360_vehicle_id.dc396ba6fd"} */

    
    
    select
      count(*) as failures,
      count(*) != 0 as should_warn,
      count(*) != 0 as should_error
    from (
      
    
  
    
    

select
    vehicle_id as unique_field,
    count(*) as n_records

from `vinfast`.`mart_vehicle_360`
where vehicle_id is not null
group by vehicle_id
having count(*) > 1



  
  
    ) dbt_internal_test...
[0m15:49:41.678434 [debug] [Thread-1 (]: dbt_clickhouse adapter: SQL status: OK in 0.05 seconds
[0m15:49:41.678434 [info ] [Thread-1 (]: 26 of 26 PASS unique_mart_vehicle_360_vehicle_id ............................... [[32mPASS[0m in 0.06s]
[0m15:49:41.678434 [debug] [Thread-1 (]: Finished running node test.vinfast.unique_mart_vehicle_360_vehicle_id.dc396ba6fd
[0m15:49:41.688517 [debug] [MainThread]: Connection 'master' was properly closed.
[0m15:49:41.689566 [debug] [MainThread]: Connection 'list__vinfast' was left open.
[0m15:49:41.689566 [debug] [MainThread]: On list__vinfast: Close
[0m15:49:41.689566 [debug] [MainThread]: Connection 'test.vinfast.unique_mart_vehicle_360_vehicle_id.dc396ba6fd' was left open.
[0m15:49:41.689566 [debug] [MainThread]: On test.vinfast.unique_mart_vehicle_360_vehicle_id.dc396ba6fd: Close
[0m15:49:41.689566 [info ] [MainThread]: 
[0m15:49:41.689566 [info ] [MainThread]: Finished running 26 data tests in 0 hours 0 minutes and 3.15 seconds (3.15s).
[0m15:49:41.698342 [debug] [MainThread]: Command end result
[0m15:49:41.745754 [debug] [MainThread]: Wrote artifact WritableManifest to D:\DE_prj\Vinfast_v1\dbt_project\target\manifest.json
[0m15:49:41.748368 [debug] [MainThread]: Wrote artifact SemanticManifest to D:\DE_prj\Vinfast_v1\dbt_project\target\semantic_manifest.json
[0m15:49:41.752659 [debug] [MainThread]: Wrote artifact OsiDocument to D:\DE_prj\Vinfast_v1\dbt_project\target\osi_document.json
[0m15:49:41.758777 [debug] [MainThread]: Wrote artifact RunExecutionResult to D:\DE_prj\Vinfast_v1\dbt_project\target\run_results.json
[0m15:49:41.758777 [info ] [MainThread]: 
[0m15:49:41.758777 [info ] [MainThread]: [32mCompleted successfully[0m
[0m15:49:41.758777 [info ] [MainThread]: 
[0m15:49:41.758777 [info ] [MainThread]: Done. PASS=26 WARN=0 ERROR=0 SKIP=0 NO-OP=0 REUSED=0 TOTAL=26
[0m15:49:41.758777 [debug] [MainThread]: Command `python -m dbt.cli.main test` succeeded at 15:49:41.758777 after 4.18 seconds
[0m15:49:41.758777 [debug] [MainThread]: Sending event: {'category': 'dbt', 'action': 'invocation', 'label': 'end', 'context': [<snowplow_tracker.self_describing_json.SelfDescribingJson object at 0x0000023F1E3A9A20>, <snowplow_tracker.self_describing_json.SelfDescribingJson object at 0x0000023F1E4B1B70>, <snowplow_tracker.self_describing_json.SelfDescribingJson object at 0x0000023F2155ED40>]}
[0m15:49:41.758777 [debug] [MainThread]: Flushing usage events
[0m15:49:42.698828 [debug] [MainThread]: An error was encountered while trying to flush usage events
[0m15:51:00.493321 [debug] [MainThread]: Sending event: {'category': 'dbt', 'action': 'invocation', 'label': 'start', 'context': [<snowplow_tracker.self_describing_json.SelfDescribingJson object at 0x000001A15EB46080>, <snowplow_tracker.self_describing_json.SelfDescribingJson object at 0x000001A161157700>, <snowplow_tracker.self_describing_json.SelfDescribingJson object at 0x000001A1611574F0>]}


============================== 15:51:00.500509 | 10b747f0-8331-44e2-b808-e8095db5aae4 ==============================
[0m15:51:00.500509 [info ] [MainThread]: Running with dbt=1.12.3
[0m15:51:00.500509 [debug] [MainThread]: running dbt with arguments {'maximum_seed_size_mib': '1', 'no_print': 'None', 'static_parser': 'True', 'target_path': 'None', 'warn_error_options': 'WarnErrorOptionsV2(error=[], warn=[], silence=[])', 'version_check': 'True', 'printer_width': '80', 'write_json': 'True', 'introspect': 'True', 'log_cache_events': 'False', 'empty': 'False', 'cache_selected_only': 'False', 'log_format': 'default', 'debug': 'False', 'fail_fast': 'False', 'partial_parse': 'True', 'send_anonymous_usage_stats': 'True', 'quiet': 'False', 'warn_error': 'None', 'profiles_dir': '.', 'use_colors': 'True', 'hints_enabled': 'True', 'indirect_selection': 'eager', 'use_experimental_parser': 'False', 'invocation_command': 'dbt run --profiles-dir . --target docker', 'log_path': 'D:\\DE_prj\\Vinfast_v1\\dbt_project\\logs'}
[0m15:51:00.733567 [debug] [MainThread]: Sending event: {'category': 'dbt', 'action': 'project_id', 'label': '10b747f0-8331-44e2-b808-e8095db5aae4', 'context': [<snowplow_tracker.self_describing_json.SelfDescribingJson object at 0x000001A1611AF550>]}
[0m15:51:00.808405 [debug] [MainThread]: Sending event: {'category': 'dbt', 'action': 'adapter_info', 'label': '10b747f0-8331-44e2-b808-e8095db5aae4', 'context': [<snowplow_tracker.self_describing_json.SelfDescribingJson object at 0x000001A16120E920>]}
[0m15:51:00.808405 [info ] [MainThread]: Registered adapter: clickhouse=1.9.3
[0m15:51:01.011442 [debug] [MainThread]: checksum: 09915bdc41c29a1a682073d27ab01e44f5df6677538e1db23cf8667eab1919cd, vars: {}, profile: vinfast, target: docker, version: 1.12.3
[0m15:51:01.148441 [debug] [MainThread]: Partial parsing enabled: 0 files deleted, 0 files added, 0 files changed.
[0m15:51:01.148441 [debug] [MainThread]: Nothing changed, skipping partial parsing.
[0m15:51:01.148441 [debug] [MainThread]: Partial parsing enabled, no changes found, skipping parsing
[0m15:51:01.158697 [debug] [MainThread]: Sending event: {'category': 'dbt', 'action': 'load_project', 'label': '10b747f0-8331-44e2-b808-e8095db5aae4', 'context': [<snowplow_tracker.self_describing_json.SelfDescribingJson object at 0x000001A161827F70>]}
[0m15:51:01.288405 [debug] [MainThread]: Wrote artifact WritableManifest to D:\DE_prj\Vinfast_v1\dbt_project\target\manifest.json
[0m15:51:01.288405 [debug] [MainThread]: Wrote artifact SemanticManifest to D:\DE_prj\Vinfast_v1\dbt_project\target\semantic_manifest.json
[0m15:51:01.308757 [debug] [MainThread]: Wrote artifact OsiDocument to D:\DE_prj\Vinfast_v1\dbt_project\target\osi_document.json
[0m15:51:01.318619 [debug] [MainThread]: Sending event: {'category': 'dbt', 'action': 'resource_counts', 'label': '10b747f0-8331-44e2-b808-e8095db5aae4', 'context': [<snowplow_tracker.self_describing_json.SelfDescribingJson object at 0x000001A16176FD30>]}
[0m15:51:01.318619 [info ] [MainThread]: Found 16 models, 26 data tests, 635 macros
[0m15:51:01.318619 [debug] [MainThread]: Sending event: {'category': 'dbt', 'action': 'runnable_timing', 'label': '10b747f0-8331-44e2-b808-e8095db5aae4', 'context': [<snowplow_tracker.self_describing_json.SelfDescribingJson object at 0x000001A16176FD30>]}
[0m15:51:01.318619 [info ] [MainThread]: 
[0m15:51:01.318619 [info ] [MainThread]: Concurrency: 1 threads (target='docker')
[0m15:51:01.318619 [info ] [MainThread]: 
[0m15:51:01.318619 [debug] [MainThread]: Acquiring new clickhouse connection 'master'
[0m15:51:01.328518 [debug] [ThreadPool]: Acquiring new clickhouse connection 'list_'
[0m15:51:01.338647 [debug] [ThreadPool]: Opening a new connection, currently in state init
[0m15:51:01.874216 [debug] [ThreadPool]: dbt_clickhouse adapter: On list_: /* {"app": "dbt", "dbt_version": "1.12.3", "profile_name": "vinfast", "target_name": "docker", "connection_name": "list_"} */

    select name from system.databases
  ...
[0m15:51:01.922137 [debug] [ThreadPool]: dbt_clickhouse adapter: SQL status: OK in 0.05 seconds
[0m15:51:01.967627 [debug] [ThreadPool]: Acquiring new clickhouse connection 'list__vinfast'
[0m15:51:01.970734 [debug] [ThreadPool]: Opening a new connection, currently in state init
[0m15:51:02.517765 [debug] [ThreadPool]: dbt_clickhouse adapter: On list__vinfast: /* {"app": "dbt", "dbt_version": "1.12.3", "profile_name": "vinfast", "target_name": "docker", "connection_name": "list__vinfast"} */
select
      t.name as name,
      t.database as schema,
      multiIf(
        engine in ('MaterializedView', 'View'), 'view',
        engine = 'Dictionary', 'dictionary',
        'table'
      ) as type,
      db.engine as db_engine,0 as is_on_cluster
          from system.tables as t join system.databases as db on t.database = db.name
        where schema = 'vinfast'
      

  ...
[0m15:51:02.568590 [debug] [ThreadPool]: dbt_clickhouse adapter: SQL status: OK in 0.05 seconds
[0m15:51:02.580526 [debug] [MainThread]: Sending event: {'category': 'dbt', 'action': 'runnable_timing', 'label': '10b747f0-8331-44e2-b808-e8095db5aae4', 'context': [<snowplow_tracker.self_describing_json.SelfDescribingJson object at 0x000001A161239AE0>]}
[0m15:51:02.585914 [debug] [Thread-1 (]: Began running node model.vinfast.stg_charging_ext
[0m15:51:02.587917 [info ] [Thread-1 (]: 1 of 16 START sql view model `vinfast`.`stg_charging_ext` ...................... [RUN]
[0m15:51:02.588422 [debug] [Thread-1 (]: Acquiring new clickhouse connection 'model.vinfast.stg_charging_ext'
[0m15:51:02.588422 [debug] [Thread-1 (]: Began compiling node model.vinfast.stg_charging_ext
[0m15:51:02.668601 [debug] [Thread-1 (]: Writing injected SQL for node "model.vinfast.stg_charging_ext"
[0m15:51:02.668601 [debug] [Thread-1 (]: Began executing node model.vinfast.stg_charging_ext
[0m15:51:02.678342 [debug] [Thread-1 (]: Relation stg_charging_ext already exists, replacing it
[0m15:51:02.689589 [debug] [Thread-1 (]: Opening a new connection, currently in state init
[0m15:51:03.223175 [debug] [Thread-1 (]: Writing runtime sql for node "model.vinfast.stg_charging_ext"
[0m15:51:03.223697 [debug] [Thread-1 (]: dbt_clickhouse adapter: On model.vinfast.stg_charging_ext: /* {"app": "dbt", "dbt_version": "1.12.3", "profile_name": "vinfast", "target_name": "docker", "node_id": "model.vinfast.stg_charging_ext"} */


  create or replace view `vinfast`.`stg_charging_ext` 
  
    
  
  
    
    
  as (
    

select
    session_id,
    vin,
    vehicle_id,
    station_id,
    connector_id,
    charger_type,
    started_at,
    ended_at,
    kwh_delivered,
    cost_vnd,
    payment_method,
    duration_min,
    duration_hours,
    avg_power_kw,
    cost_per_kwh_vnd,
    is_fast_charge,
    source
from s3('http://minio:9000/vinfast-silver/charging_ext/*/data.parquet', 'vinfast', 'vinfast123', 'Parquet',
    'session_id String, vin Nullable(String), vehicle_id Nullable(String), station_id String, connector_id String, charger_type String, started_at DateTime64(3), ended_at DateTime64(3), kwh_delivered Float64, cost_vnd Int64, payment_method String, duration_min Float64, duration_hours Float64, avg_power_kw Nullable(Float64), cost_per_kwh_vnd Nullable(Float64), is_fast_charge Bool, source String, year Nullable(Int32), month Nullable(Int32), day Nullable(Int32)')
    
  )
      
      
                    -- end_of_sql
                    
                    ...
[0m15:51:03.278561 [debug] [Thread-1 (]: dbt_clickhouse adapter: SQL status: OK in 0.05 seconds
[0m15:51:03.301847 [debug] [Thread-1 (]: Sending event: {'category': 'dbt', 'action': 'run_model', 'label': '10b747f0-8331-44e2-b808-e8095db5aae4', 'context': [<snowplow_tracker.self_describing_json.SelfDescribingJson object at 0x000001A15C4ABC40>]}
[0m15:51:03.301847 [info ] [Thread-1 (]: 1 of 16 OK created sql view model `vinfast`.`stg_charging_ext` ................. [[32mOK[0m in 0.71s]
[0m15:51:03.301847 [debug] [Thread-1 (]: Finished running node model.vinfast.stg_charging_ext
[0m15:51:03.301847 [debug] [Thread-1 (]: Began running node model.vinfast.stg_charging_sessions
[0m15:51:03.303868 [info ] [Thread-1 (]: 2 of 16 START sql view model `vinfast`.`stg_charging_sessions` ................. [RUN]
[0m15:51:03.304479 [debug] [Thread-1 (]: Re-using an available connection from the pool (formerly model.vinfast.stg_charging_ext, now model.vinfast.stg_charging_sessions)
[0m15:51:03.304479 [debug] [Thread-1 (]: Began compiling node model.vinfast.stg_charging_sessions
[0m15:51:03.305088 [debug] [Thread-1 (]: Writing injected SQL for node "model.vinfast.stg_charging_sessions"
[0m15:51:03.305088 [debug] [Thread-1 (]: Began executing node model.vinfast.stg_charging_sessions
[0m15:51:03.308119 [debug] [Thread-1 (]: Relation stg_charging_sessions already exists, replacing it
[0m15:51:03.309544 [debug] [Thread-1 (]: Writing runtime sql for node "model.vinfast.stg_charging_sessions"
[0m15:51:03.309544 [debug] [Thread-1 (]: dbt_clickhouse adapter: On model.vinfast.stg_charging_sessions: /* {"app": "dbt", "dbt_version": "1.12.3", "profile_name": "vinfast", "target_name": "docker", "node_id": "model.vinfast.stg_charging_sessions"} */


  create or replace view `vinfast`.`stg_charging_sessions` 
  
    
  
  
    
    
  as (
    

-- Staging charging sessions (mạng VinFast nội bộ, trích từ telemetry):
-- đọc Silver Parquet trực tiếp từ MinIO. Các cột phái sinh (avg_power_kw,
-- cost_per_kwh_vnd, is_fast_charge, charge_efficiency_pct) do plugin
-- charging_internal tính ở tầng Silver; tầng dbt chỉ giới hạn hiệu suất 0-200%.
select
    session_id,
    vehicle_id,
    station_id,
    charger_type,
    power_kw,
    started_at,
    ended_at,
    duration_min,
    duration_min / 60.0 as duration_hours,
    kwh_delivered,
    start_soc_pct,
    end_soc_pct,
    cost_vnd,
    payment_method,
    avg_power_kw,
    cost_per_kwh_vnd,
    is_fast_charge,
    least(greatest(charge_efficiency_pct, 0), 200) as charge_efficiency_pct
from s3('http://minio:9000/vinfast-silver/charging_internal/*/data.parquet', 'vinfast', 'vinfast123', 'Parquet', 'session_id String, vehicle_id String, station_id String, charger_type String, power_kw Nullable(Float64), started_at DateTime64(3), ended_at DateTime64(3), duration_min Float64, kwh_delivered Float64, start_soc_pct Nullable(Float64), end_soc_pct Nullable(Float64), cost_vnd Int64, payment_method String, battery_kwh Nullable(Float64), duration_hours Nullable(Float64), avg_power_kw Nullable(Float64), cost_per_kwh_vnd Nullable(Float64), is_fast_charge Bool, charge_efficiency_pct Nullable(Float64), year Nullable(Int32), month Nullable(Int32), day Nullable(Int32)')
where session_id IS NOT NULL
  and vehicle_id IS NOT NULL
  and started_at IS NOT NULL
  and ended_at IS NOT NULL
    
  )
      
      
                    -- end_of_sql
                    
                    ...
[0m15:51:03.368509 [debug] [Thread-1 (]: dbt_clickhouse adapter: SQL status: OK in 0.05 seconds
[0m15:51:03.371730 [debug] [Thread-1 (]: Sending event: {'category': 'dbt', 'action': 'run_model', 'label': '10b747f0-8331-44e2-b808-e8095db5aae4', 'context': [<snowplow_tracker.self_describing_json.SelfDescribingJson object at 0x000001A161017DF0>]}
[0m15:51:03.371730 [info ] [Thread-1 (]: 2 of 16 OK created sql view model `vinfast`.`stg_charging_sessions` ............ [[32mOK[0m in 0.07s]
[0m15:51:03.371730 [debug] [Thread-1 (]: Finished running node model.vinfast.stg_charging_sessions
[0m15:51:03.378843 [debug] [Thread-1 (]: Began running node model.vinfast.stg_crm_customers
[0m15:51:03.378843 [info ] [Thread-1 (]: 3 of 16 START sql view model `vinfast`.`stg_crm_customers` ..................... [RUN]
[0m15:51:03.378843 [debug] [Thread-1 (]: Re-using an available connection from the pool (formerly model.vinfast.stg_charging_sessions, now model.vinfast.stg_crm_customers)
[0m15:51:03.378843 [debug] [Thread-1 (]: Began compiling node model.vinfast.stg_crm_customers
[0m15:51:03.381412 [debug] [Thread-1 (]: Writing injected SQL for node "model.vinfast.stg_crm_customers"
[0m15:51:03.381412 [debug] [Thread-1 (]: Began executing node model.vinfast.stg_crm_customers
[0m15:51:03.381412 [debug] [Thread-1 (]: Relation stg_crm_customers already exists, replacing it
[0m15:51:03.386025 [debug] [Thread-1 (]: Writing runtime sql for node "model.vinfast.stg_crm_customers"
[0m15:51:03.386025 [debug] [Thread-1 (]: dbt_clickhouse adapter: On model.vinfast.stg_crm_customers: /* {"app": "dbt", "dbt_version": "1.12.3", "profile_name": "vinfast", "target_name": "docker", "node_id": "model.vinfast.stg_crm_customers"} */


  create or replace view `vinfast`.`stg_crm_customers` 
  
    
  
  
    
    
  as (
    

-- Staging CRM customers: reads Silver parquet from MinIO via s3() glob for date partitions (excludes stale no-date key)
select
    customer_id,
    phone,
    name,
    email,
    status,
    nullIf(city_code, '') as city_code,
    registered_at,
    crm_customer_code
from s3('http://minio:9000/vinfast-silver/crm/customer/*/data.parquet', 'vinfast', 'vinfast123', 'Parquet',
    'customer_id String, phone String, name String, email Nullable(String), status String, city_code String, registered_at DateTime64(3), crm_customer_code String, year Nullable(Int32), month Nullable(Int32)')
    
  )
      
      
                    -- end_of_sql
                    
                    ...
[0m15:51:03.443481 [debug] [Thread-1 (]: dbt_clickhouse adapter: SQL status: OK in 0.06 seconds
[0m15:51:03.447646 [debug] [Thread-1 (]: Sending event: {'category': 'dbt', 'action': 'run_model', 'label': '10b747f0-8331-44e2-b808-e8095db5aae4', 'context': [<snowplow_tracker.self_describing_json.SelfDescribingJson object at 0x000001A15C5919F0>]}
[0m15:51:03.447646 [info ] [Thread-1 (]: 3 of 16 OK created sql view model `vinfast`.`stg_crm_customers` ................ [[32mOK[0m in 0.07s]
[0m15:51:03.448662 [debug] [Thread-1 (]: Finished running node model.vinfast.stg_crm_customers
[0m15:51:03.448662 [debug] [Thread-1 (]: Began running node model.vinfast.stg_crm_interactions
[0m15:51:03.448662 [info ] [Thread-1 (]: 4 of 16 START sql view model `vinfast`.`stg_crm_interactions` .................. [RUN]
[0m15:51:03.450966 [debug] [Thread-1 (]: Re-using an available connection from the pool (formerly model.vinfast.stg_crm_customers, now model.vinfast.stg_crm_interactions)
[0m15:51:03.450966 [debug] [Thread-1 (]: Began compiling node model.vinfast.stg_crm_interactions
[0m15:51:03.452988 [debug] [Thread-1 (]: Writing injected SQL for node "model.vinfast.stg_crm_interactions"
[0m15:51:03.455907 [debug] [Thread-1 (]: Began executing node model.vinfast.stg_crm_interactions
[0m15:51:03.460267 [debug] [Thread-1 (]: Relation stg_crm_interactions already exists, replacing it
[0m15:51:03.462090 [debug] [Thread-1 (]: Writing runtime sql for node "model.vinfast.stg_crm_interactions"
[0m15:51:03.464124 [debug] [Thread-1 (]: dbt_clickhouse adapter: On model.vinfast.stg_crm_interactions: /* {"app": "dbt", "dbt_version": "1.12.3", "profile_name": "vinfast", "target_name": "docker", "node_id": "model.vinfast.stg_crm_interactions"} */


  create or replace view `vinfast`.`stg_crm_interactions` 
  
    
  
  
    
    
  as (
    

select
    interaction_id,
    phone,
    customer_id,
    type,
    occurred_at,
    outcome,
    agent,
    notes
from s3('http://minio:9000/vinfast-silver/crm/interaction/*/data.parquet', 'vinfast', 'vinfast123', 'Parquet',
    'interaction_id String, phone String, customer_id String, type String, occurred_at DateTime64(3), outcome String, agent String, notes String, year Nullable(Int32), month Nullable(Int32)')
    
  )
      
      
                    -- end_of_sql
                    
                    ...
[0m15:51:03.508623 [debug] [Thread-1 (]: dbt_clickhouse adapter: SQL status: OK in 0.04 seconds
[0m15:51:03.518783 [debug] [Thread-1 (]: Sending event: {'category': 'dbt', 'action': 'run_model', 'label': '10b747f0-8331-44e2-b808-e8095db5aae4', 'context': [<snowplow_tracker.self_describing_json.SelfDescribingJson object at 0x000001A161017DF0>]}
[0m15:51:03.518783 [info ] [Thread-1 (]: 4 of 16 OK created sql view model `vinfast`.`stg_crm_interactions` ............. [[32mOK[0m in 0.07s]
[0m15:51:03.518783 [debug] [Thread-1 (]: Finished running node model.vinfast.stg_crm_interactions
[0m15:51:03.518783 [debug] [Thread-1 (]: Began running node model.vinfast.stg_dms_dealers
[0m15:51:03.518783 [info ] [Thread-1 (]: 5 of 16 START sql view model `vinfast`.`stg_dms_dealers` ....................... [RUN]
[0m15:51:03.518783 [debug] [Thread-1 (]: Re-using an available connection from the pool (formerly model.vinfast.stg_crm_interactions, now model.vinfast.stg_dms_dealers)
[0m15:51:03.518783 [debug] [Thread-1 (]: Began compiling node model.vinfast.stg_dms_dealers
[0m15:51:03.518783 [debug] [Thread-1 (]: Writing injected SQL for node "model.vinfast.stg_dms_dealers"
[0m15:51:03.518783 [debug] [Thread-1 (]: Began executing node model.vinfast.stg_dms_dealers
[0m15:51:03.525509 [debug] [Thread-1 (]: Relation stg_dms_dealers already exists, replacing it
[0m15:51:03.525509 [debug] [Thread-1 (]: Writing runtime sql for node "model.vinfast.stg_dms_dealers"
[0m15:51:03.527582 [debug] [Thread-1 (]: dbt_clickhouse adapter: On model.vinfast.stg_dms_dealers: /* {"app": "dbt", "dbt_version": "1.12.3", "profile_name": "vinfast", "target_name": "docker", "node_id": "model.vinfast.stg_dms_dealers"} */


  create or replace view `vinfast`.`stg_dms_dealers` 
  
    
  
  
    
    
  as (
    

select
    dealer_id,
    name,
    nullIf(city_code, '') as city_code,
    address,
    lat,
    lon,
    type
from s3('http://minio:9000/vinfast-silver/dms/dealer/*/data.parquet', 'vinfast', 'vinfast123', 'Parquet',
    'dealer_id String, name String, city_code String, address String, lat Float64, lon Float64, type String, year Nullable(Int32), month Nullable(Int32)')
    
  )
      
      
                    -- end_of_sql
                    
                    ...
[0m15:51:03.575186 [debug] [Thread-1 (]: dbt_clickhouse adapter: SQL status: OK in 0.05 seconds
[0m15:51:03.578788 [debug] [Thread-1 (]: Sending event: {'category': 'dbt', 'action': 'run_model', 'label': '10b747f0-8331-44e2-b808-e8095db5aae4', 'context': [<snowplow_tracker.self_describing_json.SelfDescribingJson object at 0x000001A15C5919F0>]}
[0m15:51:03.578788 [info ] [Thread-1 (]: 5 of 16 OK created sql view model `vinfast`.`stg_dms_dealers` .................. [[32mOK[0m in 0.06s]
[0m15:51:03.578788 [debug] [Thread-1 (]: Finished running node model.vinfast.stg_dms_dealers
[0m15:51:03.578788 [debug] [Thread-1 (]: Began running node model.vinfast.stg_dms_sales_orders
[0m15:51:03.578788 [info ] [Thread-1 (]: 6 of 16 START sql view model `vinfast`.`stg_dms_sales_orders` .................. [RUN]
[0m15:51:03.578788 [debug] [Thread-1 (]: Re-using an available connection from the pool (formerly model.vinfast.stg_dms_dealers, now model.vinfast.stg_dms_sales_orders)
[0m15:51:03.578788 [debug] [Thread-1 (]: Began compiling node model.vinfast.stg_dms_sales_orders
[0m15:51:03.578788 [debug] [Thread-1 (]: Writing injected SQL for node "model.vinfast.stg_dms_sales_orders"
[0m15:51:03.578788 [debug] [Thread-1 (]: Began executing node model.vinfast.stg_dms_sales_orders
[0m15:51:03.586721 [debug] [Thread-1 (]: Relation stg_dms_sales_orders already exists, replacing it
[0m15:51:03.586721 [debug] [Thread-1 (]: Writing runtime sql for node "model.vinfast.stg_dms_sales_orders"
[0m15:51:03.588744 [debug] [Thread-1 (]: dbt_clickhouse adapter: On model.vinfast.stg_dms_sales_orders: /* {"app": "dbt", "dbt_version": "1.12.3", "profile_name": "vinfast", "target_name": "docker", "node_id": "model.vinfast.stg_dms_sales_orders"} */


  create or replace view `vinfast`.`stg_dms_sales_orders` 
  
    
  
  
    
    
  as (
    

select
    order_id,
    vin,
    vehicle_id,
    dealer_id,
    phone,
    sold_at,
    model,
    color,
    price_vnd,
    payment_method,
    warranty_start
from s3('http://minio:9000/vinfast-silver/dms/sales_order/*/data.parquet', 'vinfast', 'vinfast123', 'Parquet',
    'order_id String, vin String, vehicle_id Nullable(String), dealer_id String, phone String, sold_at String, model String, color String, price_vnd Float64, payment_method String, warranty_start String')
    
  )
      
      
                    -- end_of_sql
                    
                    ...
[0m15:51:03.638319 [debug] [Thread-1 (]: dbt_clickhouse adapter: SQL status: OK in 0.05 seconds
[0m15:51:03.640159 [debug] [Thread-1 (]: Sending event: {'category': 'dbt', 'action': 'run_model', 'label': '10b747f0-8331-44e2-b808-e8095db5aae4', 'context': [<snowplow_tracker.self_describing_json.SelfDescribingJson object at 0x000001A161156BF0>]}
[0m15:51:03.640159 [info ] [Thread-1 (]: 6 of 16 OK created sql view model `vinfast`.`stg_dms_sales_orders` ............. [[32mOK[0m in 0.06s]
[0m15:51:03.640159 [debug] [Thread-1 (]: Finished running node model.vinfast.stg_dms_sales_orders
[0m15:51:03.640159 [debug] [Thread-1 (]: Began running node model.vinfast.stg_telemetry
[0m15:51:03.640159 [info ] [Thread-1 (]: 7 of 16 START sql view model `vinfast`.`stg_telemetry` ......................... [RUN]
[0m15:51:03.640159 [debug] [Thread-1 (]: Re-using an available connection from the pool (formerly model.vinfast.stg_dms_sales_orders, now model.vinfast.stg_telemetry)
[0m15:51:03.640159 [debug] [Thread-1 (]: Began compiling node model.vinfast.stg_telemetry
[0m15:51:03.640159 [debug] [Thread-1 (]: Writing injected SQL for node "model.vinfast.stg_telemetry"
[0m15:51:03.640159 [debug] [Thread-1 (]: Began executing node model.vinfast.stg_telemetry
[0m15:51:03.647648 [debug] [Thread-1 (]: Relation stg_telemetry already exists, replacing it
[0m15:51:03.648709 [debug] [Thread-1 (]: Writing runtime sql for node "model.vinfast.stg_telemetry"
[0m15:51:03.648709 [debug] [Thread-1 (]: dbt_clickhouse adapter: On model.vinfast.stg_telemetry: /* {"app": "dbt", "dbt_version": "1.12.3", "profile_name": "vinfast", "target_name": "docker", "node_id": "model.vinfast.stg_telemetry"} */


  create or replace view `vinfast`.`stg_telemetry` 
  
    
  
  
    
    
  as (
    

-- Staging telemetry: đọc Silver Parquet trực tiếp từ MinIO (lakehouse path,
-- không qua bảng raw_* trung gian trong ClickHouse).
-- Biểu thức glob */data.parquet phủ mọi phân vùng ngày (batch_date key).
select
    vehicle_id,
    event_timestamp,
    model,
    type,
    battery_soc_pct,
    battery_soh_pct,
    battery_temp_c,
    battery_temp_avg_c,
    battery_temp_max_c,
    charging_status,
    speed_kmh,
    odometer_km,
    motor_rpm,
    motor_temp_c,
    inverter_temp_c,
    gear_mode,
    latitude,
    longitude,
    acceleration_x,
    acceleration_y,
    acceleration_z,
    lock_status,
    cabin_temp_c,
    hvac_power_kw,
    airbag_deployed,
    tire_pressure_fl_bar,
    tire_pressure_fr_bar,
    tire_pressure_rl_bar,
    tire_pressure_rr_bar,
    tire_pressure_min_bar,
    ambient_temp_c,
    is_charging,
    charging_power_kw,
    ignition_on,
    is_driving,
    is_idle,
    tire_pressure_alert,
    battery_temp_alert,
    high_speed_event,
    hard_brake_event,
    -- derived: true driving event (not idle, not charging)
    (is_driving AND NOT is_charging) as is_driving_event
from s3('http://minio:9000/vinfast-silver/telemetry/*/data.parquet', 'vinfast', 'vinfast123', 'Parquet', 'vehicle_id String, event_timestamp DateTime64(3), model String, type String, battery_soc_pct Float64, battery_soh_pct Float64, battery_temp_c Float64, battery_temp_avg_c Float64, battery_temp_max_c Float64, charging_status String, speed_kmh Float64, odometer_km Float64, motor_rpm Int32, motor_temp_c Float64, inverter_temp_c Float64, gear_mode String, latitude Float64, longitude Float64, acceleration_x Float64, acceleration_y Float64, acceleration_z Float64, lock_status String, cabin_temp_c Nullable(Float64), hvac_power_kw Float64, airbag_deployed Bool, tire_pressure_fl_bar Nullable(Float64), tire_pressure_fr_bar Nullable(Float64), tire_pressure_rl_bar Nullable(Float64), tire_pressure_rr_bar Nullable(Float64), ambient_temp_c Float64, is_charging Bool, charging_power_kw Float64, ignition_on Bool, is_driving Bool, is_idle Bool, tire_pressure_min_bar Nullable(Float64), tire_pressure_alert Bool, battery_temp_alert Bool, high_speed_event Bool, hard_brake_event Bool, year Nullable(Int32), month Nullable(Int32), day Nullable(Int32)')
where vehicle_id IS NOT NULL
  and event_timestamp IS NOT NULL
    
  )
      
      
                    -- end_of_sql
                    
                    ...
[0m15:51:03.698707 [debug] [Thread-1 (]: dbt_clickhouse adapter: SQL status: OK in 0.05 seconds
[0m15:51:03.698707 [debug] [Thread-1 (]: Sending event: {'category': 'dbt', 'action': 'run_model', 'label': '10b747f0-8331-44e2-b808-e8095db5aae4', 'context': [<snowplow_tracker.self_describing_json.SelfDescribingJson object at 0x000001A16108EE30>]}
[0m15:51:03.698707 [info ] [Thread-1 (]: 7 of 16 OK created sql view model `vinfast`.`stg_telemetry` .................... [[32mOK[0m in 0.06s]
[0m15:51:03.698707 [debug] [Thread-1 (]: Finished running node model.vinfast.stg_telemetry
[0m15:51:03.698707 [debug] [Thread-1 (]: Began running node model.vinfast.stg_vehicles
[0m15:51:03.698707 [info ] [Thread-1 (]: 8 of 16 START sql view model `vinfast`.`stg_vehicles` .......................... [RUN]
[0m15:51:03.698707 [debug] [Thread-1 (]: Re-using an available connection from the pool (formerly model.vinfast.stg_telemetry, now model.vinfast.stg_vehicles)
[0m15:51:03.698707 [debug] [Thread-1 (]: Began compiling node model.vinfast.stg_vehicles
[0m15:51:03.704609 [debug] [Thread-1 (]: Writing injected SQL for node "model.vinfast.stg_vehicles"
[0m15:51:03.704609 [debug] [Thread-1 (]: Began executing node model.vinfast.stg_vehicles
[0m15:51:03.704609 [debug] [Thread-1 (]: Relation stg_vehicles already exists, replacing it
[0m15:51:03.708525 [debug] [Thread-1 (]: Writing runtime sql for node "model.vinfast.stg_vehicles"
[0m15:51:03.708525 [debug] [Thread-1 (]: dbt_clickhouse adapter: On model.vinfast.stg_vehicles: /* {"app": "dbt", "dbt_version": "1.12.3", "profile_name": "vinfast", "target_name": "docker", "node_id": "model.vinfast.stg_vehicles"} */


  create or replace view `vinfast`.`stg_vehicles` 
  
    
  
  
    
    
  as (
    

-- Staging vehicles: đọc snapshot dimension từ MinIO Silver (entities pipeline),
-- join users để lấy thông tin chủ sở hữu. Các chỉ số thống kê vận hành
-- (total_events, avg_soc_pct, ...) không lưu trong dimension mà tính
-- trực tiếp từ stg_telemetry ở tầng intermediate/marts.
select
    v.vehicle_id,
    v.u_id,
    v.model,
    v.type,
    v.city_code,
    v.battery_kwh,
    v.battery_soh_pct,
    v.odometer_start_km,
    v.years_old,
    v.home_lat,
    v.home_lon,
    v.work_lat,
    v.work_lon,
    u.name as owner_name,
    u.phone as owner_phone
from s3('http://minio:9000/vinfast-silver/entities/vehicles/data.parquet', 'vinfast', 'vinfast123', 'Parquet', 'vehicle_id String, u_id String, model String, type String, city_code String, home_lat Float64, home_lon Float64, work_lat Float64, work_lon Float64, battery_kwh Float64, odometer_start_km Float64, tire_pressure_base_bar Float64, battery_soh_pct Float64, years_old Float64') as v
left join s3('http://minio:9000/vinfast-silver/entities/users/data.parquet', 'vinfast', 'vinfast123', 'Parquet', 'u_id String, name String, phone String') as u
    on v.u_id = u.u_id
where v.vehicle_id IS NOT NULL
    
  )
      
      
                    -- end_of_sql
                    
                    ...
[0m15:51:03.758643 [debug] [Thread-1 (]: dbt_clickhouse adapter: SQL status: OK in 0.05 seconds
[0m15:51:03.758643 [debug] [Thread-1 (]: Sending event: {'category': 'dbt', 'action': 'run_model', 'label': '10b747f0-8331-44e2-b808-e8095db5aae4', 'context': [<snowplow_tracker.self_describing_json.SelfDescribingJson object at 0x000001A161156BF0>]}
[0m15:51:03.758643 [info ] [Thread-1 (]: 8 of 16 OK created sql view model `vinfast`.`stg_vehicles` ..................... [[32mOK[0m in 0.06s]
[0m15:51:03.763708 [debug] [Thread-1 (]: Finished running node model.vinfast.stg_vehicles
[0m15:51:03.763708 [debug] [Thread-1 (]: Began running node model.vinfast.mart_charging_revenue
[0m15:51:03.763708 [info ] [Thread-1 (]: 9 of 16 START sql table model `vinfast`.`mart_charging_revenue` ................ [RUN]
[0m15:51:03.763708 [debug] [Thread-1 (]: Re-using an available connection from the pool (formerly model.vinfast.stg_vehicles, now model.vinfast.mart_charging_revenue)
[0m15:51:03.763708 [debug] [Thread-1 (]: Began compiling node model.vinfast.mart_charging_revenue
[0m15:51:03.763708 [debug] [Thread-1 (]: Writing injected SQL for node "model.vinfast.mart_charging_revenue"
[0m15:51:03.763708 [debug] [Thread-1 (]: Began executing node model.vinfast.mart_charging_revenue
[0m15:51:03.788597 [debug] [Thread-1 (]: dbt_clickhouse adapter: On model.vinfast.mart_charging_revenue: /* {"app": "dbt", "dbt_version": "1.12.3", "profile_name": "vinfast", "target_name": "docker", "node_id": "model.vinfast.mart_charging_revenue"} */

            

    
        create table `vinfast`.`mart_charging_revenue__dbt_backup`
        
  
        
  engine = MergeTree()
        
      order by (tuple())
        
        
        
        
                    -- end_of_sql
                    SETTINGS replicated_deduplication_window='0'

                    
            empty
          as (
            

select
    station_id,
    charger_type,
    count(*) as session_count,
    sum(kwh_delivered) as total_kwh,
    sum(cost_vnd) as total_revenue_vnd,
    avg(kwh_delivered) as avg_kwh
from `vinfast`.`stg_charging_ext`
group by station_id, charger_type
          )
        
        ...
[0m15:51:03.848727 [debug] [Thread-1 (]: dbt_clickhouse adapter: SQL status: OK in 0.06 seconds
[0m15:51:03.858829 [debug] [Thread-1 (]: dbt_clickhouse adapter: On model.vinfast.mart_charging_revenue: /* {"app": "dbt", "dbt_version": "1.12.3", "profile_name": "vinfast", "target_name": "docker", "node_id": "model.vinfast.mart_charging_revenue"} */

    select name, type from system.columns where table = 'mart_charging_revenue__dbt_backup'
    
      and database = 'vinfast'
    
    order by position
  ...
[0m15:51:03.898550 [debug] [Thread-1 (]: dbt_clickhouse adapter: SQL status: OK in 0.04 seconds
[0m15:51:03.908778 [debug] [Thread-1 (]: Writing runtime sql for node "model.vinfast.mart_charging_revenue"
[0m15:51:03.908778 [debug] [Thread-1 (]: dbt_clickhouse adapter: On model.vinfast.mart_charging_revenue: /* {"app": "dbt", "dbt_version": "1.12.3", "profile_name": "vinfast", "target_name": "docker", "node_id": "model.vinfast.mart_charging_revenue"} */

  
    
    
    
        
         


        insert into `vinfast`.`mart_charging_revenue__dbt_backup`
        ("station_id", "charger_type", "session_count", "total_kwh", "total_revenue_vnd", "avg_kwh")

select
    station_id,
    charger_type,
    count(*) as session_count,
    sum(kwh_delivered) as total_kwh,
    sum(cost_vnd) as total_revenue_vnd,
    avg(kwh_delivered) as avg_kwh
from `vinfast`.`stg_charging_ext`
group by station_id, charger_type
  ...
[0m15:51:03.972213 [debug] [Thread-1 (]: dbt_clickhouse adapter: SQL status: OK in 0.06 seconds
[0m15:51:03.978676 [debug] [Thread-1 (]: dbt_clickhouse adapter: On model.vinfast.mart_charging_revenue: /* {"app": "dbt", "dbt_version": "1.12.3", "profile_name": "vinfast", "target_name": "docker", "node_id": "model.vinfast.mart_charging_revenue"} */
EXCHANGE TABLES `vinfast`.`mart_charging_revenue__dbt_backup` AND `vinfast`.`mart_charging_revenue` 
  
  ...
[0m15:51:04.024138 [debug] [Thread-1 (]: dbt_clickhouse adapter: SQL status: OK in 0.05 seconds
[0m15:51:04.029545 [debug] [Thread-1 (]: dbt_clickhouse adapter: On model.vinfast.mart_charging_revenue: /* {"app": "dbt", "dbt_version": "1.12.3", "profile_name": "vinfast", "target_name": "docker", "node_id": "model.vinfast.mart_charging_revenue"} */
drop table if exists `vinfast`.`mart_charging_revenue__dbt_backup` 
  ...
[0m15:51:04.073637 [debug] [Thread-1 (]: dbt_clickhouse adapter: SQL status: OK in 0.04 seconds
[0m15:51:04.075656 [debug] [Thread-1 (]: Sending event: {'category': 'dbt', 'action': 'run_model', 'label': '10b747f0-8331-44e2-b808-e8095db5aae4', 'context': [<snowplow_tracker.self_describing_json.SelfDescribingJson object at 0x000001A16108EE30>]}
[0m15:51:04.076671 [info ] [Thread-1 (]: 9 of 16 OK created sql table model `vinfast`.`mart_charging_revenue` ........... [[32mOK[0m in 0.31s]
[0m15:51:04.078692 [debug] [Thread-1 (]: Finished running node model.vinfast.mart_charging_revenue
[0m15:51:04.080026 [debug] [Thread-1 (]: Began running node model.vinfast.mart_customer_360
[0m15:51:04.080636 [info ] [Thread-1 (]: 10 of 16 START sql table model `vinfast`.`mart_customer_360` ................... [RUN]
[0m15:51:04.081506 [debug] [Thread-1 (]: Re-using an available connection from the pool (formerly model.vinfast.mart_charging_revenue, now model.vinfast.mart_customer_360)
[0m15:51:04.081506 [debug] [Thread-1 (]: Began compiling node model.vinfast.mart_customer_360
[0m15:51:04.085953 [debug] [Thread-1 (]: Writing injected SQL for node "model.vinfast.mart_customer_360"
[0m15:51:04.088002 [debug] [Thread-1 (]: Began executing node model.vinfast.mart_customer_360
[0m15:51:04.092723 [debug] [Thread-1 (]: dbt_clickhouse adapter: On model.vinfast.mart_customer_360: /* {"app": "dbt", "dbt_version": "1.12.3", "profile_name": "vinfast", "target_name": "docker", "node_id": "model.vinfast.mart_customer_360"} */

            

    
        create table `vinfast`.`mart_customer_360__dbt_backup`
        
  
        
  engine = MergeTree()
        
      order by (tuple())
        
        
        
        
                    -- end_of_sql
                    SETTINGS replicated_deduplication_window='0'

                    
            empty
          as (
            

with customers as (
    select * from `vinfast`.`stg_crm_customers`
),
interactions_agg as (
    select
        customer_id,
        count(*) as interaction_count,
        max(occurred_at) as last_interaction_at,
        countIf(type = 'test_drive') as test_drive_count
    from `vinfast`.`stg_crm_interactions`
    group by customer_id
),
orders as (
    select
        phone,
        count(*) as order_count,
        sum(price_vnd) as total_spent_vnd,
        max(sold_at) as last_purchase_at
    from `vinfast`.`stg_dms_sales_orders`
    group by phone
)

select
    c.customer_id as customer_id,
    c.phone as phone,
    c.name as name,
    c.email as email,
    c.status as status,
    c.city_code as city_code,
    c.registered_at as registered_at,
    coalesce(i.interaction_count, 0) as interaction_count,
    i.last_interaction_at,
    i.test_drive_count,
    coalesce(o.order_count, 0) as order_count,
    o.total_spent_vnd,
    o.last_purchase_at,
    case
        when o.order_count > 0 then 'customer'
        when coalesce(i.test_drive_count, 0) > 0 then 'prospect_hot'
        when coalesce(i.interaction_count, 0) > 2 then 'prospect_warm'
        else 'lead'
    end as lifecycle_stage
from customers c
left join interactions_agg i on c.customer_id = i.customer_id
left join orders o on c.phone = o.phone
          )
        
        ...
[0m15:51:04.148547 [debug] [Thread-1 (]: dbt_clickhouse adapter: SQL status: OK in 0.05 seconds
[0m15:51:04.151659 [debug] [Thread-1 (]: dbt_clickhouse adapter: On model.vinfast.mart_customer_360: /* {"app": "dbt", "dbt_version": "1.12.3", "profile_name": "vinfast", "target_name": "docker", "node_id": "model.vinfast.mart_customer_360"} */

    select name, type from system.columns where table = 'mart_customer_360__dbt_backup'
    
      and database = 'vinfast'
    
    order by position
  ...
[0m15:51:04.196636 [debug] [Thread-1 (]: dbt_clickhouse adapter: SQL status: OK in 0.04 seconds
[0m15:51:04.198658 [debug] [Thread-1 (]: Writing runtime sql for node "model.vinfast.mart_customer_360"
[0m15:51:04.198658 [debug] [Thread-1 (]: dbt_clickhouse adapter: On model.vinfast.mart_customer_360: /* {"app": "dbt", "dbt_version": "1.12.3", "profile_name": "vinfast", "target_name": "docker", "node_id": "model.vinfast.mart_customer_360"} */

  
    
    
    
        
         


        insert into `vinfast`.`mart_customer_360__dbt_backup`
        ("customer_id", "phone", "name", "email", "status", "city_code", "registered_at", "interaction_count", "last_interaction_at", "test_drive_count", "order_count", "total_spent_vnd", "last_purchase_at", "lifecycle_stage")

with customers as (
    select * from `vinfast`.`stg_crm_customers`
),
interactions_agg as (
    select
        customer_id,
        count(*) as interaction_count,
        max(occurred_at) as last_interaction_at,
        countIf(type = 'test_drive') as test_drive_count
    from `vinfast`.`stg_crm_interactions`
    group by customer_id
),
orders as (
    select
        phone,
        count(*) as order_count,
        sum(price_vnd) as total_spent_vnd,
        max(sold_at) as last_purchase_at
    from `vinfast`.`stg_dms_sales_orders`
    group by phone
)

select
    c.customer_id as customer_id,
    c.phone as phone,
    c.name as name,
    c.email as email,
    c.status as status,
    c.city_code as city_code,
    c.registered_at as registered_at,
    coalesce(i.interaction_count, 0) as interaction_count,
    i.last_interaction_at,
    i.test_drive_count,
    coalesce(o.order_count, 0) as order_count,
    o.total_spent_vnd,
    o.last_purchase_at,
    case
        when o.order_count > 0 then 'customer'
        when coalesce(i.test_drive_count, 0) > 0 then 'prospect_hot'
        when coalesce(i.interaction_count, 0) > 2 then 'prospect_warm'
        else 'lead'
    end as lifecycle_stage
from customers c
left join interactions_agg i on c.customer_id = i.customer_id
left join orders o on c.phone = o.phone
  ...
[0m15:51:04.293712 [debug] [Thread-1 (]: dbt_clickhouse adapter: SQL status: OK in 0.10 seconds
[0m15:51:04.295710 [debug] [Thread-1 (]: dbt_clickhouse adapter: On model.vinfast.mart_customer_360: /* {"app": "dbt", "dbt_version": "1.12.3", "profile_name": "vinfast", "target_name": "docker", "node_id": "model.vinfast.mart_customer_360"} */
EXCHANGE TABLES `vinfast`.`mart_customer_360__dbt_backup` AND `vinfast`.`mart_customer_360` 
  
  ...
[0m15:51:04.298995 [debug] [Thread-1 (]: dbt_clickhouse adapter: SQL status: OK in 0.00 seconds
[0m15:51:04.304325 [debug] [Thread-1 (]: dbt_clickhouse adapter: On model.vinfast.mart_customer_360: /* {"app": "dbt", "dbt_version": "1.12.3", "profile_name": "vinfast", "target_name": "docker", "node_id": "model.vinfast.mart_customer_360"} */
drop table if exists `vinfast`.`mart_customer_360__dbt_backup` 
  ...
[0m15:51:04.349808 [debug] [Thread-1 (]: dbt_clickhouse adapter: SQL status: OK in 0.04 seconds
[0m15:51:04.352061 [debug] [Thread-1 (]: Sending event: {'category': 'dbt', 'action': 'run_model', 'label': '10b747f0-8331-44e2-b808-e8095db5aae4', 'context': [<snowplow_tracker.self_describing_json.SelfDescribingJson object at 0x000001A15F51A620>]}
[0m15:51:04.354075 [info ] [Thread-1 (]: 10 of 16 OK created sql table model `vinfast`.`mart_customer_360` .............. [[32mOK[0m in 0.27s]
[0m15:51:04.356501 [debug] [Thread-1 (]: Finished running node model.vinfast.mart_customer_360
[0m15:51:04.358504 [debug] [Thread-1 (]: Began running node model.vinfast.mart_sales_pipeline
[0m15:51:04.358504 [info ] [Thread-1 (]: 11 of 16 START sql table model `vinfast`.`mart_sales_pipeline` ................. [RUN]
[0m15:51:04.361377 [debug] [Thread-1 (]: Re-using an available connection from the pool (formerly model.vinfast.mart_customer_360, now model.vinfast.mart_sales_pipeline)
[0m15:51:04.361377 [debug] [Thread-1 (]: Began compiling node model.vinfast.mart_sales_pipeline
[0m15:51:04.364353 [debug] [Thread-1 (]: Writing injected SQL for node "model.vinfast.mart_sales_pipeline"
[0m15:51:04.364353 [debug] [Thread-1 (]: Began executing node model.vinfast.mart_sales_pipeline
[0m15:51:04.368740 [debug] [Thread-1 (]: dbt_clickhouse adapter: On model.vinfast.mart_sales_pipeline: /* {"app": "dbt", "dbt_version": "1.12.3", "profile_name": "vinfast", "target_name": "docker", "node_id": "model.vinfast.mart_sales_pipeline"} */

            

    
        create table `vinfast`.`mart_sales_pipeline__dbt_backup`
        
  
        
  engine = MergeTree()
        
      order by (tuple())
        
        
        
        
                    -- end_of_sql
                    SETTINGS replicated_deduplication_window='0'

                    
            empty
          as (
            

select
    d.dealer_id,
    d.name as dealer_name,
    d.city_code,
    d.type as dealer_type,
    count(s.order_id) as order_count,
    countIf(s.model in ('VF3','VF5','VFe34','VF6','VF7','VF8','VF9')) as car_orders,
    countIf(s.model like 'VF_%') as bike_orders,
    sum(s.price_vnd) as total_revenue_vnd,
    avg(s.price_vnd) as avg_order_value_vnd,
    min(s.sold_at) as first_sale_at,
    max(s.sold_at) as last_sale_at
from `vinfast`.`stg_dms_dealers` d
left join `vinfast`.`stg_dms_sales_orders` s on d.dealer_id = s.dealer_id
group by d.dealer_id, d.name, d.city_code, d.type
order by total_revenue_vnd desc
          )
        
        ...
[0m15:51:04.423871 [debug] [Thread-1 (]: dbt_clickhouse adapter: SQL status: OK in 0.05 seconds
[0m15:51:04.425407 [debug] [Thread-1 (]: dbt_clickhouse adapter: On model.vinfast.mart_sales_pipeline: /* {"app": "dbt", "dbt_version": "1.12.3", "profile_name": "vinfast", "target_name": "docker", "node_id": "model.vinfast.mart_sales_pipeline"} */

    select name, type from system.columns where table = 'mart_sales_pipeline__dbt_backup'
    
      and database = 'vinfast'
    
    order by position
  ...
[0m15:51:04.469407 [debug] [Thread-1 (]: dbt_clickhouse adapter: SQL status: OK in 0.04 seconds
[0m15:51:04.471942 [debug] [Thread-1 (]: Writing runtime sql for node "model.vinfast.mart_sales_pipeline"
[0m15:51:04.472954 [debug] [Thread-1 (]: dbt_clickhouse adapter: On model.vinfast.mart_sales_pipeline: /* {"app": "dbt", "dbt_version": "1.12.3", "profile_name": "vinfast", "target_name": "docker", "node_id": "model.vinfast.mart_sales_pipeline"} */

  
    
    
    
        
         


        insert into `vinfast`.`mart_sales_pipeline__dbt_backup`
        ("dealer_id", "dealer_name", "city_code", "dealer_type", "order_count", "car_orders", "bike_orders", "total_revenue_vnd", "avg_order_value_vnd", "first_sale_at", "last_sale_at")

select
    d.dealer_id,
    d.name as dealer_name,
    d.city_code,
    d.type as dealer_type,
    count(s.order_id) as order_count,
    countIf(s.model in ('VF3','VF5','VFe34','VF6','VF7','VF8','VF9')) as car_orders,
    countIf(s.model like 'VF_%') as bike_orders,
    sum(s.price_vnd) as total_revenue_vnd,
    avg(s.price_vnd) as avg_order_value_vnd,
    min(s.sold_at) as first_sale_at,
    max(s.sold_at) as last_sale_at
from `vinfast`.`stg_dms_dealers` d
left join `vinfast`.`stg_dms_sales_orders` s on d.dealer_id = s.dealer_id
group by d.dealer_id, d.name, d.city_code, d.type
order by total_revenue_vnd desc
  ...
[0m15:51:04.562558 [debug] [Thread-1 (]: dbt_clickhouse adapter: SQL status: OK in 0.09 seconds
[0m15:51:04.564559 [debug] [Thread-1 (]: dbt_clickhouse adapter: On model.vinfast.mart_sales_pipeline: /* {"app": "dbt", "dbt_version": "1.12.3", "profile_name": "vinfast", "target_name": "docker", "node_id": "model.vinfast.mart_sales_pipeline"} */
EXCHANGE TABLES `vinfast`.`mart_sales_pipeline__dbt_backup` AND `vinfast`.`mart_sales_pipeline` 
  
  ...
[0m15:51:04.566558 [debug] [Thread-1 (]: dbt_clickhouse adapter: SQL status: OK in 0.00 seconds
[0m15:51:04.570059 [debug] [Thread-1 (]: dbt_clickhouse adapter: On model.vinfast.mart_sales_pipeline: /* {"app": "dbt", "dbt_version": "1.12.3", "profile_name": "vinfast", "target_name": "docker", "node_id": "model.vinfast.mart_sales_pipeline"} */
drop table if exists `vinfast`.`mart_sales_pipeline__dbt_backup` 
  ...
[0m15:51:04.614886 [debug] [Thread-1 (]: dbt_clickhouse adapter: SQL status: OK in 0.04 seconds
[0m15:51:04.616878 [debug] [Thread-1 (]: Sending event: {'category': 'dbt', 'action': 'run_model', 'label': '10b747f0-8331-44e2-b808-e8095db5aae4', 'context': [<snowplow_tracker.self_describing_json.SelfDescribingJson object at 0x000001A15F51A620>]}
[0m15:51:04.617839 [info ] [Thread-1 (]: 11 of 16 OK created sql table model `vinfast`.`mart_sales_pipeline` ............ [[32mOK[0m in 0.26s]
[0m15:51:04.618888 [debug] [Thread-1 (]: Finished running node model.vinfast.mart_sales_pipeline
[0m15:51:04.618888 [debug] [Thread-1 (]: Began running node model.vinfast.int_trip_segments
[0m15:51:04.618888 [info ] [Thread-1 (]: 12 of 16 START sql table model `vinfast`.`int_trip_segments` ................... [RUN]
[0m15:51:04.618888 [debug] [Thread-1 (]: Re-using an available connection from the pool (formerly model.vinfast.mart_sales_pipeline, now model.vinfast.int_trip_segments)
[0m15:51:04.621002 [debug] [Thread-1 (]: Began compiling node model.vinfast.int_trip_segments
[0m15:51:04.625420 [debug] [Thread-1 (]: Writing injected SQL for node "model.vinfast.int_trip_segments"
[0m15:51:04.628102 [debug] [Thread-1 (]: Began executing node model.vinfast.int_trip_segments
[0m15:51:04.635915 [debug] [Thread-1 (]: dbt_clickhouse adapter: On model.vinfast.int_trip_segments: /* {"app": "dbt", "dbt_version": "1.12.3", "profile_name": "vinfast", "target_name": "docker", "node_id": "model.vinfast.int_trip_segments"} */

            

    
        create table `vinfast`.`int_trip_segments__dbt_backup`
        
  
        
  engine = MergeTree()
        
      order by (tuple())
        
        
        
        
                    -- end_of_sql
                    SETTINGS replicated_deduplication_window='0'

                    
            empty
          as (
            

-- Detect trips via gap > 300s (5 min) using ClickHouse window functions
-- Filter: max(speed) > 5 and duration >= 120s

with ordered as (
    select
        vehicle_id,
        event_timestamp,
        speed_kmh,
        odometer_km,
        battery_soc_pct,
        latitude,
        longitude,
        lagInFrame(event_timestamp) over (partition by vehicle_id order by event_timestamp) as prev_ts,
        lagInFrame(odometer_km) over (partition by vehicle_id order by event_timestamp) as prev_odo
    from `vinfast`.`stg_telemetry`
    where is_driving = true
),
with_gap as (
    select
        *,
        if(dateDiff('second', prev_ts, event_timestamp) > 300, 1, 0) as is_new_trip
    from ordered
),
with_trip_id as (
    select
        *,
        sum(is_new_trip) over (partition by vehicle_id order by event_timestamp rows between unbounded preceding and current row) as trip_seq
    from with_gap
),
grouped as (
    select
        vehicle_id,
        trip_seq,
        min(event_timestamp) as started_at,
        max(event_timestamp) as ended_at,
        dateDiff('second', min(event_timestamp), max(event_timestamp)) as duration_sec,
        count(*) as event_count,
        max(speed_kmh) as max_speed_kmh,
        avgIf(speed_kmh, speed_kmh > 2) as avg_moving_speed_kmh,
        min(odometer_km) as odo_start,
        max(odometer_km) as odo_end,
        min(battery_soc_pct) as soc_min,
        max(battery_soc_pct) as soc_max,
        -- SoC at start/end using argMin/argMax (ClickHouse cannot nest aggregates)
        argMin(battery_soc_pct, event_timestamp) as soc_start_pct,
        argMax(battery_soc_pct, event_timestamp) as soc_end_pct,
        argMin(latitude, event_timestamp) as start_lat,
        argMin(longitude, event_timestamp) as start_lon,
        argMax(latitude, event_timestamp) as end_lat,
        argMax(longitude, event_timestamp) as end_lon
    from with_trip_id
    group by vehicle_id, trip_seq
)
select
    concat(vehicle_id, '-', toString(started_at)) as trip_id,
    vehicle_id,
    started_at,
    ended_at,
    duration_sec / 60.0 as duration_min,
    odo_end - odo_start as distance_km,
    max_speed_kmh,
    avg_moving_speed_kmh,
    soc_start_pct,
    soc_end_pct,
    soc_start_pct - soc_end_pct as soc_drop_pct,
    start_lat,
    start_lon,
    end_lat,
    end_lon
from grouped
where max_speed_kmh > 5
  and duration_sec >= 120
          )
        
        ...
[0m15:51:04.701954 [debug] [Thread-1 (]: dbt_clickhouse adapter: SQL status: OK in 0.06 seconds
[0m15:51:04.703951 [debug] [Thread-1 (]: dbt_clickhouse adapter: On model.vinfast.int_trip_segments: /* {"app": "dbt", "dbt_version": "1.12.3", "profile_name": "vinfast", "target_name": "docker", "node_id": "model.vinfast.int_trip_segments"} */

    select name, type from system.columns where table = 'int_trip_segments__dbt_backup'
    
      and database = 'vinfast'
    
    order by position
  ...
[0m15:51:04.753527 [debug] [Thread-1 (]: dbt_clickhouse adapter: SQL status: OK in 0.05 seconds
[0m15:51:04.755281 [debug] [Thread-1 (]: Writing runtime sql for node "model.vinfast.int_trip_segments"
[0m15:51:04.756517 [debug] [Thread-1 (]: dbt_clickhouse adapter: On model.vinfast.int_trip_segments: /* {"app": "dbt", "dbt_version": "1.12.3", "profile_name": "vinfast", "target_name": "docker", "node_id": "model.vinfast.int_trip_segments"} */

  
    
    
    
        
         


        insert into `vinfast`.`int_trip_segments__dbt_backup`
        ("trip_id", "vehicle_id", "started_at", "ended_at", "duration_min", "distance_km", "max_speed_kmh", "avg_moving_speed_kmh", "soc_start_pct", "soc_end_pct", "soc_drop_pct", "start_lat", "start_lon", "end_lat", "end_lon")

-- Detect trips via gap > 300s (5 min) using ClickHouse window functions
-- Filter: max(speed) > 5 and duration >= 120s

with ordered as (
    select
        vehicle_id,
        event_timestamp,
        speed_kmh,
        odometer_km,
        battery_soc_pct,
        latitude,
        longitude,
        lagInFrame(event_timestamp) over (partition by vehicle_id order by event_timestamp) as prev_ts,
        lagInFrame(odometer_km) over (partition by vehicle_id order by event_timestamp) as prev_odo
    from `vinfast`.`stg_telemetry`
    where is_driving = true
),
with_gap as (
    select
        *,
        if(dateDiff('second', prev_ts, event_timestamp) > 300, 1, 0) as is_new_trip
    from ordered
),
with_trip_id as (
    select
        *,
        sum(is_new_trip) over (partition by vehicle_id order by event_timestamp rows between unbounded preceding and current row) as trip_seq
    from with_gap
),
grouped as (
    select
        vehicle_id,
        trip_seq,
        min(event_timestamp) as started_at,
        max(event_timestamp) as ended_at,
        dateDiff('second', min(event_timestamp), max(event_timestamp)) as duration_sec,
        count(*) as event_count,
        max(speed_kmh) as max_speed_kmh,
        avgIf(speed_kmh, speed_kmh > 2) as avg_moving_speed_kmh,
        min(odometer_km) as odo_start,
        max(odometer_km) as odo_end,
        min(battery_soc_pct) as soc_min,
        max(battery_soc_pct) as soc_max,
        -- SoC at start/end using argMin/argMax (ClickHouse cannot nest aggregates)
        argMin(battery_soc_pct, event_timestamp) as soc_start_pct,
        argMax(battery_soc_pct, event_timestamp) as soc_end_pct,
        argMin(latitude, event_timestamp) as start_lat,
        argMin(longitude, event_timestamp) as start_lon,
        argMax(latitude, event_timestamp) as end_lat,
        argMax(longitude, event_timestamp) as end_lon
    from with_trip_id
    group by vehicle_id, trip_seq
)
select
    concat(vehicle_id, '-', toString(started_at)) as trip_id,
    vehicle_id,
    started_at,
    ended_at,
    duration_sec / 60.0 as duration_min,
    odo_end - odo_start as distance_km,
    max_speed_kmh,
    avg_moving_speed_kmh,
    soc_start_pct,
    soc_end_pct,
    soc_start_pct - soc_end_pct as soc_drop_pct,
    start_lat,
    start_lon,
    end_lat,
    end_lon
from grouped
where max_speed_kmh > 5
  and duration_sec >= 120
  ...
[0m15:51:04.845691 [debug] [Thread-1 (]: dbt_clickhouse adapter: SQL status: OK in 0.09 seconds
[0m15:51:04.846857 [debug] [Thread-1 (]: dbt_clickhouse adapter: On model.vinfast.int_trip_segments: /* {"app": "dbt", "dbt_version": "1.12.3", "profile_name": "vinfast", "target_name": "docker", "node_id": "model.vinfast.int_trip_segments"} */
EXCHANGE TABLES `vinfast`.`int_trip_segments__dbt_backup` AND `vinfast`.`int_trip_segments` 
  
  ...
[0m15:51:04.849512 [debug] [Thread-1 (]: dbt_clickhouse adapter: SQL status: OK in 0.00 seconds
[0m15:51:04.852260 [debug] [Thread-1 (]: dbt_clickhouse adapter: On model.vinfast.int_trip_segments: /* {"app": "dbt", "dbt_version": "1.12.3", "profile_name": "vinfast", "target_name": "docker", "node_id": "model.vinfast.int_trip_segments"} */
drop table if exists `vinfast`.`int_trip_segments__dbt_backup` 
  ...
[0m15:51:04.891165 [debug] [Thread-1 (]: dbt_clickhouse adapter: SQL status: OK in 0.04 seconds
[0m15:51:04.898670 [debug] [Thread-1 (]: Sending event: {'category': 'dbt', 'action': 'run_model', 'label': '10b747f0-8331-44e2-b808-e8095db5aae4', 'context': [<snowplow_tracker.self_describing_json.SelfDescribingJson object at 0x000001A16169B550>]}
[0m15:51:04.898670 [info ] [Thread-1 (]: 12 of 16 OK created sql table model `vinfast`.`int_trip_segments` .............. [[32mOK[0m in 0.28s]
[0m15:51:04.901045 [debug] [Thread-1 (]: Finished running node model.vinfast.int_trip_segments
[0m15:51:04.901045 [debug] [Thread-1 (]: Began running node model.vinfast.int_vehicle_daily_stats
[0m15:51:04.901045 [info ] [Thread-1 (]: 13 of 16 START sql table model `vinfast`.`int_vehicle_daily_stats` ............. [RUN]
[0m15:51:04.901045 [debug] [Thread-1 (]: Re-using an available connection from the pool (formerly model.vinfast.int_trip_segments, now model.vinfast.int_vehicle_daily_stats)
[0m15:51:04.901045 [debug] [Thread-1 (]: Began compiling node model.vinfast.int_vehicle_daily_stats
[0m15:51:04.901045 [debug] [Thread-1 (]: Writing injected SQL for node "model.vinfast.int_vehicle_daily_stats"
[0m15:51:04.901045 [debug] [Thread-1 (]: Began executing node model.vinfast.int_vehicle_daily_stats
[0m15:51:04.909892 [debug] [Thread-1 (]: dbt_clickhouse adapter: On model.vinfast.int_vehicle_daily_stats: /* {"app": "dbt", "dbt_version": "1.12.3", "profile_name": "vinfast", "target_name": "docker", "node_id": "model.vinfast.int_vehicle_daily_stats"} */

            

    
        create table `vinfast`.`int_vehicle_daily_stats__dbt_backup`
        
  
        
  engine = MergeTree()
        
      order by (tuple())
        
        
        
        
                    -- end_of_sql
                    SETTINGS replicated_deduplication_window='0'

                    
            empty
          as (
            

select
    vehicle_id,
    toDate(event_timestamp) as activity_date,
    count(*) as event_count,
    avg(battery_soc_pct) as avg_soc_pct,
    max(speed_kmh) as max_speed_kmh,
    max(odometer_km) - min(odometer_km) as distance_km,
    countIf(is_charging) as charging_events_count,
    max(if(tire_pressure_alert, 1, 0)) as had_tire_pressure_alert,
    max(if(battery_temp_alert, 1, 0)) as had_battery_temp_alert,
    max(if(high_speed_event, 1, 0)) as had_high_speed_event,
    max(if(hard_brake_event, 1, 0)) as had_hard_brake_event
from `vinfast`.`stg_telemetry`
group by vehicle_id, activity_date
          )
        
        ...
[0m15:51:04.970200 [debug] [Thread-1 (]: dbt_clickhouse adapter: SQL status: OK in 0.06 seconds
[0m15:51:04.977198 [debug] [Thread-1 (]: dbt_clickhouse adapter: On model.vinfast.int_vehicle_daily_stats: /* {"app": "dbt", "dbt_version": "1.12.3", "profile_name": "vinfast", "target_name": "docker", "node_id": "model.vinfast.int_vehicle_daily_stats"} */

    select name, type from system.columns where table = 'int_vehicle_daily_stats__dbt_backup'
    
      and database = 'vinfast'
    
    order by position
  ...
[0m15:51:05.028540 [debug] [Thread-1 (]: dbt_clickhouse adapter: SQL status: OK in 0.05 seconds
[0m15:51:05.032089 [debug] [Thread-1 (]: Writing runtime sql for node "model.vinfast.int_vehicle_daily_stats"
[0m15:51:05.033599 [debug] [Thread-1 (]: dbt_clickhouse adapter: On model.vinfast.int_vehicle_daily_stats: /* {"app": "dbt", "dbt_version": "1.12.3", "profile_name": "vinfast", "target_name": "docker", "node_id": "model.vinfast.int_vehicle_daily_stats"} */

  
    
    
    
        
         


        insert into `vinfast`.`int_vehicle_daily_stats__dbt_backup`
        ("vehicle_id", "activity_date", "event_count", "avg_soc_pct", "max_speed_kmh", "distance_km", "charging_events_count", "had_tire_pressure_alert", "had_battery_temp_alert", "had_high_speed_event", "had_hard_brake_event")

select
    vehicle_id,
    toDate(event_timestamp) as activity_date,
    count(*) as event_count,
    avg(battery_soc_pct) as avg_soc_pct,
    max(speed_kmh) as max_speed_kmh,
    max(odometer_km) - min(odometer_km) as distance_km,
    countIf(is_charging) as charging_events_count,
    max(if(tire_pressure_alert, 1, 0)) as had_tire_pressure_alert,
    max(if(battery_temp_alert, 1, 0)) as had_battery_temp_alert,
    max(if(high_speed_event, 1, 0)) as had_high_speed_event,
    max(if(hard_brake_event, 1, 0)) as had_hard_brake_event
from `vinfast`.`stg_telemetry`
group by vehicle_id, activity_date
  ...
[0m15:51:05.118747 [debug] [Thread-1 (]: dbt_clickhouse adapter: SQL status: OK in 0.08 seconds
[0m15:51:05.119891 [debug] [Thread-1 (]: dbt_clickhouse adapter: On model.vinfast.int_vehicle_daily_stats: /* {"app": "dbt", "dbt_version": "1.12.3", "profile_name": "vinfast", "target_name": "docker", "node_id": "model.vinfast.int_vehicle_daily_stats"} */
EXCHANGE TABLES `vinfast`.`int_vehicle_daily_stats__dbt_backup` AND `vinfast`.`int_vehicle_daily_stats` 
  
  ...
[0m15:51:05.164195 [debug] [Thread-1 (]: dbt_clickhouse adapter: SQL status: OK in 0.04 seconds
[0m15:51:05.174642 [debug] [Thread-1 (]: dbt_clickhouse adapter: On model.vinfast.int_vehicle_daily_stats: /* {"app": "dbt", "dbt_version": "1.12.3", "profile_name": "vinfast", "target_name": "docker", "node_id": "model.vinfast.int_vehicle_daily_stats"} */
drop table if exists `vinfast`.`int_vehicle_daily_stats__dbt_backup` 
  ...
[0m15:51:05.222819 [debug] [Thread-1 (]: dbt_clickhouse adapter: SQL status: OK in 0.05 seconds
[0m15:51:05.225800 [debug] [Thread-1 (]: Sending event: {'category': 'dbt', 'action': 'run_model', 'label': '10b747f0-8331-44e2-b808-e8095db5aae4', 'context': [<snowplow_tracker.self_describing_json.SelfDescribingJson object at 0x000001A1613B2D10>]}
[0m15:51:05.227826 [info ] [Thread-1 (]: 13 of 16 OK created sql table model `vinfast`.`int_vehicle_daily_stats` ........ [[32mOK[0m in 0.32s]
[0m15:51:05.229964 [debug] [Thread-1 (]: Finished running node model.vinfast.int_vehicle_daily_stats
[0m15:51:05.230478 [debug] [Thread-1 (]: Began running node model.vinfast.mart_charging_analytics
[0m15:51:05.232494 [info ] [Thread-1 (]: 14 of 16 START sql table model `vinfast`.`mart_charging_analytics` ............. [RUN]
[0m15:51:05.234523 [debug] [Thread-1 (]: Re-using an available connection from the pool (formerly model.vinfast.int_vehicle_daily_stats, now model.vinfast.mart_charging_analytics)
[0m15:51:05.235828 [debug] [Thread-1 (]: Began compiling node model.vinfast.mart_charging_analytics
[0m15:51:05.238568 [debug] [Thread-1 (]: Writing injected SQL for node "model.vinfast.mart_charging_analytics"
[0m15:51:05.238568 [debug] [Thread-1 (]: Began executing node model.vinfast.mart_charging_analytics
[0m15:51:05.241002 [debug] [Thread-1 (]: dbt_clickhouse adapter: On model.vinfast.mart_charging_analytics: /* {"app": "dbt", "dbt_version": "1.12.3", "profile_name": "vinfast", "target_name": "docker", "node_id": "model.vinfast.mart_charging_analytics"} */

            

    
        create table `vinfast`.`mart_charging_analytics__dbt_backup`
        
  
        
  engine = MergeTree()
        
      order by (tuple())
        
        
        
        
                    -- end_of_sql
                    SETTINGS replicated_deduplication_window='0'

                    
            empty
          as (
            

select
    s.session_id as session_id,
    s.vehicle_id as vehicle_id,
    v.model as model,
    v.city_code as city_code,
    s.station_id as station_id,
    s.charger_type as charger_type,
    s.started_at as started_at,
    s.ended_at as ended_at,
    s.duration_min as duration_min,
    s.duration_hours as duration_hours,
    s.kwh_delivered as kwh_delivered,
    s.start_soc_pct as start_soc_pct,
    s.end_soc_pct as end_soc_pct,
    s.cost_vnd as cost_vnd,
    s.payment_method as payment_method,
    s.is_fast_charge as is_fast_charge,
    s.avg_power_kw as avg_power_kw,
    s.cost_per_kwh_vnd as cost_per_kwh_vnd,
    s.charge_efficiency_pct as charge_efficiency_pct
from `vinfast`.`stg_charging_sessions` as s
left join `vinfast`.`stg_vehicles` as v
    on s.vehicle_id = v.vehicle_id
          )
        
        ...
[0m15:51:05.306235 [debug] [Thread-1 (]: dbt_clickhouse adapter: SQL status: OK in 0.07 seconds
[0m15:51:05.308754 [debug] [Thread-1 (]: dbt_clickhouse adapter: On model.vinfast.mart_charging_analytics: /* {"app": "dbt", "dbt_version": "1.12.3", "profile_name": "vinfast", "target_name": "docker", "node_id": "model.vinfast.mart_charging_analytics"} */

    select name, type from system.columns where table = 'mart_charging_analytics__dbt_backup'
    
      and database = 'vinfast'
    
    order by position
  ...
[0m15:51:05.358555 [debug] [Thread-1 (]: dbt_clickhouse adapter: SQL status: OK in 0.05 seconds
[0m15:51:05.363946 [debug] [Thread-1 (]: Writing runtime sql for node "model.vinfast.mart_charging_analytics"
[0m15:51:05.365705 [debug] [Thread-1 (]: dbt_clickhouse adapter: On model.vinfast.mart_charging_analytics: /* {"app": "dbt", "dbt_version": "1.12.3", "profile_name": "vinfast", "target_name": "docker", "node_id": "model.vinfast.mart_charging_analytics"} */

  
    
    
    
        
         


        insert into `vinfast`.`mart_charging_analytics__dbt_backup`
        ("session_id", "vehicle_id", "model", "city_code", "station_id", "charger_type", "started_at", "ended_at", "duration_min", "duration_hours", "kwh_delivered", "start_soc_pct", "end_soc_pct", "cost_vnd", "payment_method", "is_fast_charge", "avg_power_kw", "cost_per_kwh_vnd", "charge_efficiency_pct")

select
    s.session_id as session_id,
    s.vehicle_id as vehicle_id,
    v.model as model,
    v.city_code as city_code,
    s.station_id as station_id,
    s.charger_type as charger_type,
    s.started_at as started_at,
    s.ended_at as ended_at,
    s.duration_min as duration_min,
    s.duration_hours as duration_hours,
    s.kwh_delivered as kwh_delivered,
    s.start_soc_pct as start_soc_pct,
    s.end_soc_pct as end_soc_pct,
    s.cost_vnd as cost_vnd,
    s.payment_method as payment_method,
    s.is_fast_charge as is_fast_charge,
    s.avg_power_kw as avg_power_kw,
    s.cost_per_kwh_vnd as cost_per_kwh_vnd,
    s.charge_efficiency_pct as charge_efficiency_pct
from `vinfast`.`stg_charging_sessions` as s
left join `vinfast`.`stg_vehicles` as v
    on s.vehicle_id = v.vehicle_id
  ...
[0m15:51:05.477689 [debug] [Thread-1 (]: dbt_clickhouse adapter: SQL status: OK in 0.11 seconds
[0m15:51:05.478719 [debug] [Thread-1 (]: dbt_clickhouse adapter: On model.vinfast.mart_charging_analytics: /* {"app": "dbt", "dbt_version": "1.12.3", "profile_name": "vinfast", "target_name": "docker", "node_id": "model.vinfast.mart_charging_analytics"} */
EXCHANGE TABLES `vinfast`.`mart_charging_analytics__dbt_backup` AND `vinfast`.`mart_charging_analytics` 
  
  ...
[0m15:51:05.480130 [debug] [Thread-1 (]: dbt_clickhouse adapter: SQL status: OK in 0.00 seconds
[0m15:51:05.486176 [debug] [Thread-1 (]: dbt_clickhouse adapter: On model.vinfast.mart_charging_analytics: /* {"app": "dbt", "dbt_version": "1.12.3", "profile_name": "vinfast", "target_name": "docker", "node_id": "model.vinfast.mart_charging_analytics"} */
drop table if exists `vinfast`.`mart_charging_analytics__dbt_backup` 
  ...
[0m15:51:05.533510 [debug] [Thread-1 (]: dbt_clickhouse adapter: SQL status: OK in 0.05 seconds
[0m15:51:05.537660 [debug] [Thread-1 (]: Sending event: {'category': 'dbt', 'action': 'run_model', 'label': '10b747f0-8331-44e2-b808-e8095db5aae4', 'context': [<snowplow_tracker.self_describing_json.SelfDescribingJson object at 0x000001A15C5919F0>]}
[0m15:51:05.539768 [info ] [Thread-1 (]: 14 of 16 OK created sql table model `vinfast`.`mart_charging_analytics` ........ [[32mOK[0m in 0.30s]
[0m15:51:05.540943 [debug] [Thread-1 (]: Finished running node model.vinfast.mart_charging_analytics
[0m15:51:05.541658 [debug] [Thread-1 (]: Began running node model.vinfast.mart_daily_fleet
[0m15:51:05.542273 [info ] [Thread-1 (]: 15 of 16 START sql table model `vinfast`.`mart_daily_fleet` .................... [RUN]
[0m15:51:05.542273 [debug] [Thread-1 (]: Re-using an available connection from the pool (formerly model.vinfast.mart_charging_analytics, now model.vinfast.mart_daily_fleet)
[0m15:51:05.543371 [debug] [Thread-1 (]: Began compiling node model.vinfast.mart_daily_fleet
[0m15:51:05.544859 [debug] [Thread-1 (]: Writing injected SQL for node "model.vinfast.mart_daily_fleet"
[0m15:51:05.546873 [debug] [Thread-1 (]: Began executing node model.vinfast.mart_daily_fleet
[0m15:51:05.550474 [debug] [Thread-1 (]: dbt_clickhouse adapter: On model.vinfast.mart_daily_fleet: /* {"app": "dbt", "dbt_version": "1.12.3", "profile_name": "vinfast", "target_name": "docker", "node_id": "model.vinfast.mart_daily_fleet"} */

            

    
        create table `vinfast`.`mart_daily_fleet__dbt_backup`
        
  
        
  engine = MergeTree()
        
      order by (tuple())
        
        
        
        
                    -- end_of_sql
                    SETTINGS replicated_deduplication_window='0'

                    
            empty
          as (
            

with daily as (
    select * from `vinfast`.`int_vehicle_daily_stats`
),
trips as (
    select
        toDate(started_at) as activity_date,
        count(*) as total_trips,
        sum(distance_km) as total_distance_km
    from `vinfast`.`int_trip_segments`
    group by activity_date
),
charging as (
    select
        toDate(started_at) as activity_date,
        count(*) as total_charging_sessions,
        sum(kwh_delivered) as total_kwh_charged
    from `vinfast`.`stg_charging_sessions`
    group by activity_date
)
select
    d.activity_date as activity_date,
    countDistinct(d.vehicle_id) as active_vehicles,
    coalesce(t.total_trips, 0) as total_trips,
    coalesce(t.total_distance_km, 0) as total_distance_km,
    avg(d.avg_soc_pct) as avg_fleet_soc_pct,
    coalesce(c.total_charging_sessions, 0) as total_charging_sessions,
    coalesce(c.total_kwh_charged, 0) as total_kwh_charged,
    countIf(d.had_tire_pressure_alert = 1) as vehicles_with_tire_alert,
    countIf(d.had_battery_temp_alert = 1) as vehicles_with_temp_alert
from daily as d
left join trips as t on d.activity_date = t.activity_date
left join charging as c on d.activity_date = c.activity_date
group by d.activity_date, t.total_trips, t.total_distance_km, c.total_charging_sessions, c.total_kwh_charged
order by d.activity_date
          )
        
        ...
[0m15:51:05.615493 [debug] [Thread-1 (]: dbt_clickhouse adapter: SQL status: OK in 0.06 seconds
[0m15:51:05.620173 [debug] [Thread-1 (]: dbt_clickhouse adapter: On model.vinfast.mart_daily_fleet: /* {"app": "dbt", "dbt_version": "1.12.3", "profile_name": "vinfast", "target_name": "docker", "node_id": "model.vinfast.mart_daily_fleet"} */

    select name, type from system.columns where table = 'mart_daily_fleet__dbt_backup'
    
      and database = 'vinfast'
    
    order by position
  ...
[0m15:51:05.665541 [debug] [Thread-1 (]: dbt_clickhouse adapter: SQL status: OK in 0.04 seconds
[0m15:51:05.670681 [debug] [Thread-1 (]: Writing runtime sql for node "model.vinfast.mart_daily_fleet"
[0m15:51:05.673247 [debug] [Thread-1 (]: dbt_clickhouse adapter: On model.vinfast.mart_daily_fleet: /* {"app": "dbt", "dbt_version": "1.12.3", "profile_name": "vinfast", "target_name": "docker", "node_id": "model.vinfast.mart_daily_fleet"} */

  
    
    
    
        
         


        insert into `vinfast`.`mart_daily_fleet__dbt_backup`
        ("activity_date", "active_vehicles", "total_trips", "total_distance_km", "avg_fleet_soc_pct", "total_charging_sessions", "total_kwh_charged", "vehicles_with_tire_alert", "vehicles_with_temp_alert")

with daily as (
    select * from `vinfast`.`int_vehicle_daily_stats`
),
trips as (
    select
        toDate(started_at) as activity_date,
        count(*) as total_trips,
        sum(distance_km) as total_distance_km
    from `vinfast`.`int_trip_segments`
    group by activity_date
),
charging as (
    select
        toDate(started_at) as activity_date,
        count(*) as total_charging_sessions,
        sum(kwh_delivered) as total_kwh_charged
    from `vinfast`.`stg_charging_sessions`
    group by activity_date
)
select
    d.activity_date as activity_date,
    countDistinct(d.vehicle_id) as active_vehicles,
    coalesce(t.total_trips, 0) as total_trips,
    coalesce(t.total_distance_km, 0) as total_distance_km,
    avg(d.avg_soc_pct) as avg_fleet_soc_pct,
    coalesce(c.total_charging_sessions, 0) as total_charging_sessions,
    coalesce(c.total_kwh_charged, 0) as total_kwh_charged,
    countIf(d.had_tire_pressure_alert = 1) as vehicles_with_tire_alert,
    countIf(d.had_battery_temp_alert = 1) as vehicles_with_temp_alert
from daily as d
left join trips as t on d.activity_date = t.activity_date
left join charging as c on d.activity_date = c.activity_date
group by d.activity_date, t.total_trips, t.total_distance_km, c.total_charging_sessions, c.total_kwh_charged
order by d.activity_date
  ...
[0m15:51:05.751848 [debug] [Thread-1 (]: dbt_clickhouse adapter: SQL status: OK in 0.08 seconds
[0m15:51:05.753866 [debug] [Thread-1 (]: dbt_clickhouse adapter: On model.vinfast.mart_daily_fleet: /* {"app": "dbt", "dbt_version": "1.12.3", "profile_name": "vinfast", "target_name": "docker", "node_id": "model.vinfast.mart_daily_fleet"} */
EXCHANGE TABLES `vinfast`.`mart_daily_fleet__dbt_backup` AND `vinfast`.`mart_daily_fleet` 
  
  ...
[0m15:51:05.802527 [debug] [Thread-1 (]: dbt_clickhouse adapter: SQL status: OK in 0.05 seconds
[0m15:51:05.808470 [debug] [Thread-1 (]: dbt_clickhouse adapter: On model.vinfast.mart_daily_fleet: /* {"app": "dbt", "dbt_version": "1.12.3", "profile_name": "vinfast", "target_name": "docker", "node_id": "model.vinfast.mart_daily_fleet"} */
drop table if exists `vinfast`.`mart_daily_fleet__dbt_backup` 
  ...
[0m15:51:05.856944 [debug] [Thread-1 (]: dbt_clickhouse adapter: SQL status: OK in 0.05 seconds
[0m15:51:05.860534 [debug] [Thread-1 (]: Sending event: {'category': 'dbt', 'action': 'run_model', 'label': '10b747f0-8331-44e2-b808-e8095db5aae4', 'context': [<snowplow_tracker.self_describing_json.SelfDescribingJson object at 0x000001A16120ED40>]}
[0m15:51:05.862553 [info ] [Thread-1 (]: 15 of 16 OK created sql table model `vinfast`.`mart_daily_fleet` ............... [[32mOK[0m in 0.32s]
[0m15:51:05.864986 [debug] [Thread-1 (]: Finished running node model.vinfast.mart_daily_fleet
[0m15:51:05.865631 [debug] [Thread-1 (]: Began running node model.vinfast.mart_vehicle_360
[0m15:51:05.866401 [info ] [Thread-1 (]: 16 of 16 START sql table model `vinfast`.`mart_vehicle_360` .................... [RUN]
[0m15:51:05.866401 [debug] [Thread-1 (]: Re-using an available connection from the pool (formerly model.vinfast.mart_daily_fleet, now model.vinfast.mart_vehicle_360)
[0m15:51:05.867717 [debug] [Thread-1 (]: Began compiling node model.vinfast.mart_vehicle_360
[0m15:51:05.872586 [debug] [Thread-1 (]: Writing injected SQL for node "model.vinfast.mart_vehicle_360"
[0m15:51:05.876606 [debug] [Thread-1 (]: Began executing node model.vinfast.mart_vehicle_360
[0m15:51:05.882324 [debug] [Thread-1 (]: dbt_clickhouse adapter: On model.vinfast.mart_vehicle_360: /* {"app": "dbt", "dbt_version": "1.12.3", "profile_name": "vinfast", "target_name": "docker", "node_id": "model.vinfast.mart_vehicle_360"} */

            

    
        create table `vinfast`.`mart_vehicle_360__dbt_backup`
        
  
        
  engine = MergeTree()
        
      order by (tuple())
        
        
        
        
                    -- end_of_sql
                    SETTINGS replicated_deduplication_window='0'

                    
            empty
          as (
            

with daily as (
    select * from `vinfast`.`int_vehicle_daily_stats`
),
charging as (
    select
        vehicle_id,
        count(*) as total_charging_sessions,
        sum(kwh_delivered) as total_kwh_charged
    from `vinfast`.`stg_charging_sessions`
    group by vehicle_id
),
telemetry_agg as (
    select
        vehicle_id,
        max(odometer_km) as latest_odometer_km,
        min(odometer_km) as earliest_odometer_km,
        avg(battery_soc_pct) as lifetime_avg_soc_pct,
        min(event_timestamp) as first_seen,
        max(event_timestamp) as last_seen
    from `vinfast`.`stg_telemetry`
    group by vehicle_id
)
select
    v.vehicle_id as vehicle_id,
    v.model as model,
    v.type as type,
    v.city_code as city_code,
    v.battery_kwh as battery_kwh,
    v.battery_soh_pct as current_soh_pct,
    coalesce(t.latest_odometer_km - v.odometer_start_km, 0) as total_distance_km,
    any(t.lifetime_avg_soc_pct) as lifetime_avg_soc_pct,
    coalesce(any(c.total_charging_sessions), 0) as total_charging_sessions,
    coalesce(any(c.total_kwh_charged), 0) as total_kwh_charged,
    max(d.had_tire_pressure_alert) as had_tire_pressure_alert,
    max(d.had_battery_temp_alert) as had_battery_temp_alert,
    countDistinct(d.activity_date) as total_active_days,
    toDate(any(t.first_seen)) as first_seen_date,
    toDate(any(t.last_seen)) as last_seen_date
from `vinfast`.`stg_vehicles` as v
left join telemetry_agg as t on v.vehicle_id = t.vehicle_id
left join daily as d on v.vehicle_id = d.vehicle_id
left join charging as c on v.vehicle_id = c.vehicle_id
group by
    v.vehicle_id, v.model, v.type, v.city_code, v.battery_kwh, v.battery_soh_pct,
    v.odometer_start_km, t.latest_odometer_km
          )
        
        ...
[0m15:51:05.945286 [debug] [Thread-1 (]: dbt_clickhouse adapter: SQL status: OK in 0.06 seconds
[0m15:51:05.947615 [debug] [Thread-1 (]: dbt_clickhouse adapter: On model.vinfast.mart_vehicle_360: /* {"app": "dbt", "dbt_version": "1.12.3", "profile_name": "vinfast", "target_name": "docker", "node_id": "model.vinfast.mart_vehicle_360"} */

    select name, type from system.columns where table = 'mart_vehicle_360__dbt_backup'
    
      and database = 'vinfast'
    
    order by position
  ...
[0m15:51:05.992961 [debug] [Thread-1 (]: dbt_clickhouse adapter: SQL status: OK in 0.05 seconds
[0m15:51:05.994987 [debug] [Thread-1 (]: Writing runtime sql for node "model.vinfast.mart_vehicle_360"
[0m15:51:05.994987 [debug] [Thread-1 (]: dbt_clickhouse adapter: On model.vinfast.mart_vehicle_360: /* {"app": "dbt", "dbt_version": "1.12.3", "profile_name": "vinfast", "target_name": "docker", "node_id": "model.vinfast.mart_vehicle_360"} */

  
    
    
    
        
         


        insert into `vinfast`.`mart_vehicle_360__dbt_backup`
        ("vehicle_id", "model", "type", "city_code", "battery_kwh", "current_soh_pct", "total_distance_km", "lifetime_avg_soc_pct", "total_charging_sessions", "total_kwh_charged", "had_tire_pressure_alert", "had_battery_temp_alert", "total_active_days", "first_seen_date", "last_seen_date")

with daily as (
    select * from `vinfast`.`int_vehicle_daily_stats`
),
charging as (
    select
        vehicle_id,
        count(*) as total_charging_sessions,
        sum(kwh_delivered) as total_kwh_charged
    from `vinfast`.`stg_charging_sessions`
    group by vehicle_id
),
telemetry_agg as (
    select
        vehicle_id,
        max(odometer_km) as latest_odometer_km,
        min(odometer_km) as earliest_odometer_km,
        avg(battery_soc_pct) as lifetime_avg_soc_pct,
        min(event_timestamp) as first_seen,
        max(event_timestamp) as last_seen
    from `vinfast`.`stg_telemetry`
    group by vehicle_id
)
select
    v.vehicle_id as vehicle_id,
    v.model as model,
    v.type as type,
    v.city_code as city_code,
    v.battery_kwh as battery_kwh,
    v.battery_soh_pct as current_soh_pct,
    coalesce(t.latest_odometer_km - v.odometer_start_km, 0) as total_distance_km,
    any(t.lifetime_avg_soc_pct) as lifetime_avg_soc_pct,
    coalesce(any(c.total_charging_sessions), 0) as total_charging_sessions,
    coalesce(any(c.total_kwh_charged), 0) as total_kwh_charged,
    max(d.had_tire_pressure_alert) as had_tire_pressure_alert,
    max(d.had_battery_temp_alert) as had_battery_temp_alert,
    countDistinct(d.activity_date) as total_active_days,
    toDate(any(t.first_seen)) as first_seen_date,
    toDate(any(t.last_seen)) as last_seen_date
from `vinfast`.`stg_vehicles` as v
left join telemetry_agg as t on v.vehicle_id = t.vehicle_id
left join daily as d on v.vehicle_id = d.vehicle_id
left join charging as c on v.vehicle_id = c.vehicle_id
group by
    v.vehicle_id, v.model, v.type, v.city_code, v.battery_kwh, v.battery_soh_pct,
    v.odometer_start_km, t.latest_odometer_km
  ...
[0m15:51:06.123846 [debug] [Thread-1 (]: dbt_clickhouse adapter: SQL status: OK in 0.13 seconds
[0m15:51:06.125856 [debug] [Thread-1 (]: dbt_clickhouse adapter: On model.vinfast.mart_vehicle_360: /* {"app": "dbt", "dbt_version": "1.12.3", "profile_name": "vinfast", "target_name": "docker", "node_id": "model.vinfast.mart_vehicle_360"} */
EXCHANGE TABLES `vinfast`.`mart_vehicle_360__dbt_backup` AND `vinfast`.`mart_vehicle_360` 
  
  ...
[0m15:51:06.128391 [debug] [Thread-1 (]: dbt_clickhouse adapter: SQL status: OK in 0.00 seconds
[0m15:51:06.133458 [debug] [Thread-1 (]: dbt_clickhouse adapter: On model.vinfast.mart_vehicle_360: /* {"app": "dbt", "dbt_version": "1.12.3", "profile_name": "vinfast", "target_name": "docker", "node_id": "model.vinfast.mart_vehicle_360"} */
drop table if exists `vinfast`.`mart_vehicle_360__dbt_backup` 
  ...
[0m15:51:06.176767 [debug] [Thread-1 (]: dbt_clickhouse adapter: SQL status: OK in 0.04 seconds
[0m15:51:06.178834 [debug] [Thread-1 (]: Sending event: {'category': 'dbt', 'action': 'run_model', 'label': '10b747f0-8331-44e2-b808-e8095db5aae4', 'context': [<snowplow_tracker.self_describing_json.SelfDescribingJson object at 0x000001A1617329B0>]}
[0m15:51:06.179959 [info ] [Thread-1 (]: 16 of 16 OK created sql table model `vinfast`.`mart_vehicle_360` ............... [[32mOK[0m in 0.31s]
[0m15:51:06.180516 [debug] [Thread-1 (]: Finished running node model.vinfast.mart_vehicle_360
[0m15:51:06.181600 [debug] [MainThread]: Connection 'master' was properly closed.
[0m15:51:06.181600 [debug] [MainThread]: Connection 'list_' was left open.
[0m15:51:06.182155 [debug] [MainThread]: On list_: Close
[0m15:51:06.182687 [debug] [MainThread]: Connection 'list__vinfast' was left open.
[0m15:51:06.182687 [debug] [MainThread]: On list__vinfast: Close
[0m15:51:06.183246 [debug] [MainThread]: Connection 'model.vinfast.mart_vehicle_360' was left open.
[0m15:51:06.183246 [debug] [MainThread]: On model.vinfast.mart_vehicle_360: Close
[0m15:51:06.184331 [info ] [MainThread]: 
[0m15:51:06.184331 [info ] [MainThread]: Finished running 8 table models, 8 view models in 0 hours 0 minutes and 4.87 seconds (4.87s).
[0m15:51:06.187233 [debug] [MainThread]: Command end result
[0m15:51:06.227336 [debug] [MainThread]: Wrote artifact WritableManifest to D:\DE_prj\Vinfast_v1\dbt_project\target\manifest.json
[0m15:51:06.230521 [debug] [MainThread]: Wrote artifact SemanticManifest to D:\DE_prj\Vinfast_v1\dbt_project\target\semantic_manifest.json
[0m15:51:06.232769 [debug] [MainThread]: Wrote artifact OsiDocument to D:\DE_prj\Vinfast_v1\dbt_project\target\osi_document.json
[0m15:51:06.240526 [debug] [MainThread]: Wrote artifact RunExecutionResult to D:\DE_prj\Vinfast_v1\dbt_project\target\run_results.json
[0m15:51:06.241046 [info ] [MainThread]: 
[0m15:51:06.241046 [info ] [MainThread]: [32mCompleted successfully[0m
[0m15:51:06.241889 [info ] [MainThread]: 
[0m15:51:06.241889 [info ] [MainThread]: Done. PASS=16 WARN=0 ERROR=0 SKIP=0 NO-OP=0 REUSED=0 TOTAL=16
[0m15:51:06.242741 [debug] [MainThread]: Command `python -m dbt.cli.main run` succeeded at 15:51:06.242741 after 5.87 seconds
[0m15:51:06.242741 [debug] [MainThread]: Sending event: {'category': 'dbt', 'action': 'invocation', 'label': 'end', 'context': [<snowplow_tracker.self_describing_json.SelfDescribingJson object at 0x000001A15EB46080>, <snowplow_tracker.self_describing_json.SelfDescribingJson object at 0x000001A161732A40>, <snowplow_tracker.self_describing_json.SelfDescribingJson object at 0x000001A161731930>]}
[0m15:51:06.243673 [debug] [MainThread]: Flushing usage events
[0m15:51:07.482680 [debug] [MainThread]: An error was encountered while trying to flush usage events
[0m15:51:10.772247 [debug] [MainThread]: Sending event: {'category': 'dbt', 'action': 'invocation', 'label': 'start', 'context': [<snowplow_tracker.self_describing_json.SelfDescribingJson object at 0x00000242AEDE9270>, <snowplow_tracker.self_describing_json.SelfDescribingJson object at 0x00000242B13EAAA0>, <snowplow_tracker.self_describing_json.SelfDescribingJson object at 0x00000242B13EA890>]}


============================== 15:51:10.776286 | ff0280d1-d441-4f8d-b031-228582586f04 ==============================
[0m15:51:10.776286 [info ] [MainThread]: Running with dbt=1.12.3
[0m15:51:10.776286 [debug] [MainThread]: running dbt with arguments {'static_parser': 'True', 'no_print': 'None', 'version_check': 'True', 'warn_error_options': 'WarnErrorOptionsV2(error=[], warn=[], silence=[])', 'target_path': 'None', 'maximum_seed_size_mib': '1', 'printer_width': '80', 'write_json': 'True', 'introspect': 'True', 'log_cache_events': 'False', 'empty': 'None', 'cache_selected_only': 'False', 'log_format': 'default', 'debug': 'False', 'fail_fast': 'False', 'profiles_dir': '.', 'send_anonymous_usage_stats': 'True', 'quiet': 'False', 'warn_error': 'None', 'partial_parse': 'True', 'invocation_command': 'dbt test --profiles-dir . --target docker', 'hints_enabled': 'True', 'use_colors': 'True', 'use_experimental_parser': 'False', 'indirect_selection': 'eager', 'log_path': 'D:\\DE_prj\\Vinfast_v1\\dbt_project\\logs'}
[0m15:51:11.028945 [debug] [MainThread]: Sending event: {'category': 'dbt', 'action': 'project_id', 'label': 'ff0280d1-d441-4f8d-b031-228582586f04', 'context': [<snowplow_tracker.self_describing_json.SelfDescribingJson object at 0x00000242B13EB100>]}
[0m15:51:11.108747 [debug] [MainThread]: Sending event: {'category': 'dbt', 'action': 'adapter_info', 'label': 'ff0280d1-d441-4f8d-b031-228582586f04', 'context': [<snowplow_tracker.self_describing_json.SelfDescribingJson object at 0x00000242B14CFA30>]}
[0m15:51:11.113999 [info ] [MainThread]: Registered adapter: clickhouse=1.9.3
[0m15:51:11.313853 [debug] [MainThread]: checksum: 09915bdc41c29a1a682073d27ab01e44f5df6677538e1db23cf8667eab1919cd, vars: {}, profile: vinfast, target: docker, version: 1.12.3
[0m15:51:11.450465 [debug] [MainThread]: Partial parsing enabled: 0 files deleted, 0 files added, 0 files changed.
[0m15:51:11.450465 [debug] [MainThread]: Nothing changed, skipping partial parsing.
[0m15:51:11.450465 [debug] [MainThread]: Partial parsing enabled, no changes found, skipping parsing
[0m15:51:11.463264 [debug] [MainThread]: Sending event: {'category': 'dbt', 'action': 'load_project', 'label': 'ff0280d1-d441-4f8d-b031-228582586f04', 'context': [<snowplow_tracker.self_describing_json.SelfDescribingJson object at 0x00000242B18F8130>]}
[0m15:51:11.593431 [debug] [MainThread]: Wrote artifact WritableManifest to D:\DE_prj\Vinfast_v1\dbt_project\target\manifest.json
[0m15:51:11.596429 [debug] [MainThread]: Wrote artifact SemanticManifest to D:\DE_prj\Vinfast_v1\dbt_project\target\semantic_manifest.json
[0m15:51:11.610807 [debug] [MainThread]: Wrote artifact OsiDocument to D:\DE_prj\Vinfast_v1\dbt_project\target\osi_document.json
[0m15:51:11.621897 [debug] [MainThread]: Sending event: {'category': 'dbt', 'action': 'resource_counts', 'label': 'ff0280d1-d441-4f8d-b031-228582586f04', 'context': [<snowplow_tracker.self_describing_json.SelfDescribingJson object at 0x00000242B18F95A0>]}
[0m15:51:11.621897 [info ] [MainThread]: Found 16 models, 26 data tests, 635 macros
[0m15:51:11.621897 [debug] [MainThread]: Sending event: {'category': 'dbt', 'action': 'runnable_timing', 'label': 'ff0280d1-d441-4f8d-b031-228582586f04', 'context': [<snowplow_tracker.self_describing_json.SelfDescribingJson object at 0x00000242B18FBC10>]}
[0m15:51:11.628723 [info ] [MainThread]: 
[0m15:51:11.628723 [info ] [MainThread]: Concurrency: 1 threads (target='docker')
[0m15:51:11.628723 [info ] [MainThread]: 
[0m15:51:11.628723 [debug] [MainThread]: Acquiring new clickhouse connection 'master'
[0m15:51:11.638725 [debug] [ThreadPool]: Acquiring new clickhouse connection 'list__vinfast'
[0m15:51:11.645020 [debug] [ThreadPool]: Opening a new connection, currently in state init
[0m15:51:12.185790 [debug] [ThreadPool]: dbt_clickhouse adapter: On list__vinfast: /* {"app": "dbt", "dbt_version": "1.12.3", "profile_name": "vinfast", "target_name": "docker", "connection_name": "list__vinfast"} */
select
      t.name as name,
      t.database as schema,
      multiIf(
        engine in ('MaterializedView', 'View'), 'view',
        engine = 'Dictionary', 'dictionary',
        'table'
      ) as type,
      db.engine as db_engine,0 as is_on_cluster
          from system.tables as t join system.databases as db on t.database = db.name
        where schema = 'vinfast'
      

  ...
[0m15:51:12.234966 [debug] [ThreadPool]: dbt_clickhouse adapter: SQL status: OK in 0.05 seconds
[0m15:51:12.360665 [debug] [MainThread]: Sending event: {'category': 'dbt', 'action': 'runnable_timing', 'label': 'ff0280d1-d441-4f8d-b031-228582586f04', 'context': [<snowplow_tracker.self_describing_json.SelfDescribingJson object at 0x00000242B18F8760>]}
[0m15:51:12.366615 [debug] [Thread-1 (]: Began running node test.vinfast.accepted_values_mart_charging_analytics_charger_type__AC_TYPE2__CCS2_DC.4932dc50f6
[0m15:51:12.366615 [info ] [Thread-1 (]: 1 of 26 START test accepted_values_mart_charging_analytics_charger_type__AC_TYPE2__CCS2_DC  [RUN]
[0m15:51:12.366615 [debug] [Thread-1 (]: Acquiring new clickhouse connection 'test.vinfast.accepted_values_mart_charging_analytics_charger_type__AC_TYPE2__CCS2_DC.4932dc50f6'
[0m15:51:12.368625 [debug] [Thread-1 (]: Began compiling node test.vinfast.accepted_values_mart_charging_analytics_charger_type__AC_TYPE2__CCS2_DC.4932dc50f6
[0m15:51:12.382684 [debug] [Thread-1 (]: Writing injected SQL for node "test.vinfast.accepted_values_mart_charging_analytics_charger_type__AC_TYPE2__CCS2_DC.4932dc50f6"
[0m15:51:12.382684 [debug] [Thread-1 (]: Began executing node test.vinfast.accepted_values_mart_charging_analytics_charger_type__AC_TYPE2__CCS2_DC.4932dc50f6
[0m15:51:12.398412 [debug] [Thread-1 (]: Writing runtime sql for node "test.vinfast.accepted_values_mart_charging_analytics_charger_type__AC_TYPE2__CCS2_DC.4932dc50f6"
[0m15:51:12.398412 [debug] [Thread-1 (]: Opening a new connection, currently in state init
[0m15:51:12.958855 [debug] [Thread-1 (]: dbt_clickhouse adapter: On test.vinfast.accepted_values_mart_charging_analytics_charger_type__AC_TYPE2__CCS2_DC.4932dc50f6: /* {"app": "dbt", "dbt_version": "1.12.3", "profile_name": "vinfast", "target_name": "docker", "node_id": "test.vinfast.accepted_values_mart_charging_analytics_charger_type__AC_TYPE2__CCS2_DC.4932dc50f6"} */

    
    
    select
      count(*) as failures,
      count(*) != 0 as should_warn,
      count(*) != 0 as should_error
    from (
      
    
  
    
    

with all_values as (

    select
        charger_type as value_field,
        count(*) as n_records

    from `vinfast`.`mart_charging_analytics`
    group by charger_type

)

select *
from all_values
where value_field not in (
    'AC_TYPE2','CCS2_DC'
)



  
  
    ) dbt_internal_test...
[0m15:51:13.015851 [debug] [Thread-1 (]: dbt_clickhouse adapter: SQL status: OK in 0.06 seconds
[0m15:51:13.018397 [info ] [Thread-1 (]: 1 of 26 PASS accepted_values_mart_charging_analytics_charger_type__AC_TYPE2__CCS2_DC  [[32mPASS[0m in 0.65s]
[0m15:51:13.018397 [debug] [Thread-1 (]: Finished running node test.vinfast.accepted_values_mart_charging_analytics_charger_type__AC_TYPE2__CCS2_DC.4932dc50f6
[0m15:51:13.018397 [debug] [Thread-1 (]: Began running node test.vinfast.accepted_values_mart_charging_revenue_charger_type__AC_TYPE2__CCS2_DC.c409246259
[0m15:51:13.018397 [info ] [Thread-1 (]: 2 of 26 START test accepted_values_mart_charging_revenue_charger_type__AC_TYPE2__CCS2_DC  [RUN]
[0m15:51:13.018397 [debug] [Thread-1 (]: Re-using an available connection from the pool (formerly test.vinfast.accepted_values_mart_charging_analytics_charger_type__AC_TYPE2__CCS2_DC.4932dc50f6, now test.vinfast.accepted_values_mart_charging_revenue_charger_type__AC_TYPE2__CCS2_DC.c409246259)
[0m15:51:13.018397 [debug] [Thread-1 (]: Began compiling node test.vinfast.accepted_values_mart_charging_revenue_charger_type__AC_TYPE2__CCS2_DC.c409246259
[0m15:51:13.031635 [debug] [Thread-1 (]: Writing injected SQL for node "test.vinfast.accepted_values_mart_charging_revenue_charger_type__AC_TYPE2__CCS2_DC.c409246259"
[0m15:51:13.031635 [debug] [Thread-1 (]: Began executing node test.vinfast.accepted_values_mart_charging_revenue_charger_type__AC_TYPE2__CCS2_DC.c409246259
[0m15:51:13.031635 [debug] [Thread-1 (]: Writing runtime sql for node "test.vinfast.accepted_values_mart_charging_revenue_charger_type__AC_TYPE2__CCS2_DC.c409246259"
[0m15:51:13.031635 [debug] [Thread-1 (]: dbt_clickhouse adapter: On test.vinfast.accepted_values_mart_charging_revenue_charger_type__AC_TYPE2__CCS2_DC.c409246259: /* {"app": "dbt", "dbt_version": "1.12.3", "profile_name": "vinfast", "target_name": "docker", "node_id": "test.vinfast.accepted_values_mart_charging_revenue_charger_type__AC_TYPE2__CCS2_DC.c409246259"} */

    
    
    select
      count(*) as failures,
      count(*) != 0 as should_warn,
      count(*) != 0 as should_error
    from (
      
    
  
    
    

with all_values as (

    select
        charger_type as value_field,
        count(*) as n_records

    from `vinfast`.`mart_charging_revenue`
    group by charger_type

)

select *
from all_values
where value_field not in (
    'AC_TYPE2','CCS2_DC'
)



  
  
    ) dbt_internal_test...
[0m15:51:13.088706 [debug] [Thread-1 (]: dbt_clickhouse adapter: SQL status: OK in 0.05 seconds
[0m15:51:13.097434 [info ] [Thread-1 (]: 2 of 26 PASS accepted_values_mart_charging_revenue_charger_type__AC_TYPE2__CCS2_DC  [[32mPASS[0m in 0.08s]
[0m15:51:13.101133 [debug] [Thread-1 (]: Finished running node test.vinfast.accepted_values_mart_charging_revenue_charger_type__AC_TYPE2__CCS2_DC.c409246259
[0m15:51:13.101133 [debug] [Thread-1 (]: Began running node test.vinfast.accepted_values_mart_customer_360_city_code__HN__SG__DN__TH__TN__NA__HT__QN.a5c0cbf984
[0m15:51:13.101133 [info ] [Thread-1 (]: 3 of 26 START test accepted_values_mart_customer_360_city_code__HN__SG__DN__TH__TN__NA__HT__QN  [RUN]
[0m15:51:13.101133 [debug] [Thread-1 (]: Re-using an available connection from the pool (formerly test.vinfast.accepted_values_mart_charging_revenue_charger_type__AC_TYPE2__CCS2_DC.c409246259, now test.vinfast.accepted_values_mart_customer_360_city_code__HN__SG__DN__TH__TN__NA__HT__QN.a5c0cbf984)
[0m15:51:13.101133 [debug] [Thread-1 (]: Began compiling node test.vinfast.accepted_values_mart_customer_360_city_code__HN__SG__DN__TH__TN__NA__HT__QN.a5c0cbf984
[0m15:51:13.134673 [debug] [Thread-1 (]: Writing injected SQL for node "test.vinfast.accepted_values_mart_customer_360_city_code__HN__SG__DN__TH__TN__NA__HT__QN.a5c0cbf984"
[0m15:51:13.134673 [debug] [Thread-1 (]: Began executing node test.vinfast.accepted_values_mart_customer_360_city_code__HN__SG__DN__TH__TN__NA__HT__QN.a5c0cbf984
[0m15:51:13.134673 [debug] [Thread-1 (]: Writing runtime sql for node "test.vinfast.accepted_values_mart_customer_360_city_code__HN__SG__DN__TH__TN__NA__HT__QN.a5c0cbf984"
[0m15:51:13.138435 [debug] [Thread-1 (]: dbt_clickhouse adapter: On test.vinfast.accepted_values_mart_customer_360_city_code__HN__SG__DN__TH__TN__NA__HT__QN.a5c0cbf984: /* {"app": "dbt", "dbt_version": "1.12.3", "profile_name": "vinfast", "target_name": "docker", "node_id": "test.vinfast.accepted_values_mart_customer_360_city_code__HN__SG__DN__TH__TN__NA__HT__QN.a5c0cbf984"} */

    
    
    select
      count(*) as failures,
      count(*) != 0 as should_warn,
      count(*) != 0 as should_error
    from (
      
    
  
    
    

with all_values as (

    select
        city_code as value_field,
        count(*) as n_records

    from `vinfast`.`mart_customer_360`
    group by city_code

)

select *
from all_values
where value_field not in (
    'HN','SG','DN','TH','TN','NA','HT','QN'
)



  
  
    ) dbt_internal_test...
[0m15:51:13.188547 [debug] [Thread-1 (]: dbt_clickhouse adapter: SQL status: OK in 0.05 seconds
[0m15:51:13.198537 [info ] [Thread-1 (]: 3 of 26 PASS accepted_values_mart_customer_360_city_code__HN__SG__DN__TH__TN__NA__HT__QN  [[32mPASS[0m in 0.10s]
[0m15:51:13.200301 [debug] [Thread-1 (]: Finished running node test.vinfast.accepted_values_mart_customer_360_city_code__HN__SG__DN__TH__TN__NA__HT__QN.a5c0cbf984
[0m15:51:13.201049 [debug] [Thread-1 (]: Began running node test.vinfast.accepted_values_mart_customer_360_lifecycle_stage__lead__prospect_warm__prospect_hot__customer.c3c3d6fc65
[0m15:51:13.201049 [info ] [Thread-1 (]: 4 of 26 START test accepted_values_mart_customer_360_lifecycle_stage__lead__prospect_warm__prospect_hot__customer  [RUN]
[0m15:51:13.201049 [debug] [Thread-1 (]: Re-using an available connection from the pool (formerly test.vinfast.accepted_values_mart_customer_360_city_code__HN__SG__DN__TH__TN__NA__HT__QN.a5c0cbf984, now test.vinfast.accepted_values_mart_customer_360_lifecycle_stage__lead__prospect_warm__prospect_hot__customer.c3c3d6fc65)
[0m15:51:13.201049 [debug] [Thread-1 (]: Began compiling node test.vinfast.accepted_values_mart_customer_360_lifecycle_stage__lead__prospect_warm__prospect_hot__customer.c3c3d6fc65
[0m15:51:13.218663 [debug] [Thread-1 (]: Writing injected SQL for node "test.vinfast.accepted_values_mart_customer_360_lifecycle_stage__lead__prospect_warm__prospect_hot__customer.c3c3d6fc65"
[0m15:51:13.224964 [debug] [Thread-1 (]: Began executing node test.vinfast.accepted_values_mart_customer_360_lifecycle_stage__lead__prospect_warm__prospect_hot__customer.c3c3d6fc65
[0m15:51:13.224964 [debug] [Thread-1 (]: Writing runtime sql for node "test.vinfast.accepted_values_mart_customer_360_lifecycle_stage__lead__prospect_warm__prospect_hot__customer.c3c3d6fc65"
[0m15:51:13.224964 [debug] [Thread-1 (]: dbt_clickhouse adapter: On test.vinfast.accepted_values_mart_customer_360_lifecycle_stage__lead__prospect_warm__prospect_hot__customer.c3c3d6fc65: /* {"app": "dbt", "dbt_version": "1.12.3", "profile_name": "vinfast", "target_name": "docker", "node_id": "test.vinfast.accepted_values_mart_customer_360_lifecycle_stage__lead__prospect_warm__prospect_hot__customer.c3c3d6fc65"} */

    
    
    select
      count(*) as failures,
      count(*) != 0 as should_warn,
      count(*) != 0 as should_error
    from (
      
    
  
    
    

with all_values as (

    select
        lifecycle_stage as value_field,
        count(*) as n_records

    from `vinfast`.`mart_customer_360`
    group by lifecycle_stage

)

select *
from all_values
where value_field not in (
    'lead','prospect_warm','prospect_hot','customer'
)



  
  
    ) dbt_internal_test...
[0m15:51:13.268401 [debug] [Thread-1 (]: dbt_clickhouse adapter: SQL status: OK in 0.04 seconds
[0m15:51:13.268401 [info ] [Thread-1 (]: 4 of 26 PASS accepted_values_mart_customer_360_lifecycle_stage__lead__prospect_warm__prospect_hot__customer  [[32mPASS[0m in 0.07s]
[0m15:51:13.278454 [debug] [Thread-1 (]: Finished running node test.vinfast.accepted_values_mart_customer_360_lifecycle_stage__lead__prospect_warm__prospect_hot__customer.c3c3d6fc65
[0m15:51:13.278454 [debug] [Thread-1 (]: Began running node test.vinfast.accepted_values_mart_sales_pipeline_city_code__HN__SG__DN__TH__TN__NA__HT__QN.8c4befecac
[0m15:51:13.278454 [info ] [Thread-1 (]: 5 of 26 START test accepted_values_mart_sales_pipeline_city_code__HN__SG__DN__TH__TN__NA__HT__QN  [RUN]
[0m15:51:13.278454 [debug] [Thread-1 (]: Re-using an available connection from the pool (formerly test.vinfast.accepted_values_mart_customer_360_lifecycle_stage__lead__prospect_warm__prospect_hot__customer.c3c3d6fc65, now test.vinfast.accepted_values_mart_sales_pipeline_city_code__HN__SG__DN__TH__TN__NA__HT__QN.8c4befecac)
[0m15:51:13.278454 [debug] [Thread-1 (]: Began compiling node test.vinfast.accepted_values_mart_sales_pipeline_city_code__HN__SG__DN__TH__TN__NA__HT__QN.8c4befecac
[0m15:51:13.278454 [debug] [Thread-1 (]: Writing injected SQL for node "test.vinfast.accepted_values_mart_sales_pipeline_city_code__HN__SG__DN__TH__TN__NA__HT__QN.8c4befecac"
[0m15:51:13.278454 [debug] [Thread-1 (]: Began executing node test.vinfast.accepted_values_mart_sales_pipeline_city_code__HN__SG__DN__TH__TN__NA__HT__QN.8c4befecac
[0m15:51:13.278454 [debug] [Thread-1 (]: Writing runtime sql for node "test.vinfast.accepted_values_mart_sales_pipeline_city_code__HN__SG__DN__TH__TN__NA__HT__QN.8c4befecac"
[0m15:51:13.288333 [debug] [Thread-1 (]: dbt_clickhouse adapter: On test.vinfast.accepted_values_mart_sales_pipeline_city_code__HN__SG__DN__TH__TN__NA__HT__QN.8c4befecac: /* {"app": "dbt", "dbt_version": "1.12.3", "profile_name": "vinfast", "target_name": "docker", "node_id": "test.vinfast.accepted_values_mart_sales_pipeline_city_code__HN__SG__DN__TH__TN__NA__HT__QN.8c4befecac"} */

    
    
    select
      count(*) as failures,
      count(*) != 0 as should_warn,
      count(*) != 0 as should_error
    from (
      
    
  
    
    

with all_values as (

    select
        city_code as value_field,
        count(*) as n_records

    from `vinfast`.`mart_sales_pipeline`
    group by city_code

)

select *
from all_values
where value_field not in (
    'HN','SG','DN','TH','TN','NA','HT','QN'
)



  
  
    ) dbt_internal_test...
[0m15:51:13.328615 [debug] [Thread-1 (]: dbt_clickhouse adapter: SQL status: OK in 0.04 seconds
[0m15:51:13.338680 [info ] [Thread-1 (]: 5 of 26 PASS accepted_values_mart_sales_pipeline_city_code__HN__SG__DN__TH__TN__NA__HT__QN  [[32mPASS[0m in 0.06s]
[0m15:51:13.338680 [debug] [Thread-1 (]: Finished running node test.vinfast.accepted_values_mart_sales_pipeline_city_code__HN__SG__DN__TH__TN__NA__HT__QN.8c4befecac
[0m15:51:13.338680 [debug] [Thread-1 (]: Began running node test.vinfast.accepted_values_mart_vehicle_360_city_code__HN__SG__DN__TH__TN__NA__HT__QN.380bcbb4b4
[0m15:51:13.338680 [info ] [Thread-1 (]: 6 of 26 START test accepted_values_mart_vehicle_360_city_code__HN__SG__DN__TH__TN__NA__HT__QN  [RUN]
[0m15:51:13.341741 [debug] [Thread-1 (]: Re-using an available connection from the pool (formerly test.vinfast.accepted_values_mart_sales_pipeline_city_code__HN__SG__DN__TH__TN__NA__HT__QN.8c4befecac, now test.vinfast.accepted_values_mart_vehicle_360_city_code__HN__SG__DN__TH__TN__NA__HT__QN.380bcbb4b4)
[0m15:51:13.341741 [debug] [Thread-1 (]: Began compiling node test.vinfast.accepted_values_mart_vehicle_360_city_code__HN__SG__DN__TH__TN__NA__HT__QN.380bcbb4b4
[0m15:51:13.341741 [debug] [Thread-1 (]: Writing injected SQL for node "test.vinfast.accepted_values_mart_vehicle_360_city_code__HN__SG__DN__TH__TN__NA__HT__QN.380bcbb4b4"
[0m15:51:13.341741 [debug] [Thread-1 (]: Began executing node test.vinfast.accepted_values_mart_vehicle_360_city_code__HN__SG__DN__TH__TN__NA__HT__QN.380bcbb4b4
[0m15:51:13.348558 [debug] [Thread-1 (]: Writing runtime sql for node "test.vinfast.accepted_values_mart_vehicle_360_city_code__HN__SG__DN__TH__TN__NA__HT__QN.380bcbb4b4"
[0m15:51:13.348558 [debug] [Thread-1 (]: dbt_clickhouse adapter: On test.vinfast.accepted_values_mart_vehicle_360_city_code__HN__SG__DN__TH__TN__NA__HT__QN.380bcbb4b4: /* {"app": "dbt", "dbt_version": "1.12.3", "profile_name": "vinfast", "target_name": "docker", "node_id": "test.vinfast.accepted_values_mart_vehicle_360_city_code__HN__SG__DN__TH__TN__NA__HT__QN.380bcbb4b4"} */

    
    
    select
      count(*) as failures,
      count(*) != 0 as should_warn,
      count(*) != 0 as should_error
    from (
      
    
  
    
    

with all_values as (

    select
        city_code as value_field,
        count(*) as n_records

    from `vinfast`.`mart_vehicle_360`
    group by city_code

)

select *
from all_values
where value_field not in (
    'HN','SG','DN','TH','TN','NA','HT','QN'
)



  
  
    ) dbt_internal_test...
[0m15:51:13.405327 [debug] [Thread-1 (]: dbt_clickhouse adapter: SQL status: OK in 0.05 seconds
[0m15:51:13.405327 [info ] [Thread-1 (]: 6 of 26 PASS accepted_values_mart_vehicle_360_city_code__HN__SG__DN__TH__TN__NA__HT__QN  [[32mPASS[0m in 0.07s]
[0m15:51:13.408762 [debug] [Thread-1 (]: Finished running node test.vinfast.accepted_values_mart_vehicle_360_city_code__HN__SG__DN__TH__TN__NA__HT__QN.380bcbb4b4
[0m15:51:13.408762 [debug] [Thread-1 (]: Began running node test.vinfast.accepted_values_mart_vehicle_360_type__car__motorbike.5134ef0f09
[0m15:51:13.408762 [info ] [Thread-1 (]: 7 of 26 START test accepted_values_mart_vehicle_360_type__car__motorbike ....... [RUN]
[0m15:51:13.408762 [debug] [Thread-1 (]: Re-using an available connection from the pool (formerly test.vinfast.accepted_values_mart_vehicle_360_city_code__HN__SG__DN__TH__TN__NA__HT__QN.380bcbb4b4, now test.vinfast.accepted_values_mart_vehicle_360_type__car__motorbike.5134ef0f09)
[0m15:51:13.408762 [debug] [Thread-1 (]: Began compiling node test.vinfast.accepted_values_mart_vehicle_360_type__car__motorbike.5134ef0f09
[0m15:51:13.431371 [debug] [Thread-1 (]: Writing injected SQL for node "test.vinfast.accepted_values_mart_vehicle_360_type__car__motorbike.5134ef0f09"
[0m15:51:13.431371 [debug] [Thread-1 (]: Began executing node test.vinfast.accepted_values_mart_vehicle_360_type__car__motorbike.5134ef0f09
[0m15:51:13.431371 [debug] [Thread-1 (]: Writing runtime sql for node "test.vinfast.accepted_values_mart_vehicle_360_type__car__motorbike.5134ef0f09"
[0m15:51:13.436997 [debug] [Thread-1 (]: dbt_clickhouse adapter: On test.vinfast.accepted_values_mart_vehicle_360_type__car__motorbike.5134ef0f09: /* {"app": "dbt", "dbt_version": "1.12.3", "profile_name": "vinfast", "target_name": "docker", "node_id": "test.vinfast.accepted_values_mart_vehicle_360_type__car__motorbike.5134ef0f09"} */

    
    
    select
      count(*) as failures,
      count(*) != 0 as should_warn,
      count(*) != 0 as should_error
    from (
      
    
  
    
    

with all_values as (

    select
        type as value_field,
        count(*) as n_records

    from `vinfast`.`mart_vehicle_360`
    group by type

)

select *
from all_values
where value_field not in (
    'car','motorbike'
)



  
  
    ) dbt_internal_test...
[0m15:51:13.488485 [debug] [Thread-1 (]: dbt_clickhouse adapter: SQL status: OK in 0.05 seconds
[0m15:51:13.489524 [info ] [Thread-1 (]: 7 of 26 PASS accepted_values_mart_vehicle_360_type__car__motorbike ............. [[32mPASS[0m in 0.08s]
[0m15:51:13.489524 [debug] [Thread-1 (]: Finished running node test.vinfast.accepted_values_mart_vehicle_360_type__car__motorbike.5134ef0f09
[0m15:51:13.489524 [debug] [Thread-1 (]: Began running node test.vinfast.dbt_utils_expression_is_true_mart_charging_analytics_end_soc_pct_start_soc_pct.aaf8e84d7d
[0m15:51:13.489524 [info ] [Thread-1 (]: 8 of 26 START test dbt_utils_expression_is_true_mart_charging_analytics_end_soc_pct_start_soc_pct  [RUN]
[0m15:51:13.489524 [debug] [Thread-1 (]: Re-using an available connection from the pool (formerly test.vinfast.accepted_values_mart_vehicle_360_type__car__motorbike.5134ef0f09, now test.vinfast.dbt_utils_expression_is_true_mart_charging_analytics_end_soc_pct_start_soc_pct.aaf8e84d7d)
[0m15:51:13.494971 [debug] [Thread-1 (]: Began compiling node test.vinfast.dbt_utils_expression_is_true_mart_charging_analytics_end_soc_pct_start_soc_pct.aaf8e84d7d
[0m15:51:13.508786 [debug] [Thread-1 (]: Writing injected SQL for node "test.vinfast.dbt_utils_expression_is_true_mart_charging_analytics_end_soc_pct_start_soc_pct.aaf8e84d7d"
[0m15:51:13.516027 [debug] [Thread-1 (]: Began executing node test.vinfast.dbt_utils_expression_is_true_mart_charging_analytics_end_soc_pct_start_soc_pct.aaf8e84d7d
[0m15:51:13.516626 [debug] [Thread-1 (]: Writing runtime sql for node "test.vinfast.dbt_utils_expression_is_true_mart_charging_analytics_end_soc_pct_start_soc_pct.aaf8e84d7d"
[0m15:51:13.518646 [debug] [Thread-1 (]: dbt_clickhouse adapter: On test.vinfast.dbt_utils_expression_is_true_mart_charging_analytics_end_soc_pct_start_soc_pct.aaf8e84d7d: /* {"app": "dbt", "dbt_version": "1.12.3", "profile_name": "vinfast", "target_name": "docker", "node_id": "test.vinfast.dbt_utils_expression_is_true_mart_charging_analytics_end_soc_pct_start_soc_pct.aaf8e84d7d"} */

    
    
    select
      count(*) as failures,
      count(*) != 0 as should_warn,
      count(*) != 0 as should_error
    from (
      
    
  



select
    1
from `vinfast`.`mart_charging_analytics`

where not(end_soc_pct >= start_soc_pct)


  
  
    ) dbt_internal_test...
[0m15:51:13.568479 [debug] [Thread-1 (]: dbt_clickhouse adapter: SQL status: OK in 0.05 seconds
[0m15:51:13.568479 [info ] [Thread-1 (]: 8 of 26 PASS dbt_utils_expression_is_true_mart_charging_analytics_end_soc_pct_start_soc_pct  [[32mPASS[0m in 0.08s]
[0m15:51:13.568479 [debug] [Thread-1 (]: Finished running node test.vinfast.dbt_utils_expression_is_true_mart_charging_analytics_end_soc_pct_start_soc_pct.aaf8e84d7d
[0m15:51:13.568479 [debug] [Thread-1 (]: Began running node test.vinfast.dbt_utils_expression_is_true_mart_charging_analytics_ended_at_started_at.a25ccfbc4d
[0m15:51:13.568479 [info ] [Thread-1 (]: 9 of 26 START test dbt_utils_expression_is_true_mart_charging_analytics_ended_at_started_at  [RUN]
[0m15:51:13.579688 [debug] [Thread-1 (]: Re-using an available connection from the pool (formerly test.vinfast.dbt_utils_expression_is_true_mart_charging_analytics_end_soc_pct_start_soc_pct.aaf8e84d7d, now test.vinfast.dbt_utils_expression_is_true_mart_charging_analytics_ended_at_started_at.a25ccfbc4d)
[0m15:51:13.579688 [debug] [Thread-1 (]: Began compiling node test.vinfast.dbt_utils_expression_is_true_mart_charging_analytics_ended_at_started_at.a25ccfbc4d
[0m15:51:13.595638 [debug] [Thread-1 (]: Writing injected SQL for node "test.vinfast.dbt_utils_expression_is_true_mart_charging_analytics_ended_at_started_at.a25ccfbc4d"
[0m15:51:13.595638 [debug] [Thread-1 (]: Began executing node test.vinfast.dbt_utils_expression_is_true_mart_charging_analytics_ended_at_started_at.a25ccfbc4d
[0m15:51:13.595638 [debug] [Thread-1 (]: Writing runtime sql for node "test.vinfast.dbt_utils_expression_is_true_mart_charging_analytics_ended_at_started_at.a25ccfbc4d"
[0m15:51:13.598505 [debug] [Thread-1 (]: dbt_clickhouse adapter: On test.vinfast.dbt_utils_expression_is_true_mart_charging_analytics_ended_at_started_at.a25ccfbc4d: /* {"app": "dbt", "dbt_version": "1.12.3", "profile_name": "vinfast", "target_name": "docker", "node_id": "test.vinfast.dbt_utils_expression_is_true_mart_charging_analytics_ended_at_started_at.a25ccfbc4d"} */

    
    
    select
      count(*) as failures,
      count(*) != 0 as should_warn,
      count(*) != 0 as should_error
    from (
      
    
  



select
    1
from `vinfast`.`mart_charging_analytics`

where not(ended_at > started_at)


  
  
    ) dbt_internal_test...
[0m15:51:13.651054 [debug] [Thread-1 (]: dbt_clickhouse adapter: SQL status: OK in 0.05 seconds
[0m15:51:13.655425 [info ] [Thread-1 (]: 9 of 26 PASS dbt_utils_expression_is_true_mart_charging_analytics_ended_at_started_at  [[32mPASS[0m in 0.07s]
[0m15:51:13.655425 [debug] [Thread-1 (]: Finished running node test.vinfast.dbt_utils_expression_is_true_mart_charging_analytics_ended_at_started_at.a25ccfbc4d
[0m15:51:13.655425 [debug] [Thread-1 (]: Began running node test.vinfast.not_null_mart_charging_analytics_ended_at.74a751ffa0
[0m15:51:13.655425 [info ] [Thread-1 (]: 10 of 26 START test not_null_mart_charging_analytics_ended_at .................. [RUN]
[0m15:51:13.659126 [debug] [Thread-1 (]: Re-using an available connection from the pool (formerly test.vinfast.dbt_utils_expression_is_true_mart_charging_analytics_ended_at_started_at.a25ccfbc4d, now test.vinfast.not_null_mart_charging_analytics_ended_at.74a751ffa0)
[0m15:51:13.659646 [debug] [Thread-1 (]: Began compiling node test.vinfast.not_null_mart_charging_analytics_ended_at.74a751ffa0
[0m15:51:13.668786 [debug] [Thread-1 (]: Writing injected SQL for node "test.vinfast.not_null_mart_charging_analytics_ended_at.74a751ffa0"
[0m15:51:13.668786 [debug] [Thread-1 (]: Began executing node test.vinfast.not_null_mart_charging_analytics_ended_at.74a751ffa0
[0m15:51:13.668786 [debug] [Thread-1 (]: Writing runtime sql for node "test.vinfast.not_null_mart_charging_analytics_ended_at.74a751ffa0"
[0m15:51:13.668786 [debug] [Thread-1 (]: dbt_clickhouse adapter: On test.vinfast.not_null_mart_charging_analytics_ended_at.74a751ffa0: /* {"app": "dbt", "dbt_version": "1.12.3", "profile_name": "vinfast", "target_name": "docker", "node_id": "test.vinfast.not_null_mart_charging_analytics_ended_at.74a751ffa0"} */

    
    
    select
      count(*) as failures,
      count(*) != 0 as should_warn,
      count(*) != 0 as should_error
    from (
      
    
  
    
    



select ended_at
from `vinfast`.`mart_charging_analytics`
where ended_at is null



  
  
    ) dbt_internal_test...
[0m15:51:13.728455 [debug] [Thread-1 (]: dbt_clickhouse adapter: SQL status: OK in 0.05 seconds
[0m15:51:13.728455 [info ] [Thread-1 (]: 10 of 26 PASS not_null_mart_charging_analytics_ended_at ........................ [[32mPASS[0m in 0.07s]
[0m15:51:13.732728 [debug] [Thread-1 (]: Finished running node test.vinfast.not_null_mart_charging_analytics_ended_at.74a751ffa0
[0m15:51:13.732728 [debug] [Thread-1 (]: Began running node test.vinfast.not_null_mart_charging_analytics_session_id.376bdff5a7
[0m15:51:13.732728 [info ] [Thread-1 (]: 11 of 26 START test not_null_mart_charging_analytics_session_id ................ [RUN]
[0m15:51:13.732728 [debug] [Thread-1 (]: Re-using an available connection from the pool (formerly test.vinfast.not_null_mart_charging_analytics_ended_at.74a751ffa0, now test.vinfast.not_null_mart_charging_analytics_session_id.376bdff5a7)
[0m15:51:13.732728 [debug] [Thread-1 (]: Began compiling node test.vinfast.not_null_mart_charging_analytics_session_id.376bdff5a7
[0m15:51:13.740725 [debug] [Thread-1 (]: Writing injected SQL for node "test.vinfast.not_null_mart_charging_analytics_session_id.376bdff5a7"
[0m15:51:13.748423 [debug] [Thread-1 (]: Began executing node test.vinfast.not_null_mart_charging_analytics_session_id.376bdff5a7
[0m15:51:13.748423 [debug] [Thread-1 (]: Writing runtime sql for node "test.vinfast.not_null_mart_charging_analytics_session_id.376bdff5a7"
[0m15:51:13.751400 [debug] [Thread-1 (]: dbt_clickhouse adapter: On test.vinfast.not_null_mart_charging_analytics_session_id.376bdff5a7: /* {"app": "dbt", "dbt_version": "1.12.3", "profile_name": "vinfast", "target_name": "docker", "node_id": "test.vinfast.not_null_mart_charging_analytics_session_id.376bdff5a7"} */

    
    
    select
      count(*) as failures,
      count(*) != 0 as should_warn,
      count(*) != 0 as should_error
    from (
      
    
  
    
    



select session_id
from `vinfast`.`mart_charging_analytics`
where session_id is null



  
  
    ) dbt_internal_test...
[0m15:51:13.798457 [debug] [Thread-1 (]: dbt_clickhouse adapter: SQL status: OK in 0.05 seconds
[0m15:51:13.802016 [info ] [Thread-1 (]: 11 of 26 PASS not_null_mart_charging_analytics_session_id ...................... [[32mPASS[0m in 0.07s]
[0m15:51:13.802016 [debug] [Thread-1 (]: Finished running node test.vinfast.not_null_mart_charging_analytics_session_id.376bdff5a7
[0m15:51:13.802016 [debug] [Thread-1 (]: Began running node test.vinfast.not_null_mart_charging_analytics_started_at.ec2947dd02
[0m15:51:13.802016 [info ] [Thread-1 (]: 12 of 26 START test not_null_mart_charging_analytics_started_at ................ [RUN]
[0m15:51:13.808669 [debug] [Thread-1 (]: Re-using an available connection from the pool (formerly test.vinfast.not_null_mart_charging_analytics_session_id.376bdff5a7, now test.vinfast.not_null_mart_charging_analytics_started_at.ec2947dd02)
[0m15:51:13.808669 [debug] [Thread-1 (]: Began compiling node test.vinfast.not_null_mart_charging_analytics_started_at.ec2947dd02
[0m15:51:13.808669 [debug] [Thread-1 (]: Writing injected SQL for node "test.vinfast.not_null_mart_charging_analytics_started_at.ec2947dd02"
[0m15:51:13.808669 [debug] [Thread-1 (]: Began executing node test.vinfast.not_null_mart_charging_analytics_started_at.ec2947dd02
[0m15:51:13.808669 [debug] [Thread-1 (]: Writing runtime sql for node "test.vinfast.not_null_mart_charging_analytics_started_at.ec2947dd02"
[0m15:51:13.818571 [debug] [Thread-1 (]: dbt_clickhouse adapter: On test.vinfast.not_null_mart_charging_analytics_started_at.ec2947dd02: /* {"app": "dbt", "dbt_version": "1.12.3", "profile_name": "vinfast", "target_name": "docker", "node_id": "test.vinfast.not_null_mart_charging_analytics_started_at.ec2947dd02"} */

    
    
    select
      count(*) as failures,
      count(*) != 0 as should_warn,
      count(*) != 0 as should_error
    from (
      
    
  
    
    



select started_at
from `vinfast`.`mart_charging_analytics`
where started_at is null



  
  
    ) dbt_internal_test...
[0m15:51:13.868493 [debug] [Thread-1 (]: dbt_clickhouse adapter: SQL status: OK in 0.05 seconds
[0m15:51:13.873426 [info ] [Thread-1 (]: 12 of 26 PASS not_null_mart_charging_analytics_started_at ...................... [[32mPASS[0m in 0.06s]
[0m15:51:13.873426 [debug] [Thread-1 (]: Finished running node test.vinfast.not_null_mart_charging_analytics_started_at.ec2947dd02
[0m15:51:13.878594 [debug] [Thread-1 (]: Began running node test.vinfast.not_null_mart_charging_analytics_vehicle_id.984ccd85f1
[0m15:51:13.878594 [info ] [Thread-1 (]: 13 of 26 START test not_null_mart_charging_analytics_vehicle_id ................ [RUN]
[0m15:51:13.878594 [debug] [Thread-1 (]: Re-using an available connection from the pool (formerly test.vinfast.not_null_mart_charging_analytics_started_at.ec2947dd02, now test.vinfast.not_null_mart_charging_analytics_vehicle_id.984ccd85f1)
[0m15:51:13.878594 [debug] [Thread-1 (]: Began compiling node test.vinfast.not_null_mart_charging_analytics_vehicle_id.984ccd85f1
[0m15:51:13.888662 [debug] [Thread-1 (]: Writing injected SQL for node "test.vinfast.not_null_mart_charging_analytics_vehicle_id.984ccd85f1"
[0m15:51:13.888662 [debug] [Thread-1 (]: Began executing node test.vinfast.not_null_mart_charging_analytics_vehicle_id.984ccd85f1
[0m15:51:13.888662 [debug] [Thread-1 (]: Writing runtime sql for node "test.vinfast.not_null_mart_charging_analytics_vehicle_id.984ccd85f1"
[0m15:51:13.888662 [debug] [Thread-1 (]: dbt_clickhouse adapter: On test.vinfast.not_null_mart_charging_analytics_vehicle_id.984ccd85f1: /* {"app": "dbt", "dbt_version": "1.12.3", "profile_name": "vinfast", "target_name": "docker", "node_id": "test.vinfast.not_null_mart_charging_analytics_vehicle_id.984ccd85f1"} */

    
    
    select
      count(*) as failures,
      count(*) != 0 as should_warn,
      count(*) != 0 as should_error
    from (
      
    
  
    
    



select vehicle_id
from `vinfast`.`mart_charging_analytics`
where vehicle_id is null



  
  
    ) dbt_internal_test...
[0m15:51:13.938380 [debug] [Thread-1 (]: dbt_clickhouse adapter: SQL status: OK in 0.05 seconds
[0m15:51:13.945751 [info ] [Thread-1 (]: 13 of 26 PASS not_null_mart_charging_analytics_vehicle_id ...................... [[32mPASS[0m in 0.07s]
[0m15:51:13.945751 [debug] [Thread-1 (]: Finished running node test.vinfast.not_null_mart_charging_analytics_vehicle_id.984ccd85f1
[0m15:51:13.948624 [debug] [Thread-1 (]: Began running node test.vinfast.not_null_mart_charging_revenue_station_id.c166c0b904
[0m15:51:13.948624 [info ] [Thread-1 (]: 14 of 26 START test not_null_mart_charging_revenue_station_id .................. [RUN]
[0m15:51:13.948624 [debug] [Thread-1 (]: Re-using an available connection from the pool (formerly test.vinfast.not_null_mart_charging_analytics_vehicle_id.984ccd85f1, now test.vinfast.not_null_mart_charging_revenue_station_id.c166c0b904)
[0m15:51:13.948624 [debug] [Thread-1 (]: Began compiling node test.vinfast.not_null_mart_charging_revenue_station_id.c166c0b904
[0m15:51:13.955547 [debug] [Thread-1 (]: Writing injected SQL for node "test.vinfast.not_null_mart_charging_revenue_station_id.c166c0b904"
[0m15:51:13.955547 [debug] [Thread-1 (]: Began executing node test.vinfast.not_null_mart_charging_revenue_station_id.c166c0b904
[0m15:51:13.958905 [debug] [Thread-1 (]: Writing runtime sql for node "test.vinfast.not_null_mart_charging_revenue_station_id.c166c0b904"
[0m15:51:13.958905 [debug] [Thread-1 (]: dbt_clickhouse adapter: On test.vinfast.not_null_mart_charging_revenue_station_id.c166c0b904: /* {"app": "dbt", "dbt_version": "1.12.3", "profile_name": "vinfast", "target_name": "docker", "node_id": "test.vinfast.not_null_mart_charging_revenue_station_id.c166c0b904"} */

    
    
    select
      count(*) as failures,
      count(*) != 0 as should_warn,
      count(*) != 0 as should_error
    from (
      
    
  
    
    



select station_id
from `vinfast`.`mart_charging_revenue`
where station_id is null



  
  
    ) dbt_internal_test...
[0m15:51:13.998487 [debug] [Thread-1 (]: dbt_clickhouse adapter: SQL status: OK in 0.04 seconds
[0m15:51:14.008531 [info ] [Thread-1 (]: 14 of 26 PASS not_null_mart_charging_revenue_station_id ........................ [[32mPASS[0m in 0.06s]
[0m15:51:14.008531 [debug] [Thread-1 (]: Finished running node test.vinfast.not_null_mart_charging_revenue_station_id.c166c0b904
[0m15:51:14.008531 [debug] [Thread-1 (]: Began running node test.vinfast.not_null_mart_customer_360_customer_id.f48db14d9f
[0m15:51:14.008531 [info ] [Thread-1 (]: 15 of 26 START test not_null_mart_customer_360_customer_id ..................... [RUN]
[0m15:51:14.008531 [debug] [Thread-1 (]: Re-using an available connection from the pool (formerly test.vinfast.not_null_mart_charging_revenue_station_id.c166c0b904, now test.vinfast.not_null_mart_customer_360_customer_id.f48db14d9f)
[0m15:51:14.013825 [debug] [Thread-1 (]: Began compiling node test.vinfast.not_null_mart_customer_360_customer_id.f48db14d9f
[0m15:51:14.022685 [debug] [Thread-1 (]: Writing injected SQL for node "test.vinfast.not_null_mart_customer_360_customer_id.f48db14d9f"
[0m15:51:14.022685 [debug] [Thread-1 (]: Began executing node test.vinfast.not_null_mart_customer_360_customer_id.f48db14d9f
[0m15:51:14.024454 [debug] [Thread-1 (]: Writing runtime sql for node "test.vinfast.not_null_mart_customer_360_customer_id.f48db14d9f"
[0m15:51:14.028511 [debug] [Thread-1 (]: dbt_clickhouse adapter: On test.vinfast.not_null_mart_customer_360_customer_id.f48db14d9f: /* {"app": "dbt", "dbt_version": "1.12.3", "profile_name": "vinfast", "target_name": "docker", "node_id": "test.vinfast.not_null_mart_customer_360_customer_id.f48db14d9f"} */

    
    
    select
      count(*) as failures,
      count(*) != 0 as should_warn,
      count(*) != 0 as should_error
    from (
      
    
  
    
    



select customer_id
from `vinfast`.`mart_customer_360`
where customer_id is null



  
  
    ) dbt_internal_test...
[0m15:51:14.078409 [debug] [Thread-1 (]: dbt_clickhouse adapter: SQL status: OK in 0.05 seconds
[0m15:51:14.087606 [info ] [Thread-1 (]: 15 of 26 PASS not_null_mart_customer_360_customer_id ........................... [[32mPASS[0m in 0.08s]
[0m15:51:14.088618 [debug] [Thread-1 (]: Finished running node test.vinfast.not_null_mart_customer_360_customer_id.f48db14d9f
[0m15:51:14.090487 [debug] [Thread-1 (]: Began running node test.vinfast.not_null_mart_customer_360_phone.19f6262c70
[0m15:51:14.090487 [info ] [Thread-1 (]: 16 of 26 START test not_null_mart_customer_360_phone ........................... [RUN]
[0m15:51:14.090487 [debug] [Thread-1 (]: Re-using an available connection from the pool (formerly test.vinfast.not_null_mart_customer_360_customer_id.f48db14d9f, now test.vinfast.not_null_mart_customer_360_phone.19f6262c70)
[0m15:51:14.090487 [debug] [Thread-1 (]: Began compiling node test.vinfast.not_null_mart_customer_360_phone.19f6262c70
[0m15:51:14.107523 [debug] [Thread-1 (]: Writing injected SQL for node "test.vinfast.not_null_mart_customer_360_phone.19f6262c70"
[0m15:51:14.108693 [debug] [Thread-1 (]: Began executing node test.vinfast.not_null_mart_customer_360_phone.19f6262c70
[0m15:51:14.110472 [debug] [Thread-1 (]: Writing runtime sql for node "test.vinfast.not_null_mart_customer_360_phone.19f6262c70"
[0m15:51:14.111070 [debug] [Thread-1 (]: dbt_clickhouse adapter: On test.vinfast.not_null_mart_customer_360_phone.19f6262c70: /* {"app": "dbt", "dbt_version": "1.12.3", "profile_name": "vinfast", "target_name": "docker", "node_id": "test.vinfast.not_null_mart_customer_360_phone.19f6262c70"} */

    
    
    select
      count(*) as failures,
      count(*) != 0 as should_warn,
      count(*) != 0 as should_error
    from (
      
    
  
    
    



select phone
from `vinfast`.`mart_customer_360`
where phone is null



  
  
    ) dbt_internal_test...
[0m15:51:14.158581 [debug] [Thread-1 (]: dbt_clickhouse adapter: SQL status: OK in 0.05 seconds
[0m15:51:14.158581 [info ] [Thread-1 (]: 16 of 26 PASS not_null_mart_customer_360_phone ................................. [[32mPASS[0m in 0.07s]
[0m15:51:14.158581 [debug] [Thread-1 (]: Finished running node test.vinfast.not_null_mart_customer_360_phone.19f6262c70
[0m15:51:14.158581 [debug] [Thread-1 (]: Began running node test.vinfast.not_null_mart_daily_fleet_activity_date.efcdba8ae2
[0m15:51:14.166559 [info ] [Thread-1 (]: 17 of 26 START test not_null_mart_daily_fleet_activity_date .................... [RUN]
[0m15:51:14.166559 [debug] [Thread-1 (]: Re-using an available connection from the pool (formerly test.vinfast.not_null_mart_customer_360_phone.19f6262c70, now test.vinfast.not_null_mart_daily_fleet_activity_date.efcdba8ae2)
[0m15:51:14.168604 [debug] [Thread-1 (]: Began compiling node test.vinfast.not_null_mart_daily_fleet_activity_date.efcdba8ae2
[0m15:51:14.178563 [debug] [Thread-1 (]: Writing injected SQL for node "test.vinfast.not_null_mart_daily_fleet_activity_date.efcdba8ae2"
[0m15:51:14.178563 [debug] [Thread-1 (]: Began executing node test.vinfast.not_null_mart_daily_fleet_activity_date.efcdba8ae2
[0m15:51:14.182394 [debug] [Thread-1 (]: Writing runtime sql for node "test.vinfast.not_null_mart_daily_fleet_activity_date.efcdba8ae2"
[0m15:51:14.182394 [debug] [Thread-1 (]: dbt_clickhouse adapter: On test.vinfast.not_null_mart_daily_fleet_activity_date.efcdba8ae2: /* {"app": "dbt", "dbt_version": "1.12.3", "profile_name": "vinfast", "target_name": "docker", "node_id": "test.vinfast.not_null_mart_daily_fleet_activity_date.efcdba8ae2"} */

    
    
    select
      count(*) as failures,
      count(*) != 0 as should_warn,
      count(*) != 0 as should_error
    from (
      
    
  
    
    



select activity_date
from `vinfast`.`mart_daily_fleet`
where activity_date is null



  
  
    ) dbt_internal_test...
[0m15:51:14.234120 [debug] [Thread-1 (]: dbt_clickhouse adapter: SQL status: OK in 0.05 seconds
[0m15:51:14.238764 [info ] [Thread-1 (]: 17 of 26 PASS not_null_mart_daily_fleet_activity_date .......................... [[32mPASS[0m in 0.07s]
[0m15:51:14.238764 [debug] [Thread-1 (]: Finished running node test.vinfast.not_null_mart_daily_fleet_activity_date.efcdba8ae2
[0m15:51:14.238764 [debug] [Thread-1 (]: Began running node test.vinfast.not_null_mart_sales_pipeline_dealer_id.9b9d45967d
[0m15:51:14.248414 [info ] [Thread-1 (]: 18 of 26 START test not_null_mart_sales_pipeline_dealer_id ..................... [RUN]
[0m15:51:14.248414 [debug] [Thread-1 (]: Re-using an available connection from the pool (formerly test.vinfast.not_null_mart_daily_fleet_activity_date.efcdba8ae2, now test.vinfast.not_null_mart_sales_pipeline_dealer_id.9b9d45967d)
[0m15:51:14.250189 [debug] [Thread-1 (]: Began compiling node test.vinfast.not_null_mart_sales_pipeline_dealer_id.9b9d45967d
[0m15:51:14.268626 [debug] [Thread-1 (]: Writing injected SQL for node "test.vinfast.not_null_mart_sales_pipeline_dealer_id.9b9d45967d"
[0m15:51:14.270109 [debug] [Thread-1 (]: Began executing node test.vinfast.not_null_mart_sales_pipeline_dealer_id.9b9d45967d
[0m15:51:14.270109 [debug] [Thread-1 (]: Writing runtime sql for node "test.vinfast.not_null_mart_sales_pipeline_dealer_id.9b9d45967d"
[0m15:51:14.278738 [debug] [Thread-1 (]: dbt_clickhouse adapter: On test.vinfast.not_null_mart_sales_pipeline_dealer_id.9b9d45967d: /* {"app": "dbt", "dbt_version": "1.12.3", "profile_name": "vinfast", "target_name": "docker", "node_id": "test.vinfast.not_null_mart_sales_pipeline_dealer_id.9b9d45967d"} */

    
    
    select
      count(*) as failures,
      count(*) != 0 as should_warn,
      count(*) != 0 as should_error
    from (
      
    
  
    
    



select dealer_id
from `vinfast`.`mart_sales_pipeline`
where dealer_id is null



  
  
    ) dbt_internal_test...
[0m15:51:14.328642 [debug] [Thread-1 (]: dbt_clickhouse adapter: SQL status: OK in 0.05 seconds
[0m15:51:14.329717 [info ] [Thread-1 (]: 18 of 26 PASS not_null_mart_sales_pipeline_dealer_id ........................... [[32mPASS[0m in 0.08s]
[0m15:51:14.329717 [debug] [Thread-1 (]: Finished running node test.vinfast.not_null_mart_sales_pipeline_dealer_id.9b9d45967d
[0m15:51:14.329717 [debug] [Thread-1 (]: Began running node test.vinfast.not_null_mart_vehicle_360_model.8f6c0d5ee3
[0m15:51:14.329717 [info ] [Thread-1 (]: 19 of 26 START test not_null_mart_vehicle_360_model ............................ [RUN]
[0m15:51:14.329717 [debug] [Thread-1 (]: Re-using an available connection from the pool (formerly test.vinfast.not_null_mart_sales_pipeline_dealer_id.9b9d45967d, now test.vinfast.not_null_mart_vehicle_360_model.8f6c0d5ee3)
[0m15:51:14.329717 [debug] [Thread-1 (]: Began compiling node test.vinfast.not_null_mart_vehicle_360_model.8f6c0d5ee3
[0m15:51:14.338601 [debug] [Thread-1 (]: Writing injected SQL for node "test.vinfast.not_null_mart_vehicle_360_model.8f6c0d5ee3"
[0m15:51:14.338601 [debug] [Thread-1 (]: Began executing node test.vinfast.not_null_mart_vehicle_360_model.8f6c0d5ee3
[0m15:51:14.345730 [debug] [Thread-1 (]: Writing runtime sql for node "test.vinfast.not_null_mart_vehicle_360_model.8f6c0d5ee3"
[0m15:51:14.348801 [debug] [Thread-1 (]: dbt_clickhouse adapter: On test.vinfast.not_null_mart_vehicle_360_model.8f6c0d5ee3: /* {"app": "dbt", "dbt_version": "1.12.3", "profile_name": "vinfast", "target_name": "docker", "node_id": "test.vinfast.not_null_mart_vehicle_360_model.8f6c0d5ee3"} */

    
    
    select
      count(*) as failures,
      count(*) != 0 as should_warn,
      count(*) != 0 as should_error
    from (
      
    
  
    
    



select model
from `vinfast`.`mart_vehicle_360`
where model is null



  
  
    ) dbt_internal_test...
[0m15:51:14.393435 [debug] [Thread-1 (]: dbt_clickhouse adapter: SQL status: OK in 0.04 seconds
[0m15:51:14.393435 [info ] [Thread-1 (]: 19 of 26 PASS not_null_mart_vehicle_360_model .................................. [[32mPASS[0m in 0.06s]
[0m15:51:14.398762 [debug] [Thread-1 (]: Finished running node test.vinfast.not_null_mart_vehicle_360_model.8f6c0d5ee3
[0m15:51:14.398762 [debug] [Thread-1 (]: Began running node test.vinfast.not_null_mart_vehicle_360_vehicle_id.508b621b67
[0m15:51:14.398762 [info ] [Thread-1 (]: 20 of 26 START test not_null_mart_vehicle_360_vehicle_id ....................... [RUN]
[0m15:51:14.398762 [debug] [Thread-1 (]: Re-using an available connection from the pool (formerly test.vinfast.not_null_mart_vehicle_360_model.8f6c0d5ee3, now test.vinfast.not_null_mart_vehicle_360_vehicle_id.508b621b67)
[0m15:51:14.398762 [debug] [Thread-1 (]: Began compiling node test.vinfast.not_null_mart_vehicle_360_vehicle_id.508b621b67
[0m15:51:14.409435 [debug] [Thread-1 (]: Writing injected SQL for node "test.vinfast.not_null_mart_vehicle_360_vehicle_id.508b621b67"
[0m15:51:14.409435 [debug] [Thread-1 (]: Began executing node test.vinfast.not_null_mart_vehicle_360_vehicle_id.508b621b67
[0m15:51:14.409435 [debug] [Thread-1 (]: Writing runtime sql for node "test.vinfast.not_null_mart_vehicle_360_vehicle_id.508b621b67"
[0m15:51:14.409435 [debug] [Thread-1 (]: dbt_clickhouse adapter: On test.vinfast.not_null_mart_vehicle_360_vehicle_id.508b621b67: /* {"app": "dbt", "dbt_version": "1.12.3", "profile_name": "vinfast", "target_name": "docker", "node_id": "test.vinfast.not_null_mart_vehicle_360_vehicle_id.508b621b67"} */

    
    
    select
      count(*) as failures,
      count(*) != 0 as should_warn,
      count(*) != 0 as should_error
    from (
      
    
  
    
    



select vehicle_id
from `vinfast`.`mart_vehicle_360`
where vehicle_id is null



  
  
    ) dbt_internal_test...
[0m15:51:14.461273 [debug] [Thread-1 (]: dbt_clickhouse adapter: SQL status: OK in 0.05 seconds
[0m15:51:14.461273 [info ] [Thread-1 (]: 20 of 26 PASS not_null_mart_vehicle_360_vehicle_id ............................. [[32mPASS[0m in 0.06s]
[0m15:51:14.461273 [debug] [Thread-1 (]: Finished running node test.vinfast.not_null_mart_vehicle_360_vehicle_id.508b621b67
[0m15:51:14.461273 [debug] [Thread-1 (]: Began running node test.vinfast.relationships_mart_charging_analytics_vehicle_id__vehicle_id__ref_mart_vehicle_360_.92f7008be1
[0m15:51:14.461273 [info ] [Thread-1 (]: 21 of 26 START test relationships_mart_charging_analytics_vehicle_id__vehicle_id__ref_mart_vehicle_360_  [RUN]
[0m15:51:14.461273 [debug] [Thread-1 (]: Re-using an available connection from the pool (formerly test.vinfast.not_null_mart_vehicle_360_vehicle_id.508b621b67, now test.vinfast.relationships_mart_charging_analytics_vehicle_id__vehicle_id__ref_mart_vehicle_360_.92f7008be1)
[0m15:51:14.461273 [debug] [Thread-1 (]: Began compiling node test.vinfast.relationships_mart_charging_analytics_vehicle_id__vehicle_id__ref_mart_vehicle_360_.92f7008be1
[0m15:51:14.478468 [debug] [Thread-1 (]: Writing injected SQL for node "test.vinfast.relationships_mart_charging_analytics_vehicle_id__vehicle_id__ref_mart_vehicle_360_.92f7008be1"
[0m15:51:14.478468 [debug] [Thread-1 (]: Began executing node test.vinfast.relationships_mart_charging_analytics_vehicle_id__vehicle_id__ref_mart_vehicle_360_.92f7008be1
[0m15:51:14.478468 [debug] [Thread-1 (]: Writing runtime sql for node "test.vinfast.relationships_mart_charging_analytics_vehicle_id__vehicle_id__ref_mart_vehicle_360_.92f7008be1"
[0m15:51:14.478468 [debug] [Thread-1 (]: dbt_clickhouse adapter: On test.vinfast.relationships_mart_charging_analytics_vehicle_id__vehicle_id__ref_mart_vehicle_360_.92f7008be1: /* {"app": "dbt", "dbt_version": "1.12.3", "profile_name": "vinfast", "target_name": "docker", "node_id": "test.vinfast.relationships_mart_charging_analytics_vehicle_id__vehicle_id__ref_mart_vehicle_360_.92f7008be1"} */

    
    
    select
      count(*) as failures,
      count(*) != 0 as should_warn,
      count(*) != 0 as should_error
    from (
      
    
  
    
    

with child as (
    select vehicle_id as from_field
    from `vinfast`.`mart_charging_analytics`
    where vehicle_id is not null
),

parent as (
    select vehicle_id as to_field
    from `vinfast`.`mart_vehicle_360`
)

select
    from_field

from child
left join parent
    on child.from_field = parent.to_field

where parent.to_field is null
-- end_of_sql
settings join_use_nulls = 1



  
  
    ) dbt_internal_test...
[0m15:51:14.528636 [debug] [Thread-1 (]: dbt_clickhouse adapter: SQL status: OK in 0.05 seconds
[0m15:51:14.528636 [info ] [Thread-1 (]: 21 of 26 PASS relationships_mart_charging_analytics_vehicle_id__vehicle_id__ref_mart_vehicle_360_  [[32mPASS[0m in 0.07s]
[0m15:51:14.528636 [debug] [Thread-1 (]: Finished running node test.vinfast.relationships_mart_charging_analytics_vehicle_id__vehicle_id__ref_mart_vehicle_360_.92f7008be1
[0m15:51:14.528636 [debug] [Thread-1 (]: Began running node test.vinfast.unique_mart_charging_analytics_session_id.7bde64dec9
[0m15:51:14.528636 [info ] [Thread-1 (]: 22 of 26 START test unique_mart_charging_analytics_session_id .................. [RUN]
[0m15:51:14.528636 [debug] [Thread-1 (]: Re-using an available connection from the pool (formerly test.vinfast.relationships_mart_charging_analytics_vehicle_id__vehicle_id__ref_mart_vehicle_360_.92f7008be1, now test.vinfast.unique_mart_charging_analytics_session_id.7bde64dec9)
[0m15:51:14.528636 [debug] [Thread-1 (]: Began compiling node test.vinfast.unique_mart_charging_analytics_session_id.7bde64dec9
[0m15:51:14.538539 [debug] [Thread-1 (]: Writing injected SQL for node "test.vinfast.unique_mart_charging_analytics_session_id.7bde64dec9"
[0m15:51:14.538539 [debug] [Thread-1 (]: Began executing node test.vinfast.unique_mart_charging_analytics_session_id.7bde64dec9
[0m15:51:14.544455 [debug] [Thread-1 (]: Writing runtime sql for node "test.vinfast.unique_mart_charging_analytics_session_id.7bde64dec9"
[0m15:51:14.544455 [debug] [Thread-1 (]: dbt_clickhouse adapter: On test.vinfast.unique_mart_charging_analytics_session_id.7bde64dec9: /* {"app": "dbt", "dbt_version": "1.12.3", "profile_name": "vinfast", "target_name": "docker", "node_id": "test.vinfast.unique_mart_charging_analytics_session_id.7bde64dec9"} */

    
    
    select
      count(*) as failures,
      count(*) != 0 as should_warn,
      count(*) != 0 as should_error
    from (
      
    
  
    
    

select
    session_id as unique_field,
    count(*) as n_records

from `vinfast`.`mart_charging_analytics`
where session_id is not null
group by session_id
having count(*) > 1



  
  
    ) dbt_internal_test...
[0m15:51:14.588427 [debug] [Thread-1 (]: dbt_clickhouse adapter: SQL status: OK in 0.04 seconds
[0m15:51:14.588427 [info ] [Thread-1 (]: 22 of 26 PASS unique_mart_charging_analytics_session_id ........................ [[32mPASS[0m in 0.06s]
[0m15:51:14.588427 [debug] [Thread-1 (]: Finished running node test.vinfast.unique_mart_charging_analytics_session_id.7bde64dec9
[0m15:51:14.588427 [debug] [Thread-1 (]: Began running node test.vinfast.unique_mart_customer_360_customer_id.5c1d6e23ae
[0m15:51:14.588427 [info ] [Thread-1 (]: 23 of 26 START test unique_mart_customer_360_customer_id ....................... [RUN]
[0m15:51:14.598473 [debug] [Thread-1 (]: Re-using an available connection from the pool (formerly test.vinfast.unique_mart_charging_analytics_session_id.7bde64dec9, now test.vinfast.unique_mart_customer_360_customer_id.5c1d6e23ae)
[0m15:51:14.598473 [debug] [Thread-1 (]: Began compiling node test.vinfast.unique_mart_customer_360_customer_id.5c1d6e23ae
[0m15:51:14.605390 [debug] [Thread-1 (]: Writing injected SQL for node "test.vinfast.unique_mart_customer_360_customer_id.5c1d6e23ae"
[0m15:51:14.605390 [debug] [Thread-1 (]: Began executing node test.vinfast.unique_mart_customer_360_customer_id.5c1d6e23ae
[0m15:51:14.605390 [debug] [Thread-1 (]: Writing runtime sql for node "test.vinfast.unique_mart_customer_360_customer_id.5c1d6e23ae"
[0m15:51:14.608660 [debug] [Thread-1 (]: dbt_clickhouse adapter: On test.vinfast.unique_mart_customer_360_customer_id.5c1d6e23ae: /* {"app": "dbt", "dbt_version": "1.12.3", "profile_name": "vinfast", "target_name": "docker", "node_id": "test.vinfast.unique_mart_customer_360_customer_id.5c1d6e23ae"} */

    
    
    select
      count(*) as failures,
      count(*) != 0 as should_warn,
      count(*) != 0 as should_error
    from (
      
    
  
    
    

select
    customer_id as unique_field,
    count(*) as n_records

from `vinfast`.`mart_customer_360`
where customer_id is not null
group by customer_id
having count(*) > 1



  
  
    ) dbt_internal_test...
[0m15:51:14.648800 [debug] [Thread-1 (]: dbt_clickhouse adapter: SQL status: OK in 0.04 seconds
[0m15:51:14.656824 [error] [Thread-1 (]: 23 of 26 FAIL 35 unique_mart_customer_360_customer_id .......................... [[31mFAIL 35[0m in 0.06s]
[0m15:51:14.656824 [debug] [Thread-1 (]: Finished running node test.vinfast.unique_mart_customer_360_customer_id.5c1d6e23ae
[0m15:51:14.656824 [debug] [Thread-1 (]: Began running node test.vinfast.unique_mart_daily_fleet_activity_date.ea9fa41de8
[0m15:51:14.656824 [info ] [Thread-1 (]: 24 of 26 START test unique_mart_daily_fleet_activity_date ...................... [RUN]
[0m15:51:14.658916 [debug] [Thread-1 (]: Re-using an available connection from the pool (formerly test.vinfast.unique_mart_customer_360_customer_id.5c1d6e23ae, now test.vinfast.unique_mart_daily_fleet_activity_date.ea9fa41de8)
[0m15:51:14.658916 [debug] [Thread-1 (]: Began compiling node test.vinfast.unique_mart_daily_fleet_activity_date.ea9fa41de8
[0m15:51:14.662590 [debug] [Thread-1 (]: Writing injected SQL for node "test.vinfast.unique_mart_daily_fleet_activity_date.ea9fa41de8"
[0m15:51:14.662590 [debug] [Thread-1 (]: Began executing node test.vinfast.unique_mart_daily_fleet_activity_date.ea9fa41de8
[0m15:51:14.662590 [debug] [Thread-1 (]: Writing runtime sql for node "test.vinfast.unique_mart_daily_fleet_activity_date.ea9fa41de8"
[0m15:51:14.662590 [debug] [Thread-1 (]: dbt_clickhouse adapter: On test.vinfast.unique_mart_daily_fleet_activity_date.ea9fa41de8: /* {"app": "dbt", "dbt_version": "1.12.3", "profile_name": "vinfast", "target_name": "docker", "node_id": "test.vinfast.unique_mart_daily_fleet_activity_date.ea9fa41de8"} */

    
    
    select
      count(*) as failures,
      count(*) != 0 as should_warn,
      count(*) != 0 as should_error
    from (
      
    
  
    
    

select
    activity_date as unique_field,
    count(*) as n_records

from `vinfast`.`mart_daily_fleet`
where activity_date is not null
group by activity_date
having count(*) > 1



  
  
    ) dbt_internal_test...
[0m15:51:14.709953 [debug] [Thread-1 (]: dbt_clickhouse adapter: SQL status: OK in 0.05 seconds
[0m15:51:14.709953 [info ] [Thread-1 (]: 24 of 26 PASS unique_mart_daily_fleet_activity_date ............................ [[32mPASS[0m in 0.05s]
[0m15:51:14.709953 [debug] [Thread-1 (]: Finished running node test.vinfast.unique_mart_daily_fleet_activity_date.ea9fa41de8
[0m15:51:14.709953 [debug] [Thread-1 (]: Began running node test.vinfast.unique_mart_sales_pipeline_dealer_id.2bb465ec1c
[0m15:51:14.718533 [info ] [Thread-1 (]: 25 of 26 START test unique_mart_sales_pipeline_dealer_id ....................... [RUN]
[0m15:51:14.718533 [debug] [Thread-1 (]: Re-using an available connection from the pool (formerly test.vinfast.unique_mart_daily_fleet_activity_date.ea9fa41de8, now test.vinfast.unique_mart_sales_pipeline_dealer_id.2bb465ec1c)
[0m15:51:14.718533 [debug] [Thread-1 (]: Began compiling node test.vinfast.unique_mart_sales_pipeline_dealer_id.2bb465ec1c
[0m15:51:14.724330 [debug] [Thread-1 (]: Writing injected SQL for node "test.vinfast.unique_mart_sales_pipeline_dealer_id.2bb465ec1c"
[0m15:51:14.725103 [debug] [Thread-1 (]: Began executing node test.vinfast.unique_mart_sales_pipeline_dealer_id.2bb465ec1c
[0m15:51:14.725103 [debug] [Thread-1 (]: Writing runtime sql for node "test.vinfast.unique_mart_sales_pipeline_dealer_id.2bb465ec1c"
[0m15:51:14.725103 [debug] [Thread-1 (]: dbt_clickhouse adapter: On test.vinfast.unique_mart_sales_pipeline_dealer_id.2bb465ec1c: /* {"app": "dbt", "dbt_version": "1.12.3", "profile_name": "vinfast", "target_name": "docker", "node_id": "test.vinfast.unique_mart_sales_pipeline_dealer_id.2bb465ec1c"} */

    
    
    select
      count(*) as failures,
      count(*) != 0 as should_warn,
      count(*) != 0 as should_error
    from (
      
    
  
    
    

select
    dealer_id as unique_field,
    count(*) as n_records

from `vinfast`.`mart_sales_pipeline`
where dealer_id is not null
group by dealer_id
having count(*) > 1



  
  
    ) dbt_internal_test...
[0m15:51:14.780731 [debug] [Thread-1 (]: dbt_clickhouse adapter: SQL status: OK in 0.06 seconds
[0m15:51:14.782908 [info ] [Thread-1 (]: 25 of 26 PASS unique_mart_sales_pipeline_dealer_id ............................. [[32mPASS[0m in 0.06s]
[0m15:51:14.783428 [debug] [Thread-1 (]: Finished running node test.vinfast.unique_mart_sales_pipeline_dealer_id.2bb465ec1c
[0m15:51:14.783967 [debug] [Thread-1 (]: Began running node test.vinfast.unique_mart_vehicle_360_vehicle_id.dc396ba6fd
[0m15:51:14.784499 [info ] [Thread-1 (]: 26 of 26 START test unique_mart_vehicle_360_vehicle_id ......................... [RUN]
[0m15:51:14.785030 [debug] [Thread-1 (]: Re-using an available connection from the pool (formerly test.vinfast.unique_mart_sales_pipeline_dealer_id.2bb465ec1c, now test.vinfast.unique_mart_vehicle_360_vehicle_id.dc396ba6fd)
[0m15:51:14.785549 [debug] [Thread-1 (]: Began compiling node test.vinfast.unique_mart_vehicle_360_vehicle_id.dc396ba6fd
[0m15:51:14.792434 [debug] [Thread-1 (]: Writing injected SQL for node "test.vinfast.unique_mart_vehicle_360_vehicle_id.dc396ba6fd"
[0m15:51:14.793485 [debug] [Thread-1 (]: Began executing node test.vinfast.unique_mart_vehicle_360_vehicle_id.dc396ba6fd
[0m15:51:14.795585 [debug] [Thread-1 (]: Writing runtime sql for node "test.vinfast.unique_mart_vehicle_360_vehicle_id.dc396ba6fd"
[0m15:51:14.796628 [debug] [Thread-1 (]: dbt_clickhouse adapter: On test.vinfast.unique_mart_vehicle_360_vehicle_id.dc396ba6fd: /* {"app": "dbt", "dbt_version": "1.12.3", "profile_name": "vinfast", "target_name": "docker", "node_id": "test.vinfast.unique_mart_vehicle_360_vehicle_id.dc396ba6fd"} */

    
    
    select
      count(*) as failures,
      count(*) != 0 as should_warn,
      count(*) != 0 as should_error
    from (
      
    
  
    
    

select
    vehicle_id as unique_field,
    count(*) as n_records

from `vinfast`.`mart_vehicle_360`
where vehicle_id is not null
group by vehicle_id
having count(*) > 1



  
  
    ) dbt_internal_test...
[0m15:51:14.843522 [debug] [Thread-1 (]: dbt_clickhouse adapter: SQL status: OK in 0.05 seconds
[0m15:51:14.845128 [info ] [Thread-1 (]: 26 of 26 PASS unique_mart_vehicle_360_vehicle_id ............................... [[32mPASS[0m in 0.06s]
[0m15:51:14.845679 [debug] [Thread-1 (]: Finished running node test.vinfast.unique_mart_vehicle_360_vehicle_id.dc396ba6fd
[0m15:51:14.846774 [debug] [MainThread]: Connection 'master' was properly closed.
[0m15:51:14.846774 [debug] [MainThread]: Connection 'list__vinfast' was left open.
[0m15:51:14.847392 [debug] [MainThread]: On list__vinfast: Close
[0m15:51:14.847955 [debug] [MainThread]: Connection 'test.vinfast.unique_mart_vehicle_360_vehicle_id.dc396ba6fd' was left open.
[0m15:51:14.847955 [debug] [MainThread]: On test.vinfast.unique_mart_vehicle_360_vehicle_id.dc396ba6fd: Close
[0m15:51:14.848506 [info ] [MainThread]: 
[0m15:51:14.848506 [info ] [MainThread]: Finished running 26 data tests in 0 hours 0 minutes and 3.22 seconds (3.22s).
[0m15:51:14.851880 [debug] [MainThread]: Command end result
[0m15:51:14.890167 [debug] [MainThread]: Wrote artifact WritableManifest to D:\DE_prj\Vinfast_v1\dbt_project\target\manifest.json
[0m15:51:14.890167 [debug] [MainThread]: Wrote artifact SemanticManifest to D:\DE_prj\Vinfast_v1\dbt_project\target\semantic_manifest.json
[0m15:51:14.897146 [debug] [MainThread]: Wrote artifact OsiDocument to D:\DE_prj\Vinfast_v1\dbt_project\target\osi_document.json
[0m15:51:14.904046 [debug] [MainThread]: Wrote artifact RunExecutionResult to D:\DE_prj\Vinfast_v1\dbt_project\target\run_results.json
[0m15:51:14.904046 [info ] [MainThread]: 
[0m15:51:14.904046 [info ] [MainThread]: [31mCompleted with 1 error, 0 partial successes, and 0 warnings:[0m
[0m15:51:14.906050 [info ] [MainThread]: 
[0m15:51:14.906050 [error] [MainThread]: [[31mERROR[0m]: in test unique_mart_customer_360_customer_id (models\marts\schema.yml)
[0m15:51:14.906050 [error] [MainThread]:   Got 35 results, configured to fail if != 0
[0m15:51:14.906050 [info ] [MainThread]: 
[0m15:51:14.906050 [info ] [MainThread]:   compiled code at target\compiled\vinfast\models\marts\schema.yml\unique_mart_customer_360_customer_id.sql
[0m15:51:14.906050 [info ] [MainThread]: 
[0m15:51:14.908602 [info ] [MainThread]: Done. PASS=25 WARN=0 ERROR=1 SKIP=0 NO-OP=0 REUSED=0 TOTAL=26
[0m15:51:14.908602 [debug] [MainThread]: Command `python -m dbt.cli.main test` failed at 15:51:14.908602 after 4.26 seconds
[0m15:51:14.908602 [debug] [MainThread]: Sending event: {'category': 'dbt', 'action': 'invocation', 'label': 'end', 'context': [<snowplow_tracker.self_describing_json.SelfDescribingJson object at 0x00000242AEDE9270>, <snowplow_tracker.self_describing_json.SelfDescribingJson object at 0x00000242B1D33280>, <snowplow_tracker.self_describing_json.SelfDescribingJson object at 0x00000242B1A90130>]}
[0m15:51:14.910134 [debug] [MainThread]: Flushing usage events
[0m15:51:15.864007 [debug] [MainThread]: An error was encountered while trying to flush usage events
[0m15:51:21.868502 [debug] [MainThread]: Sending event: {'category': 'dbt', 'action': 'invocation', 'label': 'start', 'context': [<snowplow_tracker.self_describing_json.SelfDescribingJson object at 0x000002976FC1A260>, <snowplow_tracker.self_describing_json.SelfDescribingJson object at 0x00000297724ABA90>, <snowplow_tracker.self_describing_json.SelfDescribingJson object at 0x00000297724AB880>]}


============================== 15:51:21.871309 | fb5945ef-bd0e-4818-a1b3-9b6d7bdb79e2 ==============================
[0m15:51:21.871309 [info ] [MainThread]: Running with dbt=1.12.3
[0m15:51:21.871309 [debug] [MainThread]: running dbt with arguments {'static_parser': 'True', 'no_print': 'None', 'version_check': 'True', 'target_path': 'None', 'maximum_seed_size_mib': '1', 'warn_error_options': 'WarnErrorOptionsV2(error=[], warn=[], silence=[])', 'printer_width': '80', 'write_json': 'True', 'introspect': 'True', 'log_cache_events': 'False', 'empty': 'None', 'cache_selected_only': 'False', 'log_format': 'default', 'debug': 'False', 'fail_fast': 'False', 'partial_parse': 'True', 'send_anonymous_usage_stats': 'True', 'quiet': 'False', 'warn_error': 'None', 'profiles_dir': '.', 'indirect_selection': 'eager', 'hints_enabled': 'True', 'use_colors': 'True', 'use_experimental_parser': 'False', 'invocation_command': 'dbt test --profiles-dir . --target docker', 'log_path': 'D:\\DE_prj\\Vinfast_v1\\dbt_project\\logs'}
[0m15:51:22.110365 [debug] [MainThread]: Sending event: {'category': 'dbt', 'action': 'project_id', 'label': 'fb5945ef-bd0e-4818-a1b3-9b6d7bdb79e2', 'context': [<snowplow_tracker.self_describing_json.SelfDescribingJson object at 0x00000297724ABB50>]}
[0m15:51:22.183793 [debug] [MainThread]: Sending event: {'category': 'dbt', 'action': 'adapter_info', 'label': 'fb5945ef-bd0e-4818-a1b3-9b6d7bdb79e2', 'context': [<snowplow_tracker.self_describing_json.SelfDescribingJson object at 0x00000297724AABC0>]}
[0m15:51:22.183793 [info ] [MainThread]: Registered adapter: clickhouse=1.9.3
[0m15:51:22.376174 [debug] [MainThread]: checksum: 09915bdc41c29a1a682073d27ab01e44f5df6677538e1db23cf8667eab1919cd, vars: {}, profile: vinfast, target: docker, version: 1.12.3
[0m15:51:22.513827 [debug] [MainThread]: Partial parsing enabled: 0 files deleted, 0 files added, 0 files changed.
[0m15:51:22.513827 [debug] [MainThread]: Nothing changed, skipping partial parsing.
[0m15:51:22.514861 [debug] [MainThread]: Partial parsing enabled, no changes found, skipping parsing
[0m15:51:22.520438 [debug] [MainThread]: Sending event: {'category': 'dbt', 'action': 'load_project', 'label': 'fb5945ef-bd0e-4818-a1b3-9b6d7bdb79e2', 'context': [<snowplow_tracker.self_describing_json.SelfDescribingJson object at 0x0000029772B93CD0>]}
[0m15:51:22.648710 [debug] [MainThread]: Wrote artifact WritableManifest to D:\DE_prj\Vinfast_v1\dbt_project\target\manifest.json
[0m15:51:22.648710 [debug] [MainThread]: Wrote artifact SemanticManifest to D:\DE_prj\Vinfast_v1\dbt_project\target\semantic_manifest.json
[0m15:51:22.668565 [debug] [MainThread]: Wrote artifact OsiDocument to D:\DE_prj\Vinfast_v1\dbt_project\target\osi_document.json
[0m15:51:22.680739 [debug] [MainThread]: Sending event: {'category': 'dbt', 'action': 'resource_counts', 'label': 'fb5945ef-bd0e-4818-a1b3-9b6d7bdb79e2', 'context': [<snowplow_tracker.self_describing_json.SelfDescribingJson object at 0x0000029772E03580>]}
[0m15:51:22.680739 [info ] [MainThread]: Found 16 models, 26 data tests, 635 macros
[0m15:51:22.680739 [debug] [MainThread]: Sending event: {'category': 'dbt', 'action': 'runnable_timing', 'label': 'fb5945ef-bd0e-4818-a1b3-9b6d7bdb79e2', 'context': [<snowplow_tracker.self_describing_json.SelfDescribingJson object at 0x00000297729EFD30>]}
[0m15:51:22.688680 [info ] [MainThread]: 
[0m15:51:22.688680 [info ] [MainThread]: Concurrency: 1 threads (target='docker')
[0m15:51:22.688680 [info ] [MainThread]: 
[0m15:51:22.688680 [debug] [MainThread]: Acquiring new clickhouse connection 'master'
[0m15:51:22.696582 [debug] [ThreadPool]: Acquiring new clickhouse connection 'list__vinfast'
[0m15:51:22.701833 [debug] [ThreadPool]: Opening a new connection, currently in state init
[0m15:51:23.262390 [debug] [ThreadPool]: dbt_clickhouse adapter: On list__vinfast: /* {"app": "dbt", "dbt_version": "1.12.3", "profile_name": "vinfast", "target_name": "docker", "connection_name": "list__vinfast"} */
select
      t.name as name,
      t.database as schema,
      multiIf(
        engine in ('MaterializedView', 'View'), 'view',
        engine = 'Dictionary', 'dictionary',
        'table'
      ) as type,
      db.engine as db_engine,0 as is_on_cluster
          from system.tables as t join system.databases as db on t.database = db.name
        where schema = 'vinfast'
      

  ...
[0m15:51:23.311274 [debug] [ThreadPool]: dbt_clickhouse adapter: SQL status: OK in 0.05 seconds
[0m15:51:23.461279 [debug] [MainThread]: Sending event: {'category': 'dbt', 'action': 'runnable_timing', 'label': 'fb5945ef-bd0e-4818-a1b3-9b6d7bdb79e2', 'context': [<snowplow_tracker.self_describing_json.SelfDescribingJson object at 0x0000029772E03010>]}
[0m15:51:23.464574 [debug] [Thread-1 (]: Began running node test.vinfast.accepted_values_mart_charging_analytics_charger_type__AC_TYPE2__CCS2_DC.4932dc50f6
[0m15:51:23.464574 [info ] [Thread-1 (]: 1 of 26 START test accepted_values_mart_charging_analytics_charger_type__AC_TYPE2__CCS2_DC  [RUN]
[0m15:51:23.464574 [debug] [Thread-1 (]: Acquiring new clickhouse connection 'test.vinfast.accepted_values_mart_charging_analytics_charger_type__AC_TYPE2__CCS2_DC.4932dc50f6'
[0m15:51:23.464574 [debug] [Thread-1 (]: Began compiling node test.vinfast.accepted_values_mart_charging_analytics_charger_type__AC_TYPE2__CCS2_DC.4932dc50f6
[0m15:51:23.498637 [debug] [Thread-1 (]: Writing injected SQL for node "test.vinfast.accepted_values_mart_charging_analytics_charger_type__AC_TYPE2__CCS2_DC.4932dc50f6"
[0m15:51:23.500392 [debug] [Thread-1 (]: Began executing node test.vinfast.accepted_values_mart_charging_analytics_charger_type__AC_TYPE2__CCS2_DC.4932dc50f6
[0m15:51:23.528701 [debug] [Thread-1 (]: Writing runtime sql for node "test.vinfast.accepted_values_mart_charging_analytics_charger_type__AC_TYPE2__CCS2_DC.4932dc50f6"
[0m15:51:23.530598 [debug] [Thread-1 (]: Opening a new connection, currently in state init
[0m15:51:24.053677 [debug] [Thread-1 (]: dbt_clickhouse adapter: On test.vinfast.accepted_values_mart_charging_analytics_charger_type__AC_TYPE2__CCS2_DC.4932dc50f6: /* {"app": "dbt", "dbt_version": "1.12.3", "profile_name": "vinfast", "target_name": "docker", "node_id": "test.vinfast.accepted_values_mart_charging_analytics_charger_type__AC_TYPE2__CCS2_DC.4932dc50f6"} */

    
    
    select
      count(*) as failures,
      count(*) != 0 as should_warn,
      count(*) != 0 as should_error
    from (
      
    
  
    
    

with all_values as (

    select
        charger_type as value_field,
        count(*) as n_records

    from `vinfast`.`mart_charging_analytics`
    group by charger_type

)

select *
from all_values
where value_field not in (
    'AC_TYPE2','CCS2_DC'
)



  
  
    ) dbt_internal_test...
[0m15:51:24.113592 [debug] [Thread-1 (]: dbt_clickhouse adapter: SQL status: OK in 0.05 seconds
[0m15:51:24.118452 [info ] [Thread-1 (]: 1 of 26 PASS accepted_values_mart_charging_analytics_charger_type__AC_TYPE2__CCS2_DC  [[32mPASS[0m in 0.65s]
[0m15:51:24.118452 [debug] [Thread-1 (]: Finished running node test.vinfast.accepted_values_mart_charging_analytics_charger_type__AC_TYPE2__CCS2_DC.4932dc50f6
[0m15:51:24.118452 [debug] [Thread-1 (]: Began running node test.vinfast.accepted_values_mart_charging_revenue_charger_type__AC_TYPE2__CCS2_DC.c409246259
[0m15:51:24.118452 [info ] [Thread-1 (]: 2 of 26 START test accepted_values_mart_charging_revenue_charger_type__AC_TYPE2__CCS2_DC  [RUN]
[0m15:51:24.118452 [debug] [Thread-1 (]: Re-using an available connection from the pool (formerly test.vinfast.accepted_values_mart_charging_analytics_charger_type__AC_TYPE2__CCS2_DC.4932dc50f6, now test.vinfast.accepted_values_mart_charging_revenue_charger_type__AC_TYPE2__CCS2_DC.c409246259)
[0m15:51:24.118452 [debug] [Thread-1 (]: Began compiling node test.vinfast.accepted_values_mart_charging_revenue_charger_type__AC_TYPE2__CCS2_DC.c409246259
[0m15:51:24.131199 [debug] [Thread-1 (]: Writing injected SQL for node "test.vinfast.accepted_values_mart_charging_revenue_charger_type__AC_TYPE2__CCS2_DC.c409246259"
[0m15:51:24.131199 [debug] [Thread-1 (]: Began executing node test.vinfast.accepted_values_mart_charging_revenue_charger_type__AC_TYPE2__CCS2_DC.c409246259
[0m15:51:24.138822 [debug] [Thread-1 (]: Writing runtime sql for node "test.vinfast.accepted_values_mart_charging_revenue_charger_type__AC_TYPE2__CCS2_DC.c409246259"
[0m15:51:24.140853 [debug] [Thread-1 (]: dbt_clickhouse adapter: On test.vinfast.accepted_values_mart_charging_revenue_charger_type__AC_TYPE2__CCS2_DC.c409246259: /* {"app": "dbt", "dbt_version": "1.12.3", "profile_name": "vinfast", "target_name": "docker", "node_id": "test.vinfast.accepted_values_mart_charging_revenue_charger_type__AC_TYPE2__CCS2_DC.c409246259"} */

    
    
    select
      count(*) as failures,
      count(*) != 0 as should_warn,
      count(*) != 0 as should_error
    from (
      
    
  
    
    

with all_values as (

    select
        charger_type as value_field,
        count(*) as n_records

    from `vinfast`.`mart_charging_revenue`
    group by charger_type

)

select *
from all_values
where value_field not in (
    'AC_TYPE2','CCS2_DC'
)



  
  
    ) dbt_internal_test...
[0m15:51:24.194361 [debug] [Thread-1 (]: dbt_clickhouse adapter: SQL status: OK in 0.05 seconds
[0m15:51:24.198465 [info ] [Thread-1 (]: 2 of 26 PASS accepted_values_mart_charging_revenue_charger_type__AC_TYPE2__CCS2_DC  [[32mPASS[0m in 0.08s]
[0m15:51:24.198465 [debug] [Thread-1 (]: Finished running node test.vinfast.accepted_values_mart_charging_revenue_charger_type__AC_TYPE2__CCS2_DC.c409246259
[0m15:51:24.203578 [debug] [Thread-1 (]: Began running node test.vinfast.accepted_values_mart_customer_360_city_code__HN__SG__DN__TH__TN__NA__HT__QN.a5c0cbf984
[0m15:51:24.203578 [info ] [Thread-1 (]: 3 of 26 START test accepted_values_mart_customer_360_city_code__HN__SG__DN__TH__TN__NA__HT__QN  [RUN]
[0m15:51:24.203578 [debug] [Thread-1 (]: Re-using an available connection from the pool (formerly test.vinfast.accepted_values_mart_charging_revenue_charger_type__AC_TYPE2__CCS2_DC.c409246259, now test.vinfast.accepted_values_mart_customer_360_city_code__HN__SG__DN__TH__TN__NA__HT__QN.a5c0cbf984)
[0m15:51:24.203578 [debug] [Thread-1 (]: Began compiling node test.vinfast.accepted_values_mart_customer_360_city_code__HN__SG__DN__TH__TN__NA__HT__QN.a5c0cbf984
[0m15:51:24.233523 [debug] [Thread-1 (]: Writing injected SQL for node "test.vinfast.accepted_values_mart_customer_360_city_code__HN__SG__DN__TH__TN__NA__HT__QN.a5c0cbf984"
[0m15:51:24.233523 [debug] [Thread-1 (]: Began executing node test.vinfast.accepted_values_mart_customer_360_city_code__HN__SG__DN__TH__TN__NA__HT__QN.a5c0cbf984
[0m15:51:24.238431 [debug] [Thread-1 (]: Writing runtime sql for node "test.vinfast.accepted_values_mart_customer_360_city_code__HN__SG__DN__TH__TN__NA__HT__QN.a5c0cbf984"
[0m15:51:24.238431 [debug] [Thread-1 (]: dbt_clickhouse adapter: On test.vinfast.accepted_values_mart_customer_360_city_code__HN__SG__DN__TH__TN__NA__HT__QN.a5c0cbf984: /* {"app": "dbt", "dbt_version": "1.12.3", "profile_name": "vinfast", "target_name": "docker", "node_id": "test.vinfast.accepted_values_mart_customer_360_city_code__HN__SG__DN__TH__TN__NA__HT__QN.a5c0cbf984"} */

    
    
    select
      count(*) as failures,
      count(*) != 0 as should_warn,
      count(*) != 0 as should_error
    from (
      
    
  
    
    

with all_values as (

    select
        city_code as value_field,
        count(*) as n_records

    from `vinfast`.`mart_customer_360`
    group by city_code

)

select *
from all_values
where value_field not in (
    'HN','SG','DN','TH','TN','NA','HT','QN'
)



  
  
    ) dbt_internal_test...
[0m15:51:24.288615 [debug] [Thread-1 (]: dbt_clickhouse adapter: SQL status: OK in 0.05 seconds
[0m15:51:24.288615 [info ] [Thread-1 (]: 3 of 26 PASS accepted_values_mart_customer_360_city_code__HN__SG__DN__TH__TN__NA__HT__QN  [[32mPASS[0m in 0.09s]
[0m15:51:24.288615 [debug] [Thread-1 (]: Finished running node test.vinfast.accepted_values_mart_customer_360_city_code__HN__SG__DN__TH__TN__NA__HT__QN.a5c0cbf984
[0m15:51:24.288615 [debug] [Thread-1 (]: Began running node test.vinfast.accepted_values_mart_customer_360_lifecycle_stage__lead__prospect_warm__prospect_hot__customer.c3c3d6fc65
[0m15:51:24.288615 [info ] [Thread-1 (]: 4 of 26 START test accepted_values_mart_customer_360_lifecycle_stage__lead__prospect_warm__prospect_hot__customer  [RUN]
[0m15:51:24.288615 [debug] [Thread-1 (]: Re-using an available connection from the pool (formerly test.vinfast.accepted_values_mart_customer_360_city_code__HN__SG__DN__TH__TN__NA__HT__QN.a5c0cbf984, now test.vinfast.accepted_values_mart_customer_360_lifecycle_stage__lead__prospect_warm__prospect_hot__customer.c3c3d6fc65)
[0m15:51:24.288615 [debug] [Thread-1 (]: Began compiling node test.vinfast.accepted_values_mart_customer_360_lifecycle_stage__lead__prospect_warm__prospect_hot__customer.c3c3d6fc65
[0m15:51:24.310028 [debug] [Thread-1 (]: Writing injected SQL for node "test.vinfast.accepted_values_mart_customer_360_lifecycle_stage__lead__prospect_warm__prospect_hot__customer.c3c3d6fc65"
[0m15:51:24.310028 [debug] [Thread-1 (]: Began executing node test.vinfast.accepted_values_mart_customer_360_lifecycle_stage__lead__prospect_warm__prospect_hot__customer.c3c3d6fc65
[0m15:51:24.310028 [debug] [Thread-1 (]: Writing runtime sql for node "test.vinfast.accepted_values_mart_customer_360_lifecycle_stage__lead__prospect_warm__prospect_hot__customer.c3c3d6fc65"
[0m15:51:24.310028 [debug] [Thread-1 (]: dbt_clickhouse adapter: On test.vinfast.accepted_values_mart_customer_360_lifecycle_stage__lead__prospect_warm__prospect_hot__customer.c3c3d6fc65: /* {"app": "dbt", "dbt_version": "1.12.3", "profile_name": "vinfast", "target_name": "docker", "node_id": "test.vinfast.accepted_values_mart_customer_360_lifecycle_stage__lead__prospect_warm__prospect_hot__customer.c3c3d6fc65"} */

    
    
    select
      count(*) as failures,
      count(*) != 0 as should_warn,
      count(*) != 0 as should_error
    from (
      
    
  
    
    

with all_values as (

    select
        lifecycle_stage as value_field,
        count(*) as n_records

    from `vinfast`.`mart_customer_360`
    group by lifecycle_stage

)

select *
from all_values
where value_field not in (
    'lead','prospect_warm','prospect_hot','customer'
)



  
  
    ) dbt_internal_test...
[0m15:51:24.358827 [debug] [Thread-1 (]: dbt_clickhouse adapter: SQL status: OK in 0.05 seconds
[0m15:51:24.368122 [info ] [Thread-1 (]: 4 of 26 PASS accepted_values_mart_customer_360_lifecycle_stage__lead__prospect_warm__prospect_hot__customer  [[32mPASS[0m in 0.07s]
[0m15:51:24.368637 [debug] [Thread-1 (]: Finished running node test.vinfast.accepted_values_mart_customer_360_lifecycle_stage__lead__prospect_warm__prospect_hot__customer.c3c3d6fc65
[0m15:51:24.368637 [debug] [Thread-1 (]: Began running node test.vinfast.accepted_values_mart_sales_pipeline_city_code__HN__SG__DN__TH__TN__NA__HT__QN.8c4befecac
[0m15:51:24.368637 [info ] [Thread-1 (]: 5 of 26 START test accepted_values_mart_sales_pipeline_city_code__HN__SG__DN__TH__TN__NA__HT__QN  [RUN]
[0m15:51:24.368637 [debug] [Thread-1 (]: Re-using an available connection from the pool (formerly test.vinfast.accepted_values_mart_customer_360_lifecycle_stage__lead__prospect_warm__prospect_hot__customer.c3c3d6fc65, now test.vinfast.accepted_values_mart_sales_pipeline_city_code__HN__SG__DN__TH__TN__NA__HT__QN.8c4befecac)
[0m15:51:24.368637 [debug] [Thread-1 (]: Began compiling node test.vinfast.accepted_values_mart_sales_pipeline_city_code__HN__SG__DN__TH__TN__NA__HT__QN.8c4befecac
[0m15:51:24.368637 [debug] [Thread-1 (]: Writing injected SQL for node "test.vinfast.accepted_values_mart_sales_pipeline_city_code__HN__SG__DN__TH__TN__NA__HT__QN.8c4befecac"
[0m15:51:24.378602 [debug] [Thread-1 (]: Began executing node test.vinfast.accepted_values_mart_sales_pipeline_city_code__HN__SG__DN__TH__TN__NA__HT__QN.8c4befecac
[0m15:51:24.378602 [debug] [Thread-1 (]: Writing runtime sql for node "test.vinfast.accepted_values_mart_sales_pipeline_city_code__HN__SG__DN__TH__TN__NA__HT__QN.8c4befecac"
[0m15:51:24.378602 [debug] [Thread-1 (]: dbt_clickhouse adapter: On test.vinfast.accepted_values_mart_sales_pipeline_city_code__HN__SG__DN__TH__TN__NA__HT__QN.8c4befecac: /* {"app": "dbt", "dbt_version": "1.12.3", "profile_name": "vinfast", "target_name": "docker", "node_id": "test.vinfast.accepted_values_mart_sales_pipeline_city_code__HN__SG__DN__TH__TN__NA__HT__QN.8c4befecac"} */

    
    
    select
      count(*) as failures,
      count(*) != 0 as should_warn,
      count(*) != 0 as should_error
    from (
      
    
  
    
    

with all_values as (

    select
        city_code as value_field,
        count(*) as n_records

    from `vinfast`.`mart_sales_pipeline`
    group by city_code

)

select *
from all_values
where value_field not in (
    'HN','SG','DN','TH','TN','NA','HT','QN'
)



  
  
    ) dbt_internal_test...
[0m15:51:24.438355 [debug] [Thread-1 (]: dbt_clickhouse adapter: SQL status: OK in 0.06 seconds
[0m15:51:24.438355 [info ] [Thread-1 (]: 5 of 26 PASS accepted_values_mart_sales_pipeline_city_code__HN__SG__DN__TH__TN__NA__HT__QN  [[32mPASS[0m in 0.07s]
[0m15:51:24.442895 [debug] [Thread-1 (]: Finished running node test.vinfast.accepted_values_mart_sales_pipeline_city_code__HN__SG__DN__TH__TN__NA__HT__QN.8c4befecac
[0m15:51:24.442895 [debug] [Thread-1 (]: Began running node test.vinfast.accepted_values_mart_vehicle_360_city_code__HN__SG__DN__TH__TN__NA__HT__QN.380bcbb4b4
[0m15:51:24.442895 [info ] [Thread-1 (]: 6 of 26 START test accepted_values_mart_vehicle_360_city_code__HN__SG__DN__TH__TN__NA__HT__QN  [RUN]
[0m15:51:24.442895 [debug] [Thread-1 (]: Re-using an available connection from the pool (formerly test.vinfast.accepted_values_mart_sales_pipeline_city_code__HN__SG__DN__TH__TN__NA__HT__QN.8c4befecac, now test.vinfast.accepted_values_mart_vehicle_360_city_code__HN__SG__DN__TH__TN__NA__HT__QN.380bcbb4b4)
[0m15:51:24.442895 [debug] [Thread-1 (]: Began compiling node test.vinfast.accepted_values_mart_vehicle_360_city_code__HN__SG__DN__TH__TN__NA__HT__QN.380bcbb4b4
[0m15:51:24.448469 [debug] [Thread-1 (]: Writing injected SQL for node "test.vinfast.accepted_values_mart_vehicle_360_city_code__HN__SG__DN__TH__TN__NA__HT__QN.380bcbb4b4"
[0m15:51:24.448469 [debug] [Thread-1 (]: Began executing node test.vinfast.accepted_values_mart_vehicle_360_city_code__HN__SG__DN__TH__TN__NA__HT__QN.380bcbb4b4
[0m15:51:24.458759 [debug] [Thread-1 (]: Writing runtime sql for node "test.vinfast.accepted_values_mart_vehicle_360_city_code__HN__SG__DN__TH__TN__NA__HT__QN.380bcbb4b4"
[0m15:51:24.458759 [debug] [Thread-1 (]: dbt_clickhouse adapter: On test.vinfast.accepted_values_mart_vehicle_360_city_code__HN__SG__DN__TH__TN__NA__HT__QN.380bcbb4b4: /* {"app": "dbt", "dbt_version": "1.12.3", "profile_name": "vinfast", "target_name": "docker", "node_id": "test.vinfast.accepted_values_mart_vehicle_360_city_code__HN__SG__DN__TH__TN__NA__HT__QN.380bcbb4b4"} */

    
    
    select
      count(*) as failures,
      count(*) != 0 as should_warn,
      count(*) != 0 as should_error
    from (
      
    
  
    
    

with all_values as (

    select
        city_code as value_field,
        count(*) as n_records

    from `vinfast`.`mart_vehicle_360`
    group by city_code

)

select *
from all_values
where value_field not in (
    'HN','SG','DN','TH','TN','NA','HT','QN'
)



  
  
    ) dbt_internal_test...
[0m15:51:24.503865 [debug] [Thread-1 (]: dbt_clickhouse adapter: SQL status: OK in 0.05 seconds
[0m15:51:24.508434 [info ] [Thread-1 (]: 6 of 26 PASS accepted_values_mart_vehicle_360_city_code__HN__SG__DN__TH__TN__NA__HT__QN  [[32mPASS[0m in 0.07s]
[0m15:51:24.510455 [debug] [Thread-1 (]: Finished running node test.vinfast.accepted_values_mart_vehicle_360_city_code__HN__SG__DN__TH__TN__NA__HT__QN.380bcbb4b4
[0m15:51:24.510455 [debug] [Thread-1 (]: Began running node test.vinfast.accepted_values_mart_vehicle_360_type__car__motorbike.5134ef0f09
[0m15:51:24.511481 [info ] [Thread-1 (]: 7 of 26 START test accepted_values_mart_vehicle_360_type__car__motorbike ....... [RUN]
[0m15:51:24.512088 [debug] [Thread-1 (]: Re-using an available connection from the pool (formerly test.vinfast.accepted_values_mart_vehicle_360_city_code__HN__SG__DN__TH__TN__NA__HT__QN.380bcbb4b4, now test.vinfast.accepted_values_mart_vehicle_360_type__car__motorbike.5134ef0f09)
[0m15:51:24.512088 [debug] [Thread-1 (]: Began compiling node test.vinfast.accepted_values_mart_vehicle_360_type__car__motorbike.5134ef0f09
[0m15:51:24.523640 [debug] [Thread-1 (]: Writing injected SQL for node "test.vinfast.accepted_values_mart_vehicle_360_type__car__motorbike.5134ef0f09"
[0m15:51:24.523640 [debug] [Thread-1 (]: Began executing node test.vinfast.accepted_values_mart_vehicle_360_type__car__motorbike.5134ef0f09
[0m15:51:24.527149 [debug] [Thread-1 (]: Writing runtime sql for node "test.vinfast.accepted_values_mart_vehicle_360_type__car__motorbike.5134ef0f09"
[0m15:51:24.527149 [debug] [Thread-1 (]: dbt_clickhouse adapter: On test.vinfast.accepted_values_mart_vehicle_360_type__car__motorbike.5134ef0f09: /* {"app": "dbt", "dbt_version": "1.12.3", "profile_name": "vinfast", "target_name": "docker", "node_id": "test.vinfast.accepted_values_mart_vehicle_360_type__car__motorbike.5134ef0f09"} */

    
    
    select
      count(*) as failures,
      count(*) != 0 as should_warn,
      count(*) != 0 as should_error
    from (
      
    
  
    
    

with all_values as (

    select
        type as value_field,
        count(*) as n_records

    from `vinfast`.`mart_vehicle_360`
    group by type

)

select *
from all_values
where value_field not in (
    'car','motorbike'
)



  
  
    ) dbt_internal_test...
[0m15:51:24.583438 [debug] [Thread-1 (]: dbt_clickhouse adapter: SQL status: OK in 0.05 seconds
[0m15:51:24.583438 [info ] [Thread-1 (]: 7 of 26 PASS accepted_values_mart_vehicle_360_type__car__motorbike ............. [[32mPASS[0m in 0.07s]
[0m15:51:24.583438 [debug] [Thread-1 (]: Finished running node test.vinfast.accepted_values_mart_vehicle_360_type__car__motorbike.5134ef0f09
[0m15:51:24.583438 [debug] [Thread-1 (]: Began running node test.vinfast.dbt_utils_expression_is_true_mart_charging_analytics_end_soc_pct_start_soc_pct.aaf8e84d7d
[0m15:51:24.588452 [info ] [Thread-1 (]: 8 of 26 START test dbt_utils_expression_is_true_mart_charging_analytics_end_soc_pct_start_soc_pct  [RUN]
[0m15:51:24.588452 [debug] [Thread-1 (]: Re-using an available connection from the pool (formerly test.vinfast.accepted_values_mart_vehicle_360_type__car__motorbike.5134ef0f09, now test.vinfast.dbt_utils_expression_is_true_mart_charging_analytics_end_soc_pct_start_soc_pct.aaf8e84d7d)
[0m15:51:24.588452 [debug] [Thread-1 (]: Began compiling node test.vinfast.dbt_utils_expression_is_true_mart_charging_analytics_end_soc_pct_start_soc_pct.aaf8e84d7d
[0m15:51:24.603418 [debug] [Thread-1 (]: Writing injected SQL for node "test.vinfast.dbt_utils_expression_is_true_mart_charging_analytics_end_soc_pct_start_soc_pct.aaf8e84d7d"
[0m15:51:24.603418 [debug] [Thread-1 (]: Began executing node test.vinfast.dbt_utils_expression_is_true_mart_charging_analytics_end_soc_pct_start_soc_pct.aaf8e84d7d
[0m15:51:24.605942 [debug] [Thread-1 (]: Writing runtime sql for node "test.vinfast.dbt_utils_expression_is_true_mart_charging_analytics_end_soc_pct_start_soc_pct.aaf8e84d7d"
[0m15:51:24.605942 [debug] [Thread-1 (]: dbt_clickhouse adapter: On test.vinfast.dbt_utils_expression_is_true_mart_charging_analytics_end_soc_pct_start_soc_pct.aaf8e84d7d: /* {"app": "dbt", "dbt_version": "1.12.3", "profile_name": "vinfast", "target_name": "docker", "node_id": "test.vinfast.dbt_utils_expression_is_true_mart_charging_analytics_end_soc_pct_start_soc_pct.aaf8e84d7d"} */

    
    
    select
      count(*) as failures,
      count(*) != 0 as should_warn,
      count(*) != 0 as should_error
    from (
      
    
  



select
    1
from `vinfast`.`mart_charging_analytics`

where not(end_soc_pct >= start_soc_pct)


  
  
    ) dbt_internal_test...
[0m15:51:24.658753 [debug] [Thread-1 (]: dbt_clickhouse adapter: SQL status: OK in 0.05 seconds
[0m15:51:24.669682 [info ] [Thread-1 (]: 8 of 26 PASS dbt_utils_expression_is_true_mart_charging_analytics_end_soc_pct_start_soc_pct  [[32mPASS[0m in 0.08s]
[0m15:51:24.669682 [debug] [Thread-1 (]: Finished running node test.vinfast.dbt_utils_expression_is_true_mart_charging_analytics_end_soc_pct_start_soc_pct.aaf8e84d7d
[0m15:51:24.669682 [debug] [Thread-1 (]: Began running node test.vinfast.dbt_utils_expression_is_true_mart_charging_analytics_ended_at_started_at.a25ccfbc4d
[0m15:51:24.673799 [info ] [Thread-1 (]: 9 of 26 START test dbt_utils_expression_is_true_mart_charging_analytics_ended_at_started_at  [RUN]
[0m15:51:24.673799 [debug] [Thread-1 (]: Re-using an available connection from the pool (formerly test.vinfast.dbt_utils_expression_is_true_mart_charging_analytics_end_soc_pct_start_soc_pct.aaf8e84d7d, now test.vinfast.dbt_utils_expression_is_true_mart_charging_analytics_ended_at_started_at.a25ccfbc4d)
[0m15:51:24.673799 [debug] [Thread-1 (]: Began compiling node test.vinfast.dbt_utils_expression_is_true_mart_charging_analytics_ended_at_started_at.a25ccfbc4d
[0m15:51:24.688560 [debug] [Thread-1 (]: Writing injected SQL for node "test.vinfast.dbt_utils_expression_is_true_mart_charging_analytics_ended_at_started_at.a25ccfbc4d"
[0m15:51:24.688560 [debug] [Thread-1 (]: Began executing node test.vinfast.dbt_utils_expression_is_true_mart_charging_analytics_ended_at_started_at.a25ccfbc4d
[0m15:51:24.688560 [debug] [Thread-1 (]: Writing runtime sql for node "test.vinfast.dbt_utils_expression_is_true_mart_charging_analytics_ended_at_started_at.a25ccfbc4d"
[0m15:51:24.688560 [debug] [Thread-1 (]: dbt_clickhouse adapter: On test.vinfast.dbt_utils_expression_is_true_mart_charging_analytics_ended_at_started_at.a25ccfbc4d: /* {"app": "dbt", "dbt_version": "1.12.3", "profile_name": "vinfast", "target_name": "docker", "node_id": "test.vinfast.dbt_utils_expression_is_true_mart_charging_analytics_ended_at_started_at.a25ccfbc4d"} */

    
    
    select
      count(*) as failures,
      count(*) != 0 as should_warn,
      count(*) != 0 as should_error
    from (
      
    
  



select
    1
from `vinfast`.`mart_charging_analytics`

where not(ended_at > started_at)


  
  
    ) dbt_internal_test...
[0m15:51:24.742275 [debug] [Thread-1 (]: dbt_clickhouse adapter: SQL status: OK in 0.05 seconds
[0m15:51:24.742275 [info ] [Thread-1 (]: 9 of 26 PASS dbt_utils_expression_is_true_mart_charging_analytics_ended_at_started_at  [[32mPASS[0m in 0.07s]
[0m15:51:24.742275 [debug] [Thread-1 (]: Finished running node test.vinfast.dbt_utils_expression_is_true_mart_charging_analytics_ended_at_started_at.a25ccfbc4d
[0m15:51:24.748793 [debug] [Thread-1 (]: Began running node test.vinfast.not_null_mart_charging_analytics_ended_at.74a751ffa0
[0m15:51:24.749300 [info ] [Thread-1 (]: 10 of 26 START test not_null_mart_charging_analytics_ended_at .................. [RUN]
[0m15:51:24.749300 [debug] [Thread-1 (]: Re-using an available connection from the pool (formerly test.vinfast.dbt_utils_expression_is_true_mart_charging_analytics_ended_at_started_at.a25ccfbc4d, now test.vinfast.not_null_mart_charging_analytics_ended_at.74a751ffa0)
[0m15:51:24.749300 [debug] [Thread-1 (]: Began compiling node test.vinfast.not_null_mart_charging_analytics_ended_at.74a751ffa0
[0m15:51:24.758362 [debug] [Thread-1 (]: Writing injected SQL for node "test.vinfast.not_null_mart_charging_analytics_ended_at.74a751ffa0"
[0m15:51:24.758362 [debug] [Thread-1 (]: Began executing node test.vinfast.not_null_mart_charging_analytics_ended_at.74a751ffa0
[0m15:51:24.764415 [debug] [Thread-1 (]: Writing runtime sql for node "test.vinfast.not_null_mart_charging_analytics_ended_at.74a751ffa0"
[0m15:51:24.764415 [debug] [Thread-1 (]: dbt_clickhouse adapter: On test.vinfast.not_null_mart_charging_analytics_ended_at.74a751ffa0: /* {"app": "dbt", "dbt_version": "1.12.3", "profile_name": "vinfast", "target_name": "docker", "node_id": "test.vinfast.not_null_mart_charging_analytics_ended_at.74a751ffa0"} */

    
    
    select
      count(*) as failures,
      count(*) != 0 as should_warn,
      count(*) != 0 as should_error
    from (
      
    
  
    
    



select ended_at
from `vinfast`.`mart_charging_analytics`
where ended_at is null



  
  
    ) dbt_internal_test...
[0m15:51:24.815413 [debug] [Thread-1 (]: dbt_clickhouse adapter: SQL status: OK in 0.05 seconds
[0m15:51:24.818646 [info ] [Thread-1 (]: 10 of 26 PASS not_null_mart_charging_analytics_ended_at ........................ [[32mPASS[0m in 0.07s]
[0m15:51:24.820870 [debug] [Thread-1 (]: Finished running node test.vinfast.not_null_mart_charging_analytics_ended_at.74a751ffa0
[0m15:51:24.821955 [debug] [Thread-1 (]: Began running node test.vinfast.not_null_mart_charging_analytics_session_id.376bdff5a7
[0m15:51:24.823007 [info ] [Thread-1 (]: 11 of 26 START test not_null_mart_charging_analytics_session_id ................ [RUN]
[0m15:51:24.824135 [debug] [Thread-1 (]: Re-using an available connection from the pool (formerly test.vinfast.not_null_mart_charging_analytics_ended_at.74a751ffa0, now test.vinfast.not_null_mart_charging_analytics_session_id.376bdff5a7)
[0m15:51:24.825176 [debug] [Thread-1 (]: Began compiling node test.vinfast.not_null_mart_charging_analytics_session_id.376bdff5a7
[0m15:51:24.834190 [debug] [Thread-1 (]: Writing injected SQL for node "test.vinfast.not_null_mart_charging_analytics_session_id.376bdff5a7"
[0m15:51:24.835812 [debug] [Thread-1 (]: Began executing node test.vinfast.not_null_mart_charging_analytics_session_id.376bdff5a7
[0m15:51:24.835812 [debug] [Thread-1 (]: Writing runtime sql for node "test.vinfast.not_null_mart_charging_analytics_session_id.376bdff5a7"
[0m15:51:24.838704 [debug] [Thread-1 (]: dbt_clickhouse adapter: On test.vinfast.not_null_mart_charging_analytics_session_id.376bdff5a7: /* {"app": "dbt", "dbt_version": "1.12.3", "profile_name": "vinfast", "target_name": "docker", "node_id": "test.vinfast.not_null_mart_charging_analytics_session_id.376bdff5a7"} */

    
    
    select
      count(*) as failures,
      count(*) != 0 as should_warn,
      count(*) != 0 as should_error
    from (
      
    
  
    
    



select session_id
from `vinfast`.`mart_charging_analytics`
where session_id is null



  
  
    ) dbt_internal_test...
[0m15:51:24.885530 [debug] [Thread-1 (]: dbt_clickhouse adapter: SQL status: OK in 0.05 seconds
[0m15:51:24.885530 [info ] [Thread-1 (]: 11 of 26 PASS not_null_mart_charging_analytics_session_id ...................... [[32mPASS[0m in 0.06s]
[0m15:51:24.888045 [debug] [Thread-1 (]: Finished running node test.vinfast.not_null_mart_charging_analytics_session_id.376bdff5a7
[0m15:51:24.888551 [debug] [Thread-1 (]: Began running node test.vinfast.not_null_mart_charging_analytics_started_at.ec2947dd02
[0m15:51:24.888551 [info ] [Thread-1 (]: 12 of 26 START test not_null_mart_charging_analytics_started_at ................ [RUN]
[0m15:51:24.888551 [debug] [Thread-1 (]: Re-using an available connection from the pool (formerly test.vinfast.not_null_mart_charging_analytics_session_id.376bdff5a7, now test.vinfast.not_null_mart_charging_analytics_started_at.ec2947dd02)
[0m15:51:24.890699 [debug] [Thread-1 (]: Began compiling node test.vinfast.not_null_mart_charging_analytics_started_at.ec2947dd02
[0m15:51:24.895958 [debug] [Thread-1 (]: Writing injected SQL for node "test.vinfast.not_null_mart_charging_analytics_started_at.ec2947dd02"
[0m15:51:24.897963 [debug] [Thread-1 (]: Began executing node test.vinfast.not_null_mart_charging_analytics_started_at.ec2947dd02
[0m15:51:24.898469 [debug] [Thread-1 (]: Writing runtime sql for node "test.vinfast.not_null_mart_charging_analytics_started_at.ec2947dd02"
[0m15:51:24.898469 [debug] [Thread-1 (]: dbt_clickhouse adapter: On test.vinfast.not_null_mart_charging_analytics_started_at.ec2947dd02: /* {"app": "dbt", "dbt_version": "1.12.3", "profile_name": "vinfast", "target_name": "docker", "node_id": "test.vinfast.not_null_mart_charging_analytics_started_at.ec2947dd02"} */

    
    
    select
      count(*) as failures,
      count(*) != 0 as should_warn,
      count(*) != 0 as should_error
    from (
      
    
  
    
    



select started_at
from `vinfast`.`mart_charging_analytics`
where started_at is null



  
  
    ) dbt_internal_test...
[0m15:51:24.942806 [debug] [Thread-1 (]: dbt_clickhouse adapter: SQL status: OK in 0.04 seconds
[0m15:51:24.948646 [info ] [Thread-1 (]: 12 of 26 PASS not_null_mart_charging_analytics_started_at ...................... [[32mPASS[0m in 0.06s]
[0m15:51:24.948646 [debug] [Thread-1 (]: Finished running node test.vinfast.not_null_mart_charging_analytics_started_at.ec2947dd02
[0m15:51:24.948646 [debug] [Thread-1 (]: Began running node test.vinfast.not_null_mart_charging_analytics_vehicle_id.984ccd85f1
[0m15:51:24.948646 [info ] [Thread-1 (]: 13 of 26 START test not_null_mart_charging_analytics_vehicle_id ................ [RUN]
[0m15:51:24.951686 [debug] [Thread-1 (]: Re-using an available connection from the pool (formerly test.vinfast.not_null_mart_charging_analytics_started_at.ec2947dd02, now test.vinfast.not_null_mart_charging_analytics_vehicle_id.984ccd85f1)
[0m15:51:24.952197 [debug] [Thread-1 (]: Began compiling node test.vinfast.not_null_mart_charging_analytics_vehicle_id.984ccd85f1
[0m15:51:24.952704 [debug] [Thread-1 (]: Writing injected SQL for node "test.vinfast.not_null_mart_charging_analytics_vehicle_id.984ccd85f1"
[0m15:51:24.958725 [debug] [Thread-1 (]: Began executing node test.vinfast.not_null_mart_charging_analytics_vehicle_id.984ccd85f1
[0m15:51:24.958725 [debug] [Thread-1 (]: Writing runtime sql for node "test.vinfast.not_null_mart_charging_analytics_vehicle_id.984ccd85f1"
[0m15:51:24.958725 [debug] [Thread-1 (]: dbt_clickhouse adapter: On test.vinfast.not_null_mart_charging_analytics_vehicle_id.984ccd85f1: /* {"app": "dbt", "dbt_version": "1.12.3", "profile_name": "vinfast", "target_name": "docker", "node_id": "test.vinfast.not_null_mart_charging_analytics_vehicle_id.984ccd85f1"} */

    
    
    select
      count(*) as failures,
      count(*) != 0 as should_warn,
      count(*) != 0 as should_error
    from (
      
    
  
    
    



select vehicle_id
from `vinfast`.`mart_charging_analytics`
where vehicle_id is null



  
  
    ) dbt_internal_test...
[0m15:51:25.011670 [debug] [Thread-1 (]: dbt_clickhouse adapter: SQL status: OK in 0.05 seconds
[0m15:51:25.015481 [info ] [Thread-1 (]: 13 of 26 PASS not_null_mart_charging_analytics_vehicle_id ...................... [[32mPASS[0m in 0.07s]
[0m15:51:25.015481 [debug] [Thread-1 (]: Finished running node test.vinfast.not_null_mart_charging_analytics_vehicle_id.984ccd85f1
[0m15:51:25.015481 [debug] [Thread-1 (]: Began running node test.vinfast.not_null_mart_charging_revenue_station_id.c166c0b904
[0m15:51:25.015481 [info ] [Thread-1 (]: 14 of 26 START test not_null_mart_charging_revenue_station_id .................. [RUN]
[0m15:51:25.018507 [debug] [Thread-1 (]: Re-using an available connection from the pool (formerly test.vinfast.not_null_mart_charging_analytics_vehicle_id.984ccd85f1, now test.vinfast.not_null_mart_charging_revenue_station_id.c166c0b904)
[0m15:51:25.018507 [debug] [Thread-1 (]: Began compiling node test.vinfast.not_null_mart_charging_revenue_station_id.c166c0b904
[0m15:51:25.023666 [debug] [Thread-1 (]: Writing injected SQL for node "test.vinfast.not_null_mart_charging_revenue_station_id.c166c0b904"
[0m15:51:25.023666 [debug] [Thread-1 (]: Began executing node test.vinfast.not_null_mart_charging_revenue_station_id.c166c0b904
[0m15:51:25.025753 [debug] [Thread-1 (]: Writing runtime sql for node "test.vinfast.not_null_mart_charging_revenue_station_id.c166c0b904"
[0m15:51:25.025753 [debug] [Thread-1 (]: dbt_clickhouse adapter: On test.vinfast.not_null_mart_charging_revenue_station_id.c166c0b904: /* {"app": "dbt", "dbt_version": "1.12.3", "profile_name": "vinfast", "target_name": "docker", "node_id": "test.vinfast.not_null_mart_charging_revenue_station_id.c166c0b904"} */

    
    
    select
      count(*) as failures,
      count(*) != 0 as should_warn,
      count(*) != 0 as should_error
    from (
      
    
  
    
    



select station_id
from `vinfast`.`mart_charging_revenue`
where station_id is null



  
  
    ) dbt_internal_test...
[0m15:51:25.073948 [debug] [Thread-1 (]: dbt_clickhouse adapter: SQL status: OK in 0.05 seconds
[0m15:51:25.077818 [info ] [Thread-1 (]: 14 of 26 PASS not_null_mart_charging_revenue_station_id ........................ [[32mPASS[0m in 0.06s]
[0m15:51:25.079177 [debug] [Thread-1 (]: Finished running node test.vinfast.not_null_mart_charging_revenue_station_id.c166c0b904
[0m15:51:25.079177 [debug] [Thread-1 (]: Began running node test.vinfast.not_null_mart_customer_360_customer_id.f48db14d9f
[0m15:51:25.079177 [info ] [Thread-1 (]: 15 of 26 START test not_null_mart_customer_360_customer_id ..................... [RUN]
[0m15:51:25.079177 [debug] [Thread-1 (]: Re-using an available connection from the pool (formerly test.vinfast.not_null_mart_charging_revenue_station_id.c166c0b904, now test.vinfast.not_null_mart_customer_360_customer_id.f48db14d9f)
[0m15:51:25.083729 [debug] [Thread-1 (]: Began compiling node test.vinfast.not_null_mart_customer_360_customer_id.f48db14d9f
[0m15:51:25.088778 [debug] [Thread-1 (]: Writing injected SQL for node "test.vinfast.not_null_mart_customer_360_customer_id.f48db14d9f"
[0m15:51:25.088778 [debug] [Thread-1 (]: Began executing node test.vinfast.not_null_mart_customer_360_customer_id.f48db14d9f
[0m15:51:25.088778 [debug] [Thread-1 (]: Writing runtime sql for node "test.vinfast.not_null_mart_customer_360_customer_id.f48db14d9f"
[0m15:51:25.097322 [debug] [Thread-1 (]: dbt_clickhouse adapter: On test.vinfast.not_null_mart_customer_360_customer_id.f48db14d9f: /* {"app": "dbt", "dbt_version": "1.12.3", "profile_name": "vinfast", "target_name": "docker", "node_id": "test.vinfast.not_null_mart_customer_360_customer_id.f48db14d9f"} */

    
    
    select
      count(*) as failures,
      count(*) != 0 as should_warn,
      count(*) != 0 as should_error
    from (
      
    
  
    
    



select customer_id
from `vinfast`.`mart_customer_360`
where customer_id is null



  
  
    ) dbt_internal_test...
[0m15:51:25.148371 [debug] [Thread-1 (]: dbt_clickhouse adapter: SQL status: OK in 0.05 seconds
[0m15:51:25.148371 [info ] [Thread-1 (]: 15 of 26 PASS not_null_mart_customer_360_customer_id ........................... [[32mPASS[0m in 0.07s]
[0m15:51:25.148371 [debug] [Thread-1 (]: Finished running node test.vinfast.not_null_mart_customer_360_customer_id.f48db14d9f
[0m15:51:25.148371 [debug] [Thread-1 (]: Began running node test.vinfast.not_null_mart_customer_360_phone.19f6262c70
[0m15:51:25.148371 [info ] [Thread-1 (]: 16 of 26 START test not_null_mart_customer_360_phone ........................... [RUN]
[0m15:51:25.148371 [debug] [Thread-1 (]: Re-using an available connection from the pool (formerly test.vinfast.not_null_mart_customer_360_customer_id.f48db14d9f, now test.vinfast.not_null_mart_customer_360_phone.19f6262c70)
[0m15:51:25.148371 [debug] [Thread-1 (]: Began compiling node test.vinfast.not_null_mart_customer_360_phone.19f6262c70
[0m15:51:25.159485 [debug] [Thread-1 (]: Writing injected SQL for node "test.vinfast.not_null_mart_customer_360_phone.19f6262c70"
[0m15:51:25.163562 [debug] [Thread-1 (]: Began executing node test.vinfast.not_null_mart_customer_360_phone.19f6262c70
[0m15:51:25.163562 [debug] [Thread-1 (]: Writing runtime sql for node "test.vinfast.not_null_mart_customer_360_phone.19f6262c70"
[0m15:51:25.163562 [debug] [Thread-1 (]: dbt_clickhouse adapter: On test.vinfast.not_null_mart_customer_360_phone.19f6262c70: /* {"app": "dbt", "dbt_version": "1.12.3", "profile_name": "vinfast", "target_name": "docker", "node_id": "test.vinfast.not_null_mart_customer_360_phone.19f6262c70"} */

    
    
    select
      count(*) as failures,
      count(*) != 0 as should_warn,
      count(*) != 0 as should_error
    from (
      
    
  
    
    



select phone
from `vinfast`.`mart_customer_360`
where phone is null



  
  
    ) dbt_internal_test...
[0m15:51:25.218694 [debug] [Thread-1 (]: dbt_clickhouse adapter: SQL status: OK in 0.06 seconds
[0m15:51:25.222786 [info ] [Thread-1 (]: 16 of 26 PASS not_null_mart_customer_360_phone ................................. [[32mPASS[0m in 0.07s]
[0m15:51:25.222786 [debug] [Thread-1 (]: Finished running node test.vinfast.not_null_mart_customer_360_phone.19f6262c70
[0m15:51:25.222786 [debug] [Thread-1 (]: Began running node test.vinfast.not_null_mart_daily_fleet_activity_date.efcdba8ae2
[0m15:51:25.222786 [info ] [Thread-1 (]: 17 of 26 START test not_null_mart_daily_fleet_activity_date .................... [RUN]
[0m15:51:25.222786 [debug] [Thread-1 (]: Re-using an available connection from the pool (formerly test.vinfast.not_null_mart_customer_360_phone.19f6262c70, now test.vinfast.not_null_mart_daily_fleet_activity_date.efcdba8ae2)
[0m15:51:25.228399 [debug] [Thread-1 (]: Began compiling node test.vinfast.not_null_mart_daily_fleet_activity_date.efcdba8ae2
[0m15:51:25.228399 [debug] [Thread-1 (]: Writing injected SQL for node "test.vinfast.not_null_mart_daily_fleet_activity_date.efcdba8ae2"
[0m15:51:25.228399 [debug] [Thread-1 (]: Began executing node test.vinfast.not_null_mart_daily_fleet_activity_date.efcdba8ae2
[0m15:51:25.238504 [debug] [Thread-1 (]: Writing runtime sql for node "test.vinfast.not_null_mart_daily_fleet_activity_date.efcdba8ae2"
[0m15:51:25.238504 [debug] [Thread-1 (]: dbt_clickhouse adapter: On test.vinfast.not_null_mart_daily_fleet_activity_date.efcdba8ae2: /* {"app": "dbt", "dbt_version": "1.12.3", "profile_name": "vinfast", "target_name": "docker", "node_id": "test.vinfast.not_null_mart_daily_fleet_activity_date.efcdba8ae2"} */

    
    
    select
      count(*) as failures,
      count(*) != 0 as should_warn,
      count(*) != 0 as should_error
    from (
      
    
  
    
    



select activity_date
from `vinfast`.`mart_daily_fleet`
where activity_date is null



  
  
    ) dbt_internal_test...
[0m15:51:25.288414 [debug] [Thread-1 (]: dbt_clickhouse adapter: SQL status: OK in 0.05 seconds
[0m15:51:25.288414 [info ] [Thread-1 (]: 17 of 26 PASS not_null_mart_daily_fleet_activity_date .......................... [[32mPASS[0m in 0.07s]
[0m15:51:25.288414 [debug] [Thread-1 (]: Finished running node test.vinfast.not_null_mart_daily_fleet_activity_date.efcdba8ae2
[0m15:51:25.288414 [debug] [Thread-1 (]: Began running node test.vinfast.not_null_mart_sales_pipeline_dealer_id.9b9d45967d
[0m15:51:25.298501 [info ] [Thread-1 (]: 18 of 26 START test not_null_mart_sales_pipeline_dealer_id ..................... [RUN]
[0m15:51:25.298501 [debug] [Thread-1 (]: Re-using an available connection from the pool (formerly test.vinfast.not_null_mart_daily_fleet_activity_date.efcdba8ae2, now test.vinfast.not_null_mart_sales_pipeline_dealer_id.9b9d45967d)
[0m15:51:25.298501 [debug] [Thread-1 (]: Began compiling node test.vinfast.not_null_mart_sales_pipeline_dealer_id.9b9d45967d
[0m15:51:25.308736 [debug] [Thread-1 (]: Writing injected SQL for node "test.vinfast.not_null_mart_sales_pipeline_dealer_id.9b9d45967d"
[0m15:51:25.308736 [debug] [Thread-1 (]: Began executing node test.vinfast.not_null_mart_sales_pipeline_dealer_id.9b9d45967d
[0m15:51:25.312932 [debug] [Thread-1 (]: Writing runtime sql for node "test.vinfast.not_null_mart_sales_pipeline_dealer_id.9b9d45967d"
[0m15:51:25.312932 [debug] [Thread-1 (]: dbt_clickhouse adapter: On test.vinfast.not_null_mart_sales_pipeline_dealer_id.9b9d45967d: /* {"app": "dbt", "dbt_version": "1.12.3", "profile_name": "vinfast", "target_name": "docker", "node_id": "test.vinfast.not_null_mart_sales_pipeline_dealer_id.9b9d45967d"} */

    
    
    select
      count(*) as failures,
      count(*) != 0 as should_warn,
      count(*) != 0 as should_error
    from (
      
    
  
    
    



select dealer_id
from `vinfast`.`mart_sales_pipeline`
where dealer_id is null



  
  
    ) dbt_internal_test...
[0m15:51:25.365302 [debug] [Thread-1 (]: dbt_clickhouse adapter: SQL status: OK in 0.05 seconds
[0m15:51:25.365302 [info ] [Thread-1 (]: 18 of 26 PASS not_null_mart_sales_pipeline_dealer_id ........................... [[32mPASS[0m in 0.07s]
[0m15:51:25.368345 [debug] [Thread-1 (]: Finished running node test.vinfast.not_null_mart_sales_pipeline_dealer_id.9b9d45967d
[0m15:51:25.368345 [debug] [Thread-1 (]: Began running node test.vinfast.not_null_mart_vehicle_360_model.8f6c0d5ee3
[0m15:51:25.368345 [info ] [Thread-1 (]: 19 of 26 START test not_null_mart_vehicle_360_model ............................ [RUN]
[0m15:51:25.368345 [debug] [Thread-1 (]: Re-using an available connection from the pool (formerly test.vinfast.not_null_mart_sales_pipeline_dealer_id.9b9d45967d, now test.vinfast.not_null_mart_vehicle_360_model.8f6c0d5ee3)
[0m15:51:25.368345 [debug] [Thread-1 (]: Began compiling node test.vinfast.not_null_mart_vehicle_360_model.8f6c0d5ee3
[0m15:51:25.368345 [debug] [Thread-1 (]: Writing injected SQL for node "test.vinfast.not_null_mart_vehicle_360_model.8f6c0d5ee3"
[0m15:51:25.368345 [debug] [Thread-1 (]: Began executing node test.vinfast.not_null_mart_vehicle_360_model.8f6c0d5ee3
[0m15:51:25.368345 [debug] [Thread-1 (]: Writing runtime sql for node "test.vinfast.not_null_mart_vehicle_360_model.8f6c0d5ee3"
[0m15:51:25.378441 [debug] [Thread-1 (]: dbt_clickhouse adapter: On test.vinfast.not_null_mart_vehicle_360_model.8f6c0d5ee3: /* {"app": "dbt", "dbt_version": "1.12.3", "profile_name": "vinfast", "target_name": "docker", "node_id": "test.vinfast.not_null_mart_vehicle_360_model.8f6c0d5ee3"} */

    
    
    select
      count(*) as failures,
      count(*) != 0 as should_warn,
      count(*) != 0 as should_error
    from (
      
    
  
    
    



select model
from `vinfast`.`mart_vehicle_360`
where model is null



  
  
    ) dbt_internal_test...
[0m15:51:25.418462 [debug] [Thread-1 (]: dbt_clickhouse adapter: SQL status: OK in 0.04 seconds
[0m15:51:25.418462 [info ] [Thread-1 (]: 19 of 26 PASS not_null_mart_vehicle_360_model .................................. [[32mPASS[0m in 0.05s]
[0m15:51:25.418462 [debug] [Thread-1 (]: Finished running node test.vinfast.not_null_mart_vehicle_360_model.8f6c0d5ee3
[0m15:51:25.418462 [debug] [Thread-1 (]: Began running node test.vinfast.not_null_mart_vehicle_360_vehicle_id.508b621b67
[0m15:51:25.428473 [info ] [Thread-1 (]: 20 of 26 START test not_null_mart_vehicle_360_vehicle_id ....................... [RUN]
[0m15:51:25.428473 [debug] [Thread-1 (]: Re-using an available connection from the pool (formerly test.vinfast.not_null_mart_vehicle_360_model.8f6c0d5ee3, now test.vinfast.not_null_mart_vehicle_360_vehicle_id.508b621b67)
[0m15:51:25.428473 [debug] [Thread-1 (]: Began compiling node test.vinfast.not_null_mart_vehicle_360_vehicle_id.508b621b67
[0m15:51:25.433569 [debug] [Thread-1 (]: Writing injected SQL for node "test.vinfast.not_null_mart_vehicle_360_vehicle_id.508b621b67"
[0m15:51:25.433569 [debug] [Thread-1 (]: Began executing node test.vinfast.not_null_mart_vehicle_360_vehicle_id.508b621b67
[0m15:51:25.433569 [debug] [Thread-1 (]: Writing runtime sql for node "test.vinfast.not_null_mart_vehicle_360_vehicle_id.508b621b67"
[0m15:51:25.433569 [debug] [Thread-1 (]: dbt_clickhouse adapter: On test.vinfast.not_null_mart_vehicle_360_vehicle_id.508b621b67: /* {"app": "dbt", "dbt_version": "1.12.3", "profile_name": "vinfast", "target_name": "docker", "node_id": "test.vinfast.not_null_mart_vehicle_360_vehicle_id.508b621b67"} */

    
    
    select
      count(*) as failures,
      count(*) != 0 as should_warn,
      count(*) != 0 as should_error
    from (
      
    
  
    
    



select vehicle_id
from `vinfast`.`mart_vehicle_360`
where vehicle_id is null



  
  
    ) dbt_internal_test...
[0m15:51:25.479773 [debug] [Thread-1 (]: dbt_clickhouse adapter: SQL status: OK in 0.05 seconds
[0m15:51:25.479773 [info ] [Thread-1 (]: 20 of 26 PASS not_null_mart_vehicle_360_vehicle_id ............................. [[32mPASS[0m in 0.05s]
[0m15:51:25.479773 [debug] [Thread-1 (]: Finished running node test.vinfast.not_null_mart_vehicle_360_vehicle_id.508b621b67
[0m15:51:25.488327 [debug] [Thread-1 (]: Began running node test.vinfast.relationships_mart_charging_analytics_vehicle_id__vehicle_id__ref_mart_vehicle_360_.92f7008be1
[0m15:51:25.488327 [info ] [Thread-1 (]: 21 of 26 START test relationships_mart_charging_analytics_vehicle_id__vehicle_id__ref_mart_vehicle_360_  [RUN]
[0m15:51:25.488327 [debug] [Thread-1 (]: Re-using an available connection from the pool (formerly test.vinfast.not_null_mart_vehicle_360_vehicle_id.508b621b67, now test.vinfast.relationships_mart_charging_analytics_vehicle_id__vehicle_id__ref_mart_vehicle_360_.92f7008be1)
[0m15:51:25.488327 [debug] [Thread-1 (]: Began compiling node test.vinfast.relationships_mart_charging_analytics_vehicle_id__vehicle_id__ref_mart_vehicle_360_.92f7008be1
[0m15:51:25.498438 [debug] [Thread-1 (]: Writing injected SQL for node "test.vinfast.relationships_mart_charging_analytics_vehicle_id__vehicle_id__ref_mart_vehicle_360_.92f7008be1"
[0m15:51:25.503468 [debug] [Thread-1 (]: Began executing node test.vinfast.relationships_mart_charging_analytics_vehicle_id__vehicle_id__ref_mart_vehicle_360_.92f7008be1
[0m15:51:25.503468 [debug] [Thread-1 (]: Writing runtime sql for node "test.vinfast.relationships_mart_charging_analytics_vehicle_id__vehicle_id__ref_mart_vehicle_360_.92f7008be1"
[0m15:51:25.503468 [debug] [Thread-1 (]: dbt_clickhouse adapter: On test.vinfast.relationships_mart_charging_analytics_vehicle_id__vehicle_id__ref_mart_vehicle_360_.92f7008be1: /* {"app": "dbt", "dbt_version": "1.12.3", "profile_name": "vinfast", "target_name": "docker", "node_id": "test.vinfast.relationships_mart_charging_analytics_vehicle_id__vehicle_id__ref_mart_vehicle_360_.92f7008be1"} */

    
    
    select
      count(*) as failures,
      count(*) != 0 as should_warn,
      count(*) != 0 as should_error
    from (
      
    
  
    
    

with child as (
    select vehicle_id as from_field
    from `vinfast`.`mart_charging_analytics`
    where vehicle_id is not null
),

parent as (
    select vehicle_id as to_field
    from `vinfast`.`mart_vehicle_360`
)

select
    from_field

from child
left join parent
    on child.from_field = parent.to_field

where parent.to_field is null
-- end_of_sql
settings join_use_nulls = 1



  
  
    ) dbt_internal_test...
[0m15:51:25.548436 [debug] [Thread-1 (]: dbt_clickhouse adapter: SQL status: OK in 0.04 seconds
[0m15:51:25.548436 [info ] [Thread-1 (]: 21 of 26 PASS relationships_mart_charging_analytics_vehicle_id__vehicle_id__ref_mart_vehicle_360_  [[32mPASS[0m in 0.06s]
[0m15:51:25.548436 [debug] [Thread-1 (]: Finished running node test.vinfast.relationships_mart_charging_analytics_vehicle_id__vehicle_id__ref_mart_vehicle_360_.92f7008be1
[0m15:51:25.548436 [debug] [Thread-1 (]: Began running node test.vinfast.unique_mart_charging_analytics_session_id.7bde64dec9
[0m15:51:25.548436 [info ] [Thread-1 (]: 22 of 26 START test unique_mart_charging_analytics_session_id .................. [RUN]
[0m15:51:25.548436 [debug] [Thread-1 (]: Re-using an available connection from the pool (formerly test.vinfast.relationships_mart_charging_analytics_vehicle_id__vehicle_id__ref_mart_vehicle_360_.92f7008be1, now test.vinfast.unique_mart_charging_analytics_session_id.7bde64dec9)
[0m15:51:25.558367 [debug] [Thread-1 (]: Began compiling node test.vinfast.unique_mart_charging_analytics_session_id.7bde64dec9
[0m15:51:25.563425 [debug] [Thread-1 (]: Writing injected SQL for node "test.vinfast.unique_mart_charging_analytics_session_id.7bde64dec9"
[0m15:51:25.563425 [debug] [Thread-1 (]: Began executing node test.vinfast.unique_mart_charging_analytics_session_id.7bde64dec9
[0m15:51:25.568443 [debug] [Thread-1 (]: Writing runtime sql for node "test.vinfast.unique_mart_charging_analytics_session_id.7bde64dec9"
[0m15:51:25.568443 [debug] [Thread-1 (]: dbt_clickhouse adapter: On test.vinfast.unique_mart_charging_analytics_session_id.7bde64dec9: /* {"app": "dbt", "dbt_version": "1.12.3", "profile_name": "vinfast", "target_name": "docker", "node_id": "test.vinfast.unique_mart_charging_analytics_session_id.7bde64dec9"} */

    
    
    select
      count(*) as failures,
      count(*) != 0 as should_warn,
      count(*) != 0 as should_error
    from (
      
    
  
    
    

select
    session_id as unique_field,
    count(*) as n_records

from `vinfast`.`mart_charging_analytics`
where session_id is not null
group by session_id
having count(*) > 1



  
  
    ) dbt_internal_test...
[0m15:51:25.618779 [debug] [Thread-1 (]: dbt_clickhouse adapter: SQL status: OK in 0.05 seconds
[0m15:51:25.618779 [info ] [Thread-1 (]: 22 of 26 PASS unique_mart_charging_analytics_session_id ........................ [[32mPASS[0m in 0.07s]
[0m15:51:25.618779 [debug] [Thread-1 (]: Finished running node test.vinfast.unique_mart_charging_analytics_session_id.7bde64dec9
[0m15:51:25.621345 [debug] [Thread-1 (]: Began running node test.vinfast.unique_mart_customer_360_customer_id.5c1d6e23ae
[0m15:51:25.621345 [info ] [Thread-1 (]: 23 of 26 START test unique_mart_customer_360_customer_id ....................... [RUN]
[0m15:51:25.621345 [debug] [Thread-1 (]: Re-using an available connection from the pool (formerly test.vinfast.unique_mart_charging_analytics_session_id.7bde64dec9, now test.vinfast.unique_mart_customer_360_customer_id.5c1d6e23ae)
[0m15:51:25.621345 [debug] [Thread-1 (]: Began compiling node test.vinfast.unique_mart_customer_360_customer_id.5c1d6e23ae
[0m15:51:25.621345 [debug] [Thread-1 (]: Writing injected SQL for node "test.vinfast.unique_mart_customer_360_customer_id.5c1d6e23ae"
[0m15:51:25.628408 [debug] [Thread-1 (]: Began executing node test.vinfast.unique_mart_customer_360_customer_id.5c1d6e23ae
[0m15:51:25.628408 [debug] [Thread-1 (]: Writing runtime sql for node "test.vinfast.unique_mart_customer_360_customer_id.5c1d6e23ae"
[0m15:51:25.628408 [debug] [Thread-1 (]: dbt_clickhouse adapter: On test.vinfast.unique_mart_customer_360_customer_id.5c1d6e23ae: /* {"app": "dbt", "dbt_version": "1.12.3", "profile_name": "vinfast", "target_name": "docker", "node_id": "test.vinfast.unique_mart_customer_360_customer_id.5c1d6e23ae"} */

    
    
    select
      count(*) as failures,
      count(*) != 0 as should_warn,
      count(*) != 0 as should_error
    from (
      
    
  
    
    

select
    customer_id as unique_field,
    count(*) as n_records

from `vinfast`.`mart_customer_360`
where customer_id is not null
group by customer_id
having count(*) > 1



  
  
    ) dbt_internal_test...
[0m15:51:25.668682 [debug] [Thread-1 (]: dbt_clickhouse adapter: SQL status: OK in 0.04 seconds
[0m15:51:25.678607 [error] [Thread-1 (]: 23 of 26 FAIL 35 unique_mart_customer_360_customer_id .......................... [[31mFAIL 35[0m in 0.06s]
[0m15:51:25.678607 [debug] [Thread-1 (]: Finished running node test.vinfast.unique_mart_customer_360_customer_id.5c1d6e23ae
[0m15:51:25.678607 [debug] [Thread-1 (]: Began running node test.vinfast.unique_mart_daily_fleet_activity_date.ea9fa41de8
[0m15:51:25.678607 [info ] [Thread-1 (]: 24 of 26 START test unique_mart_daily_fleet_activity_date ...................... [RUN]
[0m15:51:25.678607 [debug] [Thread-1 (]: Re-using an available connection from the pool (formerly test.vinfast.unique_mart_customer_360_customer_id.5c1d6e23ae, now test.vinfast.unique_mart_daily_fleet_activity_date.ea9fa41de8)
[0m15:51:25.678607 [debug] [Thread-1 (]: Began compiling node test.vinfast.unique_mart_daily_fleet_activity_date.ea9fa41de8
[0m15:51:25.683818 [debug] [Thread-1 (]: Writing injected SQL for node "test.vinfast.unique_mart_daily_fleet_activity_date.ea9fa41de8"
[0m15:51:25.683818 [debug] [Thread-1 (]: Began executing node test.vinfast.unique_mart_daily_fleet_activity_date.ea9fa41de8
[0m15:51:25.688768 [debug] [Thread-1 (]: Writing runtime sql for node "test.vinfast.unique_mart_daily_fleet_activity_date.ea9fa41de8"
[0m15:51:25.688768 [debug] [Thread-1 (]: dbt_clickhouse adapter: On test.vinfast.unique_mart_daily_fleet_activity_date.ea9fa41de8: /* {"app": "dbt", "dbt_version": "1.12.3", "profile_name": "vinfast", "target_name": "docker", "node_id": "test.vinfast.unique_mart_daily_fleet_activity_date.ea9fa41de8"} */

    
    
    select
      count(*) as failures,
      count(*) != 0 as should_warn,
      count(*) != 0 as should_error
    from (
      
    
  
    
    

select
    activity_date as unique_field,
    count(*) as n_records

from `vinfast`.`mart_daily_fleet`
where activity_date is not null
group by activity_date
having count(*) > 1



  
  
    ) dbt_internal_test...
[0m15:51:25.731883 [debug] [Thread-1 (]: dbt_clickhouse adapter: SQL status: OK in 0.04 seconds
[0m15:51:25.738379 [info ] [Thread-1 (]: 24 of 26 PASS unique_mart_daily_fleet_activity_date ............................ [[32mPASS[0m in 0.06s]
[0m15:51:25.738379 [debug] [Thread-1 (]: Finished running node test.vinfast.unique_mart_daily_fleet_activity_date.ea9fa41de8
[0m15:51:25.738379 [debug] [Thread-1 (]: Began running node test.vinfast.unique_mart_sales_pipeline_dealer_id.2bb465ec1c
[0m15:51:25.738379 [info ] [Thread-1 (]: 25 of 26 START test unique_mart_sales_pipeline_dealer_id ....................... [RUN]
[0m15:51:25.738379 [debug] [Thread-1 (]: Re-using an available connection from the pool (formerly test.vinfast.unique_mart_daily_fleet_activity_date.ea9fa41de8, now test.vinfast.unique_mart_sales_pipeline_dealer_id.2bb465ec1c)
[0m15:51:25.738379 [debug] [Thread-1 (]: Began compiling node test.vinfast.unique_mart_sales_pipeline_dealer_id.2bb465ec1c
[0m15:51:25.747732 [debug] [Thread-1 (]: Writing injected SQL for node "test.vinfast.unique_mart_sales_pipeline_dealer_id.2bb465ec1c"
[0m15:51:25.748290 [debug] [Thread-1 (]: Began executing node test.vinfast.unique_mart_sales_pipeline_dealer_id.2bb465ec1c
[0m15:51:25.748811 [debug] [Thread-1 (]: Writing runtime sql for node "test.vinfast.unique_mart_sales_pipeline_dealer_id.2bb465ec1c"
[0m15:51:25.748811 [debug] [Thread-1 (]: dbt_clickhouse adapter: On test.vinfast.unique_mart_sales_pipeline_dealer_id.2bb465ec1c: /* {"app": "dbt", "dbt_version": "1.12.3", "profile_name": "vinfast", "target_name": "docker", "node_id": "test.vinfast.unique_mart_sales_pipeline_dealer_id.2bb465ec1c"} */

    
    
    select
      count(*) as failures,
      count(*) != 0 as should_warn,
      count(*) != 0 as should_error
    from (
      
    
  
    
    

select
    dealer_id as unique_field,
    count(*) as n_records

from `vinfast`.`mart_sales_pipeline`
where dealer_id is not null
group by dealer_id
having count(*) > 1



  
  
    ) dbt_internal_test...
[0m15:51:25.806835 [debug] [Thread-1 (]: dbt_clickhouse adapter: SQL status: OK in 0.06 seconds
[0m15:51:25.810371 [info ] [Thread-1 (]: 25 of 26 PASS unique_mart_sales_pipeline_dealer_id ............................. [[32mPASS[0m in 0.07s]
[0m15:51:25.811374 [debug] [Thread-1 (]: Finished running node test.vinfast.unique_mart_sales_pipeline_dealer_id.2bb465ec1c
[0m15:51:25.812381 [debug] [Thread-1 (]: Began running node test.vinfast.unique_mart_vehicle_360_vehicle_id.dc396ba6fd
[0m15:51:25.812381 [info ] [Thread-1 (]: 26 of 26 START test unique_mart_vehicle_360_vehicle_id ......................... [RUN]
[0m15:51:25.814475 [debug] [Thread-1 (]: Re-using an available connection from the pool (formerly test.vinfast.unique_mart_sales_pipeline_dealer_id.2bb465ec1c, now test.vinfast.unique_mart_vehicle_360_vehicle_id.dc396ba6fd)
[0m15:51:25.814475 [debug] [Thread-1 (]: Began compiling node test.vinfast.unique_mart_vehicle_360_vehicle_id.dc396ba6fd
[0m15:51:25.818609 [debug] [Thread-1 (]: Writing injected SQL for node "test.vinfast.unique_mart_vehicle_360_vehicle_id.dc396ba6fd"
[0m15:51:25.818609 [debug] [Thread-1 (]: Began executing node test.vinfast.unique_mart_vehicle_360_vehicle_id.dc396ba6fd
[0m15:51:25.818609 [debug] [Thread-1 (]: Writing runtime sql for node "test.vinfast.unique_mart_vehicle_360_vehicle_id.dc396ba6fd"
[0m15:51:25.818609 [debug] [Thread-1 (]: dbt_clickhouse adapter: On test.vinfast.unique_mart_vehicle_360_vehicle_id.dc396ba6fd: /* {"app": "dbt", "dbt_version": "1.12.3", "profile_name": "vinfast", "target_name": "docker", "node_id": "test.vinfast.unique_mart_vehicle_360_vehicle_id.dc396ba6fd"} */

    
    
    select
      count(*) as failures,
      count(*) != 0 as should_warn,
      count(*) != 0 as should_error
    from (
      
    
  
    
    

select
    vehicle_id as unique_field,
    count(*) as n_records

from `vinfast`.`mart_vehicle_360`
where vehicle_id is not null
group by vehicle_id
having count(*) > 1



  
  
    ) dbt_internal_test...
[0m15:51:25.868569 [debug] [Thread-1 (]: dbt_clickhouse adapter: SQL status: OK in 0.04 seconds
[0m15:51:25.868569 [info ] [Thread-1 (]: 26 of 26 PASS unique_mart_vehicle_360_vehicle_id ............................... [[32mPASS[0m in 0.05s]
[0m15:51:25.868569 [debug] [Thread-1 (]: Finished running node test.vinfast.unique_mart_vehicle_360_vehicle_id.dc396ba6fd
[0m15:51:25.873597 [debug] [MainThread]: Connection 'master' was properly closed.
[0m15:51:25.873597 [debug] [MainThread]: Connection 'list__vinfast' was left open.
[0m15:51:25.873597 [debug] [MainThread]: On list__vinfast: Close
[0m15:51:25.874602 [debug] [MainThread]: Connection 'test.vinfast.unique_mart_vehicle_360_vehicle_id.dc396ba6fd' was left open.
[0m15:51:25.874602 [debug] [MainThread]: On test.vinfast.unique_mart_vehicle_360_vehicle_id.dc396ba6fd: Close
[0m15:51:25.874602 [info ] [MainThread]: 
[0m15:51:25.874602 [info ] [MainThread]: Finished running 26 data tests in 0 hours 0 minutes and 3.19 seconds (3.19s).
[0m15:51:25.874602 [debug] [MainThread]: Command end result
[0m15:51:25.914649 [debug] [MainThread]: Wrote artifact WritableManifest to D:\DE_prj\Vinfast_v1\dbt_project\target\manifest.json
[0m15:51:25.918672 [debug] [MainThread]: Wrote artifact SemanticManifest to D:\DE_prj\Vinfast_v1\dbt_project\target\semantic_manifest.json
[0m15:51:25.923087 [debug] [MainThread]: Wrote artifact OsiDocument to D:\DE_prj\Vinfast_v1\dbt_project\target\osi_document.json
[0m15:51:25.928620 [debug] [MainThread]: Wrote artifact RunExecutionResult to D:\DE_prj\Vinfast_v1\dbt_project\target\run_results.json
[0m15:51:25.928620 [info ] [MainThread]: 
[0m15:51:25.928620 [info ] [MainThread]: [31mCompleted with 1 error, 0 partial successes, and 0 warnings:[0m
[0m15:51:25.928620 [info ] [MainThread]: 
[0m15:51:25.928620 [error] [MainThread]: [[31mERROR[0m]: in test unique_mart_customer_360_customer_id (models\marts\schema.yml)
[0m15:51:25.928620 [error] [MainThread]:   Got 35 results, configured to fail if != 0
[0m15:51:25.933678 [info ] [MainThread]: 
[0m15:51:25.933678 [info ] [MainThread]:   compiled code at target\compiled\vinfast\models\marts\schema.yml\unique_mart_customer_360_customer_id.sql
[0m15:51:25.933678 [info ] [MainThread]: 
[0m15:51:25.933678 [info ] [MainThread]: Done. PASS=25 WARN=0 ERROR=1 SKIP=0 NO-OP=0 REUSED=0 TOTAL=26
[0m15:51:25.933678 [debug] [MainThread]: Command `python -m dbt.cli.main test` failed at 15:51:25.933678 after 4.19 seconds
[0m15:51:25.933678 [debug] [MainThread]: Sending event: {'category': 'dbt', 'action': 'invocation', 'label': 'end', 'context': [<snowplow_tracker.self_describing_json.SelfDescribingJson object at 0x000002976FC1A260>, <snowplow_tracker.self_describing_json.SelfDescribingJson object at 0x00000297729B0FA0>, <snowplow_tracker.self_describing_json.SelfDescribingJson object at 0x00000297729C56C0>]}
[0m15:51:25.933678 [debug] [MainThread]: Flushing usage events
[0m15:51:26.905304 [debug] [MainThread]: An error was encountered while trying to flush usage events
[0m15:52:13.133327 [debug] [MainThread]: Sending event: {'category': 'dbt', 'action': 'invocation', 'label': 'start', 'context': [<snowplow_tracker.self_describing_json.SelfDescribingJson object at 0x00000125863F74C0>, <snowplow_tracker.self_describing_json.SelfDescribingJson object at 0x0000012588CB8BB0>, <snowplow_tracker.self_describing_json.SelfDescribingJson object at 0x0000012588CB89A0>]}


============================== 15:52:13.136329 | 17863daf-ae36-433c-9a72-1bb7cdb1eb8b ==============================
[0m15:52:13.136329 [info ] [MainThread]: Running with dbt=1.12.3
[0m15:52:13.137327 [debug] [MainThread]: running dbt with arguments {'maximum_seed_size_mib': '1', 'no_print': 'None', 'version_check': 'True', 'target_path': 'None', 'static_parser': 'True', 'warn_error_options': 'WarnErrorOptionsV2(error=[], warn=[], silence=[])', 'printer_width': '80', 'write_json': 'True', 'empty': 'False', 'log_cache_events': 'False', 'introspect': 'True', 'cache_selected_only': 'False', 'fail_fast': 'False', 'debug': 'False', 'log_format': 'default', 'partial_parse': 'True', 'send_anonymous_usage_stats': 'True', 'quiet': 'False', 'warn_error': 'None', 'profiles_dir': '.', 'use_colors': 'True', 'hints_enabled': 'True', 'indirect_selection': 'eager', 'use_experimental_parser': 'False', 'invocation_command': 'dbt run --profiles-dir . --target docker', 'log_path': 'D:\\DE_prj\\Vinfast_v1\\dbt_project\\logs'}
[0m15:52:13.620759 [debug] [MainThread]: Sending event: {'category': 'dbt', 'action': 'project_id', 'label': '17863daf-ae36-433c-9a72-1bb7cdb1eb8b', 'context': [<snowplow_tracker.self_describing_json.SelfDescribingJson object at 0x0000012588CB94B0>]}
[0m15:52:13.836978 [debug] [MainThread]: Sending event: {'category': 'dbt', 'action': 'adapter_info', 'label': '17863daf-ae36-433c-9a72-1bb7cdb1eb8b', 'context': [<snowplow_tracker.self_describing_json.SelfDescribingJson object at 0x0000012588BDD660>]}
[0m15:52:13.841487 [info ] [MainThread]: Registered adapter: clickhouse=1.9.3
[0m15:52:14.919801 [debug] [MainThread]: checksum: 09915bdc41c29a1a682073d27ab01e44f5df6677538e1db23cf8667eab1919cd, vars: {}, profile: vinfast, target: docker, version: 1.12.3
[0m15:52:15.581983 [debug] [MainThread]: Partial parsing enabled: 0 files deleted, 0 files added, 0 files changed.
[0m15:52:15.582983 [debug] [MainThread]: Nothing changed, skipping partial parsing.
[0m15:52:15.583985 [debug] [MainThread]: Partial parsing enabled, no changes found, skipping parsing
[0m15:52:15.614636 [debug] [MainThread]: Sending event: {'category': 'dbt', 'action': 'load_project', 'label': '17863daf-ae36-433c-9a72-1bb7cdb1eb8b', 'context': [<snowplow_tracker.self_describing_json.SelfDescribingJson object at 0x0000012589235030>]}
[0m15:52:16.117264 [debug] [MainThread]: Wrote artifact WritableManifest to D:\DE_prj\Vinfast_v1\dbt_project\target\manifest.json
[0m15:52:16.124068 [debug] [MainThread]: Wrote artifact SemanticManifest to D:\DE_prj\Vinfast_v1\dbt_project\target\semantic_manifest.json
[0m15:52:16.198955 [debug] [MainThread]: Wrote artifact OsiDocument to D:\DE_prj\Vinfast_v1\dbt_project\target\osi_document.json
[0m15:52:16.227838 [debug] [MainThread]: Sending event: {'category': 'dbt', 'action': 'resource_counts', 'label': '17863daf-ae36-433c-9a72-1bb7cdb1eb8b', 'context': [<snowplow_tracker.self_describing_json.SelfDescribingJson object at 0x00000125895FC3A0>]}
[0m15:52:16.228841 [info ] [MainThread]: Found 16 models, 26 data tests, 635 macros
[0m15:52:16.231321 [debug] [MainThread]: Sending event: {'category': 'dbt', 'action': 'runnable_timing', 'label': '17863daf-ae36-433c-9a72-1bb7cdb1eb8b', 'context': [<snowplow_tracker.self_describing_json.SelfDescribingJson object at 0x00000125895FC3A0>]}
[0m15:52:16.235265 [info ] [MainThread]: 
[0m15:52:16.236264 [info ] [MainThread]: Concurrency: 1 threads (target='docker')
[0m15:52:16.237365 [info ] [MainThread]: 
[0m15:52:16.237365 [debug] [MainThread]: Acquiring new clickhouse connection 'master'
[0m15:52:16.260207 [debug] [ThreadPool]: Acquiring new clickhouse connection 'list_'
[0m15:52:16.348997 [debug] [ThreadPool]: Opening a new connection, currently in state init
[0m15:52:17.086380 [debug] [ThreadPool]: dbt_clickhouse adapter: On list_: /* {"app": "dbt", "dbt_version": "1.12.3", "profile_name": "vinfast", "target_name": "docker", "connection_name": "list_"} */

    select name from system.databases
  ...
[0m15:52:17.138533 [debug] [ThreadPool]: dbt_clickhouse adapter: SQL status: OK in 0.05 seconds
[0m15:52:17.337739 [debug] [ThreadPool]: Acquiring new clickhouse connection 'list__vinfast'
[0m15:52:17.348833 [debug] [ThreadPool]: Opening a new connection, currently in state init
[0m15:52:17.867049 [debug] [ThreadPool]: dbt_clickhouse adapter: On list__vinfast: /* {"app": "dbt", "dbt_version": "1.12.3", "profile_name": "vinfast", "target_name": "docker", "connection_name": "list__vinfast"} */
select
      t.name as name,
      t.database as schema,
      multiIf(
        engine in ('MaterializedView', 'View'), 'view',
        engine = 'Dictionary', 'dictionary',
        'table'
      ) as type,
      db.engine as db_engine,0 as is_on_cluster
          from system.tables as t join system.databases as db on t.database = db.name
        where schema = 'vinfast'
      

  ...
[0m15:52:17.916889 [debug] [ThreadPool]: dbt_clickhouse adapter: SQL status: OK in 0.05 seconds
[0m15:52:17.930529 [debug] [MainThread]: Sending event: {'category': 'dbt', 'action': 'runnable_timing', 'label': '17863daf-ae36-433c-9a72-1bb7cdb1eb8b', 'context': [<snowplow_tracker.self_describing_json.SelfDescribingJson object at 0x0000012588C2DE10>]}
[0m15:52:17.938797 [debug] [Thread-1 (]: Began running node model.vinfast.stg_charging_ext
[0m15:52:17.940809 [info ] [Thread-1 (]: 1 of 16 START sql view model `vinfast`.`stg_charging_ext` ...................... [RUN]
[0m15:52:17.943825 [debug] [Thread-1 (]: Acquiring new clickhouse connection 'model.vinfast.stg_charging_ext'
[0m15:52:17.944830 [debug] [Thread-1 (]: Began compiling node model.vinfast.stg_charging_ext
[0m15:52:18.167319 [debug] [Thread-1 (]: Writing injected SQL for node "model.vinfast.stg_charging_ext"
[0m15:52:18.170425 [debug] [Thread-1 (]: Began executing node model.vinfast.stg_charging_ext
[0m15:52:18.202561 [debug] [Thread-1 (]: Relation stg_charging_ext already exists, replacing it
[0m15:52:18.247287 [debug] [Thread-1 (]: Opening a new connection, currently in state init
[0m15:52:18.782443 [debug] [Thread-1 (]: Writing runtime sql for node "model.vinfast.stg_charging_ext"
[0m15:52:18.786964 [debug] [Thread-1 (]: dbt_clickhouse adapter: On model.vinfast.stg_charging_ext: /* {"app": "dbt", "dbt_version": "1.12.3", "profile_name": "vinfast", "target_name": "docker", "node_id": "model.vinfast.stg_charging_ext"} */


  create or replace view `vinfast`.`stg_charging_ext` 
  
    
  
  
    
    
  as (
    

select
    session_id,
    vin,
    vehicle_id,
    station_id,
    connector_id,
    charger_type,
    started_at,
    ended_at,
    kwh_delivered,
    cost_vnd,
    payment_method,
    duration_min,
    duration_hours,
    avg_power_kw,
    cost_per_kwh_vnd,
    is_fast_charge,
    source
from s3('http://minio:9000/vinfast-silver/charging_ext/*/data.parquet', 'vinfast', 'vinfast123', 'Parquet',
    'session_id String, vin Nullable(String), vehicle_id Nullable(String), station_id String, connector_id String, charger_type String, started_at DateTime64(3), ended_at DateTime64(3), kwh_delivered Float64, cost_vnd Int64, payment_method String, duration_min Float64, duration_hours Float64, avg_power_kw Nullable(Float64), cost_per_kwh_vnd Nullable(Float64), is_fast_charge Bool, source String, year Nullable(Int32), month Nullable(Int32), day Nullable(Int32)')
    
  )
      
      
                    -- end_of_sql
                    
                    ...
[0m15:52:18.844584 [debug] [Thread-1 (]: dbt_clickhouse adapter: SQL status: OK in 0.06 seconds
[0m15:52:18.894845 [debug] [Thread-1 (]: Sending event: {'category': 'dbt', 'action': 'run_model', 'label': '17863daf-ae36-433c-9a72-1bb7cdb1eb8b', 'context': [<snowplow_tracker.self_describing_json.SelfDescribingJson object at 0x0000012584075360>]}
[0m15:52:18.895845 [info ] [Thread-1 (]: 1 of 16 OK created sql view model `vinfast`.`stg_charging_ext` ................. [[32mOK[0m in 0.95s]
[0m15:52:18.898392 [debug] [Thread-1 (]: Finished running node model.vinfast.stg_charging_ext
[0m15:52:18.900399 [debug] [Thread-1 (]: Began running node model.vinfast.stg_charging_sessions
[0m15:52:18.902400 [info ] [Thread-1 (]: 2 of 16 START sql view model `vinfast`.`stg_charging_sessions` ................. [RUN]
[0m15:52:18.904416 [debug] [Thread-1 (]: Re-using an available connection from the pool (formerly model.vinfast.stg_charging_ext, now model.vinfast.stg_charging_sessions)
[0m15:52:18.905396 [debug] [Thread-1 (]: Began compiling node model.vinfast.stg_charging_sessions
[0m15:52:18.909497 [debug] [Thread-1 (]: Writing injected SQL for node "model.vinfast.stg_charging_sessions"
[0m15:52:18.912482 [debug] [Thread-1 (]: Began executing node model.vinfast.stg_charging_sessions
[0m15:52:18.916496 [debug] [Thread-1 (]: Relation stg_charging_sessions already exists, replacing it
[0m15:52:18.920995 [debug] [Thread-1 (]: Writing runtime sql for node "model.vinfast.stg_charging_sessions"
[0m15:52:18.924002 [debug] [Thread-1 (]: dbt_clickhouse adapter: On model.vinfast.stg_charging_sessions: /* {"app": "dbt", "dbt_version": "1.12.3", "profile_name": "vinfast", "target_name": "docker", "node_id": "model.vinfast.stg_charging_sessions"} */


  create or replace view `vinfast`.`stg_charging_sessions` 
  
    
  
  
    
    
  as (
    

-- Staging charging sessions (mạng VinFast nội bộ, trích từ telemetry):
-- đọc Silver Parquet trực tiếp từ MinIO. Các cột phái sinh (avg_power_kw,
-- cost_per_kwh_vnd, is_fast_charge, charge_efficiency_pct) do plugin
-- charging_internal tính ở tầng Silver; tầng dbt chỉ giới hạn hiệu suất 0-200%.
select
    session_id,
    vehicle_id,
    station_id,
    charger_type,
    power_kw,
    started_at,
    ended_at,
    duration_min,
    duration_min / 60.0 as duration_hours,
    kwh_delivered,
    start_soc_pct,
    end_soc_pct,
    cost_vnd,
    payment_method,
    avg_power_kw,
    cost_per_kwh_vnd,
    is_fast_charge,
    least(greatest(charge_efficiency_pct, 0), 200) as charge_efficiency_pct
from s3('http://minio:9000/vinfast-silver/charging_internal/*/data.parquet', 'vinfast', 'vinfast123', 'Parquet', 'session_id String, vehicle_id String, station_id String, charger_type String, power_kw Nullable(Float64), started_at DateTime64(3), ended_at DateTime64(3), duration_min Float64, kwh_delivered Float64, start_soc_pct Nullable(Float64), end_soc_pct Nullable(Float64), cost_vnd Int64, payment_method String, battery_kwh Nullable(Float64), duration_hours Nullable(Float64), avg_power_kw Nullable(Float64), cost_per_kwh_vnd Nullable(Float64), is_fast_charge Bool, charge_efficiency_pct Nullable(Float64), year Nullable(Int32), month Nullable(Int32), day Nullable(Int32)')
where session_id IS NOT NULL
  and vehicle_id IS NOT NULL
  and started_at IS NOT NULL
  and ended_at IS NOT NULL
    
  )
      
      
                    -- end_of_sql
                    
                    ...
[0m15:52:18.984486 [debug] [Thread-1 (]: dbt_clickhouse adapter: SQL status: OK in 0.06 seconds
[0m15:52:18.999151 [debug] [Thread-1 (]: Sending event: {'category': 'dbt', 'action': 'run_model', 'label': '17863daf-ae36-433c-9a72-1bb7cdb1eb8b', 'context': [<snowplow_tracker.self_describing_json.SelfDescribingJson object at 0x0000012587146D40>]}
[0m15:52:19.001801 [info ] [Thread-1 (]: 2 of 16 OK created sql view model `vinfast`.`stg_charging_sessions` ............ [[32mOK[0m in 0.10s]
[0m15:52:19.006047 [debug] [Thread-1 (]: Finished running node model.vinfast.stg_charging_sessions
[0m15:52:19.007554 [debug] [Thread-1 (]: Began running node model.vinfast.stg_crm_customers
[0m15:52:19.010094 [info ] [Thread-1 (]: 3 of 16 START sql view model `vinfast`.`stg_crm_customers` ..................... [RUN]
[0m15:52:19.012122 [debug] [Thread-1 (]: Re-using an available connection from the pool (formerly model.vinfast.stg_charging_sessions, now model.vinfast.stg_crm_customers)
[0m15:52:19.014121 [debug] [Thread-1 (]: Began compiling node model.vinfast.stg_crm_customers
[0m15:52:19.017099 [debug] [Thread-1 (]: Writing injected SQL for node "model.vinfast.stg_crm_customers"
[0m15:52:19.019636 [debug] [Thread-1 (]: Began executing node model.vinfast.stg_crm_customers
[0m15:52:19.022666 [debug] [Thread-1 (]: Relation stg_crm_customers already exists, replacing it
[0m15:52:19.025653 [debug] [Thread-1 (]: Writing runtime sql for node "model.vinfast.stg_crm_customers"
[0m15:52:19.028141 [debug] [Thread-1 (]: dbt_clickhouse adapter: On model.vinfast.stg_crm_customers: /* {"app": "dbt", "dbt_version": "1.12.3", "profile_name": "vinfast", "target_name": "docker", "node_id": "model.vinfast.stg_crm_customers"} */


  create or replace view `vinfast`.`stg_crm_customers` 
  
    
  
  
    
    
  as (
    

-- Staging CRM customers: reads Silver parquet from MinIO via s3() glob for date partitions (excludes stale no-date key)
select
    customer_id,
    phone,
    name,
    email,
    status,
    nullIf(city_code, '') as city_code,
    registered_at,
    crm_customer_code
from s3('http://minio:9000/vinfast-silver/crm/customer/*/data.parquet', 'vinfast', 'vinfast123', 'Parquet',
    'customer_id String, phone String, name String, email Nullable(String), status String, city_code String, registered_at DateTime64(3), crm_customer_code String, year Nullable(Int32), month Nullable(Int32)')
    
  )
      
      
                    -- end_of_sql
                    
                    ...
[0m15:52:19.081960 [debug] [Thread-1 (]: dbt_clickhouse adapter: SQL status: OK in 0.05 seconds
[0m15:52:19.088491 [debug] [Thread-1 (]: Sending event: {'category': 'dbt', 'action': 'run_model', 'label': '17863daf-ae36-433c-9a72-1bb7cdb1eb8b', 'context': [<snowplow_tracker.self_describing_json.SelfDescribingJson object at 0x00000125862CA1D0>]}
[0m15:52:19.089497 [info ] [Thread-1 (]: 3 of 16 OK created sql view model `vinfast`.`stg_crm_customers` ................ [[32mOK[0m in 0.08s]
[0m15:52:19.091513 [debug] [Thread-1 (]: Finished running node model.vinfast.stg_crm_customers
[0m15:52:19.093514 [debug] [Thread-1 (]: Began running node model.vinfast.stg_crm_interactions
[0m15:52:19.094499 [info ] [Thread-1 (]: 4 of 16 START sql view model `vinfast`.`stg_crm_interactions` .................. [RUN]
[0m15:52:19.097016 [debug] [Thread-1 (]: Re-using an available connection from the pool (formerly model.vinfast.stg_crm_customers, now model.vinfast.stg_crm_interactions)
[0m15:52:19.099093 [debug] [Thread-1 (]: Began compiling node model.vinfast.stg_crm_interactions
[0m15:52:19.103252 [debug] [Thread-1 (]: Writing injected SQL for node "model.vinfast.stg_crm_interactions"
[0m15:52:19.106161 [debug] [Thread-1 (]: Began executing node model.vinfast.stg_crm_interactions
[0m15:52:19.109797 [debug] [Thread-1 (]: Relation stg_crm_interactions already exists, replacing it
[0m15:52:19.113421 [debug] [Thread-1 (]: Writing runtime sql for node "model.vinfast.stg_crm_interactions"
[0m15:52:19.116434 [debug] [Thread-1 (]: dbt_clickhouse adapter: On model.vinfast.stg_crm_interactions: /* {"app": "dbt", "dbt_version": "1.12.3", "profile_name": "vinfast", "target_name": "docker", "node_id": "model.vinfast.stg_crm_interactions"} */


  create or replace view `vinfast`.`stg_crm_interactions` 
  
    
  
  
    
    
  as (
    

select
    interaction_id,
    phone,
    customer_id,
    type,
    occurred_at,
    outcome,
    agent,
    notes
from s3('http://minio:9000/vinfast-silver/crm/interaction/*/data.parquet', 'vinfast', 'vinfast123', 'Parquet',
    'interaction_id String, phone String, customer_id String, type String, occurred_at DateTime64(3), outcome String, agent String, notes String, year Nullable(Int32), month Nullable(Int32)')
    
  )
      
      
                    -- end_of_sql
                    
                    ...
[0m15:52:19.174893 [debug] [Thread-1 (]: dbt_clickhouse adapter: SQL status: OK in 0.06 seconds
[0m15:52:19.180400 [debug] [Thread-1 (]: Sending event: {'category': 'dbt', 'action': 'run_model', 'label': '17863daf-ae36-433c-9a72-1bb7cdb1eb8b', 'context': [<snowplow_tracker.self_describing_json.SelfDescribingJson object at 0x0000012587146D40>]}
[0m15:52:19.182402 [info ] [Thread-1 (]: 4 of 16 OK created sql view model `vinfast`.`stg_crm_interactions` ............. [[32mOK[0m in 0.08s]
[0m15:52:19.184418 [debug] [Thread-1 (]: Finished running node model.vinfast.stg_crm_interactions
[0m15:52:19.186407 [debug] [Thread-1 (]: Began running node model.vinfast.stg_dms_dealers
[0m15:52:19.188418 [info ] [Thread-1 (]: 5 of 16 START sql view model `vinfast`.`stg_dms_dealers` ....................... [RUN]
[0m15:52:19.189631 [debug] [Thread-1 (]: Re-using an available connection from the pool (formerly model.vinfast.stg_crm_interactions, now model.vinfast.stg_dms_dealers)
[0m15:52:19.190655 [debug] [Thread-1 (]: Began compiling node model.vinfast.stg_dms_dealers
[0m15:52:19.195652 [debug] [Thread-1 (]: Writing injected SQL for node "model.vinfast.stg_dms_dealers"
[0m15:52:19.197640 [debug] [Thread-1 (]: Began executing node model.vinfast.stg_dms_dealers
[0m15:52:19.202186 [debug] [Thread-1 (]: Relation stg_dms_dealers already exists, replacing it
[0m15:52:19.206175 [debug] [Thread-1 (]: Writing runtime sql for node "model.vinfast.stg_dms_dealers"
[0m15:52:19.210229 [debug] [Thread-1 (]: dbt_clickhouse adapter: On model.vinfast.stg_dms_dealers: /* {"app": "dbt", "dbt_version": "1.12.3", "profile_name": "vinfast", "target_name": "docker", "node_id": "model.vinfast.stg_dms_dealers"} */


  create or replace view `vinfast`.`stg_dms_dealers` 
  
    
  
  
    
    
  as (
    

select
    dealer_id,
    name,
    nullIf(city_code, '') as city_code,
    address,
    lat,
    lon,
    type
from s3('http://minio:9000/vinfast-silver/dms/dealer/*/data.parquet', 'vinfast', 'vinfast123', 'Parquet',
    'dealer_id String, name String, city_code String, address String, lat Float64, lon Float64, type String, year Nullable(Int32), month Nullable(Int32)')
    
  )
      
      
                    -- end_of_sql
                    
                    ...
[0m15:52:19.266012 [debug] [Thread-1 (]: dbt_clickhouse adapter: SQL status: OK in 0.05 seconds
[0m15:52:19.272579 [debug] [Thread-1 (]: Sending event: {'category': 'dbt', 'action': 'run_model', 'label': '17863daf-ae36-433c-9a72-1bb7cdb1eb8b', 'context': [<snowplow_tracker.self_describing_json.SelfDescribingJson object at 0x0000012587146D40>]}
[0m15:52:19.275560 [info ] [Thread-1 (]: 5 of 16 OK created sql view model `vinfast`.`stg_dms_dealers` .................. [[32mOK[0m in 0.08s]
[0m15:52:19.276544 [debug] [Thread-1 (]: Finished running node model.vinfast.stg_dms_dealers
[0m15:52:19.277570 [debug] [Thread-1 (]: Began running node model.vinfast.stg_dms_sales_orders
[0m15:52:19.279726 [info ] [Thread-1 (]: 6 of 16 START sql view model `vinfast`.`stg_dms_sales_orders` .................. [RUN]
[0m15:52:19.281708 [debug] [Thread-1 (]: Re-using an available connection from the pool (formerly model.vinfast.stg_dms_dealers, now model.vinfast.stg_dms_sales_orders)
[0m15:52:19.282705 [debug] [Thread-1 (]: Began compiling node model.vinfast.stg_dms_sales_orders
[0m15:52:19.288696 [debug] [Thread-1 (]: Writing injected SQL for node "model.vinfast.stg_dms_sales_orders"
[0m15:52:19.291226 [debug] [Thread-1 (]: Began executing node model.vinfast.stg_dms_sales_orders
[0m15:52:19.294222 [debug] [Thread-1 (]: Relation stg_dms_sales_orders already exists, replacing it
[0m15:52:19.298761 [debug] [Thread-1 (]: Writing runtime sql for node "model.vinfast.stg_dms_sales_orders"
[0m15:52:19.301779 [debug] [Thread-1 (]: dbt_clickhouse adapter: On model.vinfast.stg_dms_sales_orders: /* {"app": "dbt", "dbt_version": "1.12.3", "profile_name": "vinfast", "target_name": "docker", "node_id": "model.vinfast.stg_dms_sales_orders"} */


  create or replace view `vinfast`.`stg_dms_sales_orders` 
  
    
  
  
    
    
  as (
    

select
    order_id,
    vin,
    vehicle_id,
    dealer_id,
    phone,
    sold_at,
    model,
    color,
    price_vnd,
    payment_method,
    warranty_start
from s3('http://minio:9000/vinfast-silver/dms/sales_order/*/data.parquet', 'vinfast', 'vinfast123', 'Parquet',
    'order_id String, vin String, vehicle_id Nullable(String), dealer_id String, phone String, sold_at String, model String, color String, price_vnd Float64, payment_method String, warranty_start String')
    
  )
      
      
                    -- end_of_sql
                    
                    ...
[0m15:52:19.354805 [debug] [Thread-1 (]: dbt_clickhouse adapter: SQL status: OK in 0.05 seconds
[0m15:52:19.358840 [debug] [Thread-1 (]: Sending event: {'category': 'dbt', 'action': 'run_model', 'label': '17863daf-ae36-433c-9a72-1bb7cdb1eb8b', 'context': [<snowplow_tracker.self_describing_json.SelfDescribingJson object at 0x0000012587146D40>]}
[0m15:52:19.359443 [info ] [Thread-1 (]: 6 of 16 OK created sql view model `vinfast`.`stg_dms_sales_orders` ............. [[32mOK[0m in 0.08s]
[0m15:52:19.360460 [debug] [Thread-1 (]: Finished running node model.vinfast.stg_dms_sales_orders
[0m15:52:19.361469 [debug] [Thread-1 (]: Began running node model.vinfast.stg_telemetry
[0m15:52:19.362467 [info ] [Thread-1 (]: 7 of 16 START sql view model `vinfast`.`stg_telemetry` ......................... [RUN]
[0m15:52:19.362467 [debug] [Thread-1 (]: Re-using an available connection from the pool (formerly model.vinfast.stg_dms_sales_orders, now model.vinfast.stg_telemetry)
[0m15:52:19.363717 [debug] [Thread-1 (]: Began compiling node model.vinfast.stg_telemetry
[0m15:52:19.366722 [debug] [Thread-1 (]: Writing injected SQL for node "model.vinfast.stg_telemetry"
[0m15:52:19.367723 [debug] [Thread-1 (]: Began executing node model.vinfast.stg_telemetry
[0m15:52:19.369388 [debug] [Thread-1 (]: Relation stg_telemetry already exists, replacing it
[0m15:52:19.372420 [debug] [Thread-1 (]: Writing runtime sql for node "model.vinfast.stg_telemetry"
[0m15:52:19.373416 [debug] [Thread-1 (]: dbt_clickhouse adapter: On model.vinfast.stg_telemetry: /* {"app": "dbt", "dbt_version": "1.12.3", "profile_name": "vinfast", "target_name": "docker", "node_id": "model.vinfast.stg_telemetry"} */


  create or replace view `vinfast`.`stg_telemetry` 
  
    
  
  
    
    
  as (
    

-- Staging telemetry: đọc Silver Parquet trực tiếp từ MinIO (lakehouse path,
-- không qua bảng raw_* trung gian trong ClickHouse).
-- Biểu thức glob */data.parquet phủ mọi phân vùng ngày (batch_date key).
select
    vehicle_id,
    event_timestamp,
    model,
    type,
    battery_soc_pct,
    battery_soh_pct,
    battery_temp_c,
    battery_temp_avg_c,
    battery_temp_max_c,
    charging_status,
    speed_kmh,
    odometer_km,
    motor_rpm,
    motor_temp_c,
    inverter_temp_c,
    gear_mode,
    latitude,
    longitude,
    acceleration_x,
    acceleration_y,
    acceleration_z,
    lock_status,
    cabin_temp_c,
    hvac_power_kw,
    airbag_deployed,
    tire_pressure_fl_bar,
    tire_pressure_fr_bar,
    tire_pressure_rl_bar,
    tire_pressure_rr_bar,
    tire_pressure_min_bar,
    ambient_temp_c,
    is_charging,
    charging_power_kw,
    ignition_on,
    is_driving,
    is_idle,
    tire_pressure_alert,
    battery_temp_alert,
    high_speed_event,
    hard_brake_event,
    -- derived: true driving event (not idle, not charging)
    (is_driving AND NOT is_charging) as is_driving_event
from s3('http://minio:9000/vinfast-silver/telemetry/*/data.parquet', 'vinfast', 'vinfast123', 'Parquet', 'vehicle_id String, event_timestamp DateTime64(3), model String, type String, battery_soc_pct Float64, battery_soh_pct Float64, battery_temp_c Float64, battery_temp_avg_c Float64, battery_temp_max_c Float64, charging_status String, speed_kmh Float64, odometer_km Float64, motor_rpm Int32, motor_temp_c Float64, inverter_temp_c Float64, gear_mode String, latitude Float64, longitude Float64, acceleration_x Float64, acceleration_y Float64, acceleration_z Float64, lock_status String, cabin_temp_c Nullable(Float64), hvac_power_kw Float64, airbag_deployed Bool, tire_pressure_fl_bar Nullable(Float64), tire_pressure_fr_bar Nullable(Float64), tire_pressure_rl_bar Nullable(Float64), tire_pressure_rr_bar Nullable(Float64), ambient_temp_c Float64, is_charging Bool, charging_power_kw Float64, ignition_on Bool, is_driving Bool, is_idle Bool, tire_pressure_min_bar Nullable(Float64), tire_pressure_alert Bool, battery_temp_alert Bool, high_speed_event Bool, hard_brake_event Bool, year Nullable(Int32), month Nullable(Int32), day Nullable(Int32)')
where vehicle_id IS NOT NULL
  and event_timestamp IS NOT NULL
    
  )
      
      
                    -- end_of_sql
                    
                    ...
[0m15:52:19.435416 [debug] [Thread-1 (]: dbt_clickhouse adapter: SQL status: OK in 0.06 seconds
[0m15:52:19.443955 [debug] [Thread-1 (]: Sending event: {'category': 'dbt', 'action': 'run_model', 'label': '17863daf-ae36-433c-9a72-1bb7cdb1eb8b', 'context': [<snowplow_tracker.self_describing_json.SelfDescribingJson object at 0x000001258978FA30>]}
[0m15:52:19.445959 [info ] [Thread-1 (]: 7 of 16 OK created sql view model `vinfast`.`stg_telemetry` .................... [[32mOK[0m in 0.08s]
[0m15:52:19.448472 [debug] [Thread-1 (]: Finished running node model.vinfast.stg_telemetry
[0m15:52:19.451501 [debug] [Thread-1 (]: Began running node model.vinfast.stg_vehicles
[0m15:52:19.453481 [info ] [Thread-1 (]: 8 of 16 START sql view model `vinfast`.`stg_vehicles` .......................... [RUN]
[0m15:52:19.455478 [debug] [Thread-1 (]: Re-using an available connection from the pool (formerly model.vinfast.stg_telemetry, now model.vinfast.stg_vehicles)
[0m15:52:19.456477 [debug] [Thread-1 (]: Began compiling node model.vinfast.stg_vehicles
[0m15:52:19.462023 [debug] [Thread-1 (]: Writing injected SQL for node "model.vinfast.stg_vehicles"
[0m15:52:19.465006 [debug] [Thread-1 (]: Began executing node model.vinfast.stg_vehicles
[0m15:52:19.467028 [debug] [Thread-1 (]: Relation stg_vehicles already exists, replacing it
[0m15:52:19.472563 [debug] [Thread-1 (]: Writing runtime sql for node "model.vinfast.stg_vehicles"
[0m15:52:19.476566 [debug] [Thread-1 (]: dbt_clickhouse adapter: On model.vinfast.stg_vehicles: /* {"app": "dbt", "dbt_version": "1.12.3", "profile_name": "vinfast", "target_name": "docker", "node_id": "model.vinfast.stg_vehicles"} */


  create or replace view `vinfast`.`stg_vehicles` 
  
    
  
  
    
    
  as (
    

-- Staging vehicles: đọc snapshot dimension từ MinIO Silver (entities pipeline),
-- join users để lấy thông tin chủ sở hữu. Các chỉ số thống kê vận hành
-- (total_events, avg_soc_pct, ...) không lưu trong dimension mà tính
-- trực tiếp từ stg_telemetry ở tầng intermediate/marts.
select
    v.vehicle_id,
    v.u_id,
    v.model,
    v.type,
    v.city_code,
    v.battery_kwh,
    v.battery_soh_pct,
    v.odometer_start_km,
    v.years_old,
    v.home_lat,
    v.home_lon,
    v.work_lat,
    v.work_lon,
    u.name as owner_name,
    u.phone as owner_phone
from s3('http://minio:9000/vinfast-silver/entities/vehicles/data.parquet', 'vinfast', 'vinfast123', 'Parquet', 'vehicle_id String, u_id String, model String, type String, city_code String, home_lat Float64, home_lon Float64, work_lat Float64, work_lon Float64, battery_kwh Float64, odometer_start_km Float64, tire_pressure_base_bar Float64, battery_soh_pct Float64, years_old Float64') as v
left join s3('http://minio:9000/vinfast-silver/entities/users/data.parquet', 'vinfast', 'vinfast123', 'Parquet', 'u_id String, name String, phone String') as u
    on v.u_id = u.u_id
where v.vehicle_id IS NOT NULL
    
  )
      
      
                    -- end_of_sql
                    
                    ...
[0m15:52:19.537702 [debug] [Thread-1 (]: dbt_clickhouse adapter: SQL status: OK in 0.06 seconds
[0m15:52:19.542720 [debug] [Thread-1 (]: Sending event: {'category': 'dbt', 'action': 'run_model', 'label': '17863daf-ae36-433c-9a72-1bb7cdb1eb8b', 'context': [<snowplow_tracker.self_describing_json.SelfDescribingJson object at 0x00000125895E2B60>]}
[0m15:52:19.545036 [info ] [Thread-1 (]: 8 of 16 OK created sql view model `vinfast`.`stg_vehicles` ..................... [[32mOK[0m in 0.09s]
[0m15:52:19.549085 [debug] [Thread-1 (]: Finished running node model.vinfast.stg_vehicles
[0m15:52:19.553121 [debug] [Thread-1 (]: Began running node model.vinfast.mart_charging_revenue
[0m15:52:19.556122 [info ] [Thread-1 (]: 9 of 16 START sql table model `vinfast`.`mart_charging_revenue` ................ [RUN]
[0m15:52:19.558125 [debug] [Thread-1 (]: Re-using an available connection from the pool (formerly model.vinfast.stg_vehicles, now model.vinfast.mart_charging_revenue)
[0m15:52:19.559659 [debug] [Thread-1 (]: Began compiling node model.vinfast.mart_charging_revenue
[0m15:52:19.587391 [debug] [Thread-1 (]: Writing injected SQL for node "model.vinfast.mart_charging_revenue"
[0m15:52:19.607804 [debug] [Thread-1 (]: Began executing node model.vinfast.mart_charging_revenue
[0m15:52:19.829800 [debug] [Thread-1 (]: dbt_clickhouse adapter: On model.vinfast.mart_charging_revenue: /* {"app": "dbt", "dbt_version": "1.12.3", "profile_name": "vinfast", "target_name": "docker", "node_id": "model.vinfast.mart_charging_revenue"} */

            

    
        create table `vinfast`.`mart_charging_revenue__dbt_backup`
        
  
        
  engine = MergeTree()
        
      order by (tuple())
        
        
        
        
                    -- end_of_sql
                    SETTINGS replicated_deduplication_window='0'

                    
            empty
          as (
            

select
    station_id,
    charger_type,
    count(*) as session_count,
    sum(kwh_delivered) as total_kwh,
    sum(cost_vnd) as total_revenue_vnd,
    avg(kwh_delivered) as avg_kwh
from `vinfast`.`stg_charging_ext`
group by station_id, charger_type
          )
        
        ...
[0m15:52:19.900799 [debug] [Thread-1 (]: dbt_clickhouse adapter: SQL status: OK in 0.07 seconds
[0m15:52:19.938548 [debug] [Thread-1 (]: dbt_clickhouse adapter: On model.vinfast.mart_charging_revenue: /* {"app": "dbt", "dbt_version": "1.12.3", "profile_name": "vinfast", "target_name": "docker", "node_id": "model.vinfast.mart_charging_revenue"} */

    select name, type from system.columns where table = 'mart_charging_revenue__dbt_backup'
    
      and database = 'vinfast'
    
    order by position
  ...
[0m15:52:19.985156 [debug] [Thread-1 (]: dbt_clickhouse adapter: SQL status: OK in 0.05 seconds
[0m15:52:19.994231 [debug] [Thread-1 (]: Writing runtime sql for node "model.vinfast.mart_charging_revenue"
[0m15:52:19.997215 [debug] [Thread-1 (]: dbt_clickhouse adapter: On model.vinfast.mart_charging_revenue: /* {"app": "dbt", "dbt_version": "1.12.3", "profile_name": "vinfast", "target_name": "docker", "node_id": "model.vinfast.mart_charging_revenue"} */

  
    
    
    
        
         


        insert into `vinfast`.`mart_charging_revenue__dbt_backup`
        ("station_id", "charger_type", "session_count", "total_kwh", "total_revenue_vnd", "avg_kwh")

select
    station_id,
    charger_type,
    count(*) as session_count,
    sum(kwh_delivered) as total_kwh,
    sum(cost_vnd) as total_revenue_vnd,
    avg(kwh_delivered) as avg_kwh
from `vinfast`.`stg_charging_ext`
group by station_id, charger_type
  ...
[0m15:52:20.058627 [debug] [Thread-1 (]: dbt_clickhouse adapter: SQL status: OK in 0.06 seconds
[0m15:52:20.065880 [debug] [Thread-1 (]: dbt_clickhouse adapter: On model.vinfast.mart_charging_revenue: /* {"app": "dbt", "dbt_version": "1.12.3", "profile_name": "vinfast", "target_name": "docker", "node_id": "model.vinfast.mart_charging_revenue"} */
EXCHANGE TABLES `vinfast`.`mart_charging_revenue__dbt_backup` AND `vinfast`.`mart_charging_revenue` 
  
  ...
[0m15:52:20.113084 [debug] [Thread-1 (]: dbt_clickhouse adapter: SQL status: OK in 0.05 seconds
[0m15:52:20.132030 [debug] [Thread-1 (]: dbt_clickhouse adapter: On model.vinfast.mart_charging_revenue: /* {"app": "dbt", "dbt_version": "1.12.3", "profile_name": "vinfast", "target_name": "docker", "node_id": "model.vinfast.mart_charging_revenue"} */
drop table if exists `vinfast`.`mart_charging_revenue__dbt_backup` 
  ...
[0m15:52:20.184225 [debug] [Thread-1 (]: dbt_clickhouse adapter: SQL status: OK in 0.05 seconds
[0m15:52:20.221719 [debug] [Thread-1 (]: Sending event: {'category': 'dbt', 'action': 'run_model', 'label': '17863daf-ae36-433c-9a72-1bb7cdb1eb8b', 'context': [<snowplow_tracker.self_describing_json.SelfDescribingJson object at 0x000001258978FA30>]}
[0m15:52:20.238414 [info ] [Thread-1 (]: 9 of 16 OK created sql table model `vinfast`.`mart_charging_revenue` ........... [[32mOK[0m in 0.65s]
[0m15:52:20.248974 [debug] [Thread-1 (]: Finished running node model.vinfast.mart_charging_revenue
[0m15:52:20.259503 [debug] [Thread-1 (]: Began running node model.vinfast.mart_customer_360
[0m15:52:20.276718 [info ] [Thread-1 (]: 10 of 16 START sql table model `vinfast`.`mart_customer_360` ................... [RUN]
[0m15:52:20.278736 [debug] [Thread-1 (]: Re-using an available connection from the pool (formerly model.vinfast.mart_charging_revenue, now model.vinfast.mart_customer_360)
[0m15:52:20.279925 [debug] [Thread-1 (]: Began compiling node model.vinfast.mart_customer_360
[0m15:52:20.286932 [debug] [Thread-1 (]: Writing injected SQL for node "model.vinfast.mart_customer_360"
[0m15:52:20.289445 [debug] [Thread-1 (]: Began executing node model.vinfast.mart_customer_360
[0m15:52:20.296471 [debug] [Thread-1 (]: dbt_clickhouse adapter: On model.vinfast.mart_customer_360: /* {"app": "dbt", "dbt_version": "1.12.3", "profile_name": "vinfast", "target_name": "docker", "node_id": "model.vinfast.mart_customer_360"} */

            

    
        create table `vinfast`.`mart_customer_360__dbt_backup`
        
  
        
  engine = MergeTree()
        
      order by (tuple())
        
        
        
        
                    -- end_of_sql
                    SETTINGS replicated_deduplication_window='0'

                    
            empty
          as (
            

with customers as (
    select * from `vinfast`.`stg_crm_customers`
),
interactions_agg as (
    select
        customer_id,
        count(*) as interaction_count,
        max(occurred_at) as last_interaction_at,
        countIf(type = 'test_drive') as test_drive_count
    from `vinfast`.`stg_crm_interactions`
    group by customer_id
),
orders as (
    select
        phone,
        count(*) as order_count,
        sum(price_vnd) as total_spent_vnd,
        max(sold_at) as last_purchase_at
    from `vinfast`.`stg_dms_sales_orders`
    group by phone
)

select
    c.customer_id as customer_id,
    c.phone as phone,
    c.name as name,
    c.email as email,
    c.status as status,
    c.city_code as city_code,
    c.registered_at as registered_at,
    coalesce(i.interaction_count, 0) as interaction_count,
    i.last_interaction_at,
    i.test_drive_count,
    coalesce(o.order_count, 0) as order_count,
    o.total_spent_vnd,
    o.last_purchase_at,
    case
        when o.order_count > 0 then 'customer'
        when coalesce(i.test_drive_count, 0) > 0 then 'prospect_hot'
        when coalesce(i.interaction_count, 0) > 2 then 'prospect_warm'
        else 'lead'
    end as lifecycle_stage
from customers c
left join interactions_agg i on c.customer_id = i.customer_id
left join orders o on c.phone = o.phone
          )
        
        ...
[0m15:52:20.358805 [debug] [Thread-1 (]: dbt_clickhouse adapter: SQL status: OK in 0.06 seconds
[0m15:52:20.365457 [debug] [Thread-1 (]: dbt_clickhouse adapter: On model.vinfast.mart_customer_360: /* {"app": "dbt", "dbt_version": "1.12.3", "profile_name": "vinfast", "target_name": "docker", "node_id": "model.vinfast.mart_customer_360"} */

    select name, type from system.columns where table = 'mart_customer_360__dbt_backup'
    
      and database = 'vinfast'
    
    order by position
  ...
[0m15:52:20.413918 [debug] [Thread-1 (]: dbt_clickhouse adapter: SQL status: OK in 0.05 seconds
[0m15:52:20.416902 [debug] [Thread-1 (]: Writing runtime sql for node "model.vinfast.mart_customer_360"
[0m15:52:20.418431 [debug] [Thread-1 (]: dbt_clickhouse adapter: On model.vinfast.mart_customer_360: /* {"app": "dbt", "dbt_version": "1.12.3", "profile_name": "vinfast", "target_name": "docker", "node_id": "model.vinfast.mart_customer_360"} */

  
    
    
    
        
         


        insert into `vinfast`.`mart_customer_360__dbt_backup`
        ("customer_id", "phone", "name", "email", "status", "city_code", "registered_at", "interaction_count", "last_interaction_at", "test_drive_count", "order_count", "total_spent_vnd", "last_purchase_at", "lifecycle_stage")

with customers as (
    select * from `vinfast`.`stg_crm_customers`
),
interactions_agg as (
    select
        customer_id,
        count(*) as interaction_count,
        max(occurred_at) as last_interaction_at,
        countIf(type = 'test_drive') as test_drive_count
    from `vinfast`.`stg_crm_interactions`
    group by customer_id
),
orders as (
    select
        phone,
        count(*) as order_count,
        sum(price_vnd) as total_spent_vnd,
        max(sold_at) as last_purchase_at
    from `vinfast`.`stg_dms_sales_orders`
    group by phone
)

select
    c.customer_id as customer_id,
    c.phone as phone,
    c.name as name,
    c.email as email,
    c.status as status,
    c.city_code as city_code,
    c.registered_at as registered_at,
    coalesce(i.interaction_count, 0) as interaction_count,
    i.last_interaction_at,
    i.test_drive_count,
    coalesce(o.order_count, 0) as order_count,
    o.total_spent_vnd,
    o.last_purchase_at,
    case
        when o.order_count > 0 then 'customer'
        when coalesce(i.test_drive_count, 0) > 0 then 'prospect_hot'
        when coalesce(i.interaction_count, 0) > 2 then 'prospect_warm'
        else 'lead'
    end as lifecycle_stage
from customers c
left join interactions_agg i on c.customer_id = i.customer_id
left join orders o on c.phone = o.phone
  ...
[0m15:52:20.567790 [debug] [Thread-1 (]: dbt_clickhouse adapter: SQL status: OK in 0.15 seconds
[0m15:52:20.571166 [debug] [Thread-1 (]: dbt_clickhouse adapter: On model.vinfast.mart_customer_360: /* {"app": "dbt", "dbt_version": "1.12.3", "profile_name": "vinfast", "target_name": "docker", "node_id": "model.vinfast.mart_customer_360"} */
EXCHANGE TABLES `vinfast`.`mart_customer_360__dbt_backup` AND `vinfast`.`mart_customer_360` 
  
  ...
[0m15:52:20.575148 [debug] [Thread-1 (]: dbt_clickhouse adapter: SQL status: OK in 0.00 seconds
[0m15:52:20.582681 [debug] [Thread-1 (]: dbt_clickhouse adapter: On model.vinfast.mart_customer_360: /* {"app": "dbt", "dbt_version": "1.12.3", "profile_name": "vinfast", "target_name": "docker", "node_id": "model.vinfast.mart_customer_360"} */
drop table if exists `vinfast`.`mart_customer_360__dbt_backup` 
  ...
[0m15:52:20.627866 [debug] [Thread-1 (]: dbt_clickhouse adapter: SQL status: OK in 0.04 seconds
[0m15:52:20.631393 [debug] [Thread-1 (]: Sending event: {'category': 'dbt', 'action': 'run_model', 'label': '17863daf-ae36-433c-9a72-1bb7cdb1eb8b', 'context': [<snowplow_tracker.self_describing_json.SelfDescribingJson object at 0x0000012589236FE0>]}
[0m15:52:20.633377 [info ] [Thread-1 (]: 10 of 16 OK created sql table model `vinfast`.`mart_customer_360` .............. [[32mOK[0m in 0.35s]
[0m15:52:20.634377 [debug] [Thread-1 (]: Finished running node model.vinfast.mart_customer_360
[0m15:52:20.636398 [debug] [Thread-1 (]: Began running node model.vinfast.mart_sales_pipeline
[0m15:52:20.637393 [info ] [Thread-1 (]: 11 of 16 START sql table model `vinfast`.`mart_sales_pipeline` ................. [RUN]
[0m15:52:20.638934 [debug] [Thread-1 (]: Re-using an available connection from the pool (formerly model.vinfast.mart_customer_360, now model.vinfast.mart_sales_pipeline)
[0m15:52:20.640929 [debug] [Thread-1 (]: Began compiling node model.vinfast.mart_sales_pipeline
[0m15:52:20.645943 [debug] [Thread-1 (]: Writing injected SQL for node "model.vinfast.mart_sales_pipeline"
[0m15:52:20.648482 [debug] [Thread-1 (]: Began executing node model.vinfast.mart_sales_pipeline
[0m15:52:20.655507 [debug] [Thread-1 (]: dbt_clickhouse adapter: On model.vinfast.mart_sales_pipeline: /* {"app": "dbt", "dbt_version": "1.12.3", "profile_name": "vinfast", "target_name": "docker", "node_id": "model.vinfast.mart_sales_pipeline"} */

            

    
        create table `vinfast`.`mart_sales_pipeline__dbt_backup`
        
  
        
  engine = MergeTree()
        
      order by (tuple())
        
        
        
        
                    -- end_of_sql
                    SETTINGS replicated_deduplication_window='0'

                    
            empty
          as (
            

select
    d.dealer_id,
    d.name as dealer_name,
    d.city_code,
    d.type as dealer_type,
    count(s.order_id) as order_count,
    countIf(s.model in ('VF3','VF5','VFe34','VF6','VF7','VF8','VF9')) as car_orders,
    countIf(s.model like 'VF_%') as bike_orders,
    sum(s.price_vnd) as total_revenue_vnd,
    avg(s.price_vnd) as avg_order_value_vnd,
    min(s.sold_at) as first_sale_at,
    max(s.sold_at) as last_sale_at
from `vinfast`.`stg_dms_dealers` d
left join `vinfast`.`stg_dms_sales_orders` s on d.dealer_id = s.dealer_id
group by d.dealer_id, d.name, d.city_code, d.type
order by total_revenue_vnd desc
          )
        
        ...
[0m15:52:20.717597 [debug] [Thread-1 (]: dbt_clickhouse adapter: SQL status: OK in 0.06 seconds
[0m15:52:20.723101 [debug] [Thread-1 (]: dbt_clickhouse adapter: On model.vinfast.mart_sales_pipeline: /* {"app": "dbt", "dbt_version": "1.12.3", "profile_name": "vinfast", "target_name": "docker", "node_id": "model.vinfast.mart_sales_pipeline"} */

    select name, type from system.columns where table = 'mart_sales_pipeline__dbt_backup'
    
      and database = 'vinfast'
    
    order by position
  ...
[0m15:52:20.775772 [debug] [Thread-1 (]: dbt_clickhouse adapter: SQL status: OK in 0.05 seconds
[0m15:52:20.780292 [debug] [Thread-1 (]: Writing runtime sql for node "model.vinfast.mart_sales_pipeline"
[0m15:52:20.782284 [debug] [Thread-1 (]: dbt_clickhouse adapter: On model.vinfast.mart_sales_pipeline: /* {"app": "dbt", "dbt_version": "1.12.3", "profile_name": "vinfast", "target_name": "docker", "node_id": "model.vinfast.mart_sales_pipeline"} */

  
    
    
    
        
         


        insert into `vinfast`.`mart_sales_pipeline__dbt_backup`
        ("dealer_id", "dealer_name", "city_code", "dealer_type", "order_count", "car_orders", "bike_orders", "total_revenue_vnd", "avg_order_value_vnd", "first_sale_at", "last_sale_at")

select
    d.dealer_id,
    d.name as dealer_name,
    d.city_code,
    d.type as dealer_type,
    count(s.order_id) as order_count,
    countIf(s.model in ('VF3','VF5','VFe34','VF6','VF7','VF8','VF9')) as car_orders,
    countIf(s.model like 'VF_%') as bike_orders,
    sum(s.price_vnd) as total_revenue_vnd,
    avg(s.price_vnd) as avg_order_value_vnd,
    min(s.sold_at) as first_sale_at,
    max(s.sold_at) as last_sale_at
from `vinfast`.`stg_dms_dealers` d
left join `vinfast`.`stg_dms_sales_orders` s on d.dealer_id = s.dealer_id
group by d.dealer_id, d.name, d.city_code, d.type
order by total_revenue_vnd desc
  ...
[0m15:52:20.856956 [debug] [Thread-1 (]: dbt_clickhouse adapter: SQL status: OK in 0.07 seconds
[0m15:52:20.860470 [debug] [Thread-1 (]: dbt_clickhouse adapter: On model.vinfast.mart_sales_pipeline: /* {"app": "dbt", "dbt_version": "1.12.3", "profile_name": "vinfast", "target_name": "docker", "node_id": "model.vinfast.mart_sales_pipeline"} */
EXCHANGE TABLES `vinfast`.`mart_sales_pipeline__dbt_backup` AND `vinfast`.`mart_sales_pipeline` 
  
  ...
[0m15:52:20.906964 [debug] [Thread-1 (]: dbt_clickhouse adapter: SQL status: OK in 0.05 seconds
[0m15:52:20.914838 [debug] [Thread-1 (]: dbt_clickhouse adapter: On model.vinfast.mart_sales_pipeline: /* {"app": "dbt", "dbt_version": "1.12.3", "profile_name": "vinfast", "target_name": "docker", "node_id": "model.vinfast.mart_sales_pipeline"} */
drop table if exists `vinfast`.`mart_sales_pipeline__dbt_backup` 
  ...
[0m15:52:20.965078 [debug] [Thread-1 (]: dbt_clickhouse adapter: SQL status: OK in 0.05 seconds
[0m15:52:20.967083 [debug] [Thread-1 (]: Sending event: {'category': 'dbt', 'action': 'run_model', 'label': '17863daf-ae36-433c-9a72-1bb7cdb1eb8b', 'context': [<snowplow_tracker.self_describing_json.SelfDescribingJson object at 0x000001258978FA30>]}
[0m15:52:20.968590 [info ] [Thread-1 (]: 11 of 16 OK created sql table model `vinfast`.`mart_sales_pipeline` ............ [[32mOK[0m in 0.33s]
[0m15:52:20.968590 [debug] [Thread-1 (]: Finished running node model.vinfast.mart_sales_pipeline
[0m15:52:20.969597 [debug] [Thread-1 (]: Began running node model.vinfast.int_trip_segments
[0m15:52:20.970601 [info ] [Thread-1 (]: 12 of 16 START sql table model `vinfast`.`int_trip_segments` ................... [RUN]
[0m15:52:20.972910 [debug] [Thread-1 (]: Re-using an available connection from the pool (formerly model.vinfast.mart_sales_pipeline, now model.vinfast.int_trip_segments)
[0m15:52:20.974425 [debug] [Thread-1 (]: Began compiling node model.vinfast.int_trip_segments
[0m15:52:20.979685 [debug] [Thread-1 (]: Writing injected SQL for node "model.vinfast.int_trip_segments"
[0m15:52:20.981706 [debug] [Thread-1 (]: Began executing node model.vinfast.int_trip_segments
[0m15:52:20.992669 [debug] [Thread-1 (]: dbt_clickhouse adapter: On model.vinfast.int_trip_segments: /* {"app": "dbt", "dbt_version": "1.12.3", "profile_name": "vinfast", "target_name": "docker", "node_id": "model.vinfast.int_trip_segments"} */

            

    
        create table `vinfast`.`int_trip_segments__dbt_backup`
        
  
        
  engine = MergeTree()
        
      order by (tuple())
        
        
        
        
                    -- end_of_sql
                    SETTINGS replicated_deduplication_window='0'

                    
            empty
          as (
            

-- Detect trips via gap > 300s (5 min) using ClickHouse window functions
-- Filter: max(speed) > 5 and duration >= 120s

with ordered as (
    select
        vehicle_id,
        event_timestamp,
        speed_kmh,
        odometer_km,
        battery_soc_pct,
        latitude,
        longitude,
        lagInFrame(event_timestamp) over (partition by vehicle_id order by event_timestamp) as prev_ts,
        lagInFrame(odometer_km) over (partition by vehicle_id order by event_timestamp) as prev_odo
    from `vinfast`.`stg_telemetry`
    where is_driving = true
),
with_gap as (
    select
        *,
        if(dateDiff('second', prev_ts, event_timestamp) > 300, 1, 0) as is_new_trip
    from ordered
),
with_trip_id as (
    select
        *,
        sum(is_new_trip) over (partition by vehicle_id order by event_timestamp rows between unbounded preceding and current row) as trip_seq
    from with_gap
),
grouped as (
    select
        vehicle_id,
        trip_seq,
        min(event_timestamp) as started_at,
        max(event_timestamp) as ended_at,
        dateDiff('second', min(event_timestamp), max(event_timestamp)) as duration_sec,
        count(*) as event_count,
        max(speed_kmh) as max_speed_kmh,
        avgIf(speed_kmh, speed_kmh > 2) as avg_moving_speed_kmh,
        min(odometer_km) as odo_start,
        max(odometer_km) as odo_end,
        min(battery_soc_pct) as soc_min,
        max(battery_soc_pct) as soc_max,
        -- SoC at start/end using argMin/argMax (ClickHouse cannot nest aggregates)
        argMin(battery_soc_pct, event_timestamp) as soc_start_pct,
        argMax(battery_soc_pct, event_timestamp) as soc_end_pct,
        argMin(latitude, event_timestamp) as start_lat,
        argMin(longitude, event_timestamp) as start_lon,
        argMax(latitude, event_timestamp) as end_lat,
        argMax(longitude, event_timestamp) as end_lon
    from with_trip_id
    group by vehicle_id, trip_seq
)
select
    concat(vehicle_id, '-', toString(started_at)) as trip_id,
    vehicle_id,
    started_at,
    ended_at,
    duration_sec / 60.0 as duration_min,
    odo_end - odo_start as distance_km,
    max_speed_kmh,
    avg_moving_speed_kmh,
    soc_start_pct,
    soc_end_pct,
    soc_start_pct - soc_end_pct as soc_drop_pct,
    start_lat,
    start_lon,
    end_lat,
    end_lon
from grouped
where max_speed_kmh > 5
  and duration_sec >= 120
          )
        
        ...
[0m15:52:21.053822 [debug] [Thread-1 (]: dbt_clickhouse adapter: SQL status: OK in 0.06 seconds
[0m15:52:21.059356 [debug] [Thread-1 (]: dbt_clickhouse adapter: On model.vinfast.int_trip_segments: /* {"app": "dbt", "dbt_version": "1.12.3", "profile_name": "vinfast", "target_name": "docker", "node_id": "model.vinfast.int_trip_segments"} */

    select name, type from system.columns where table = 'int_trip_segments__dbt_backup'
    
      and database = 'vinfast'
    
    order by position
  ...
[0m15:52:21.108407 [debug] [Thread-1 (]: dbt_clickhouse adapter: SQL status: OK in 0.05 seconds
[0m15:52:21.111479 [debug] [Thread-1 (]: Writing runtime sql for node "model.vinfast.int_trip_segments"
[0m15:52:21.113490 [debug] [Thread-1 (]: dbt_clickhouse adapter: On model.vinfast.int_trip_segments: /* {"app": "dbt", "dbt_version": "1.12.3", "profile_name": "vinfast", "target_name": "docker", "node_id": "model.vinfast.int_trip_segments"} */

  
    
    
    
        
         


        insert into `vinfast`.`int_trip_segments__dbt_backup`
        ("trip_id", "vehicle_id", "started_at", "ended_at", "duration_min", "distance_km", "max_speed_kmh", "avg_moving_speed_kmh", "soc_start_pct", "soc_end_pct", "soc_drop_pct", "start_lat", "start_lon", "end_lat", "end_lon")

-- Detect trips via gap > 300s (5 min) using ClickHouse window functions
-- Filter: max(speed) > 5 and duration >= 120s

with ordered as (
    select
        vehicle_id,
        event_timestamp,
        speed_kmh,
        odometer_km,
        battery_soc_pct,
        latitude,
        longitude,
        lagInFrame(event_timestamp) over (partition by vehicle_id order by event_timestamp) as prev_ts,
        lagInFrame(odometer_km) over (partition by vehicle_id order by event_timestamp) as prev_odo
    from `vinfast`.`stg_telemetry`
    where is_driving = true
),
with_gap as (
    select
        *,
        if(dateDiff('second', prev_ts, event_timestamp) > 300, 1, 0) as is_new_trip
    from ordered
),
with_trip_id as (
    select
        *,
        sum(is_new_trip) over (partition by vehicle_id order by event_timestamp rows between unbounded preceding and current row) as trip_seq
    from with_gap
),
grouped as (
    select
        vehicle_id,
        trip_seq,
        min(event_timestamp) as started_at,
        max(event_timestamp) as ended_at,
        dateDiff('second', min(event_timestamp), max(event_timestamp)) as duration_sec,
        count(*) as event_count,
        max(speed_kmh) as max_speed_kmh,
        avgIf(speed_kmh, speed_kmh > 2) as avg_moving_speed_kmh,
        min(odometer_km) as odo_start,
        max(odometer_km) as odo_end,
        min(battery_soc_pct) as soc_min,
        max(battery_soc_pct) as soc_max,
        -- SoC at start/end using argMin/argMax (ClickHouse cannot nest aggregates)
        argMin(battery_soc_pct, event_timestamp) as soc_start_pct,
        argMax(battery_soc_pct, event_timestamp) as soc_end_pct,
        argMin(latitude, event_timestamp) as start_lat,
        argMin(longitude, event_timestamp) as start_lon,
        argMax(latitude, event_timestamp) as end_lat,
        argMax(longitude, event_timestamp) as end_lon
    from with_trip_id
    group by vehicle_id, trip_seq
)
select
    concat(vehicle_id, '-', toString(started_at)) as trip_id,
    vehicle_id,
    started_at,
    ended_at,
    duration_sec / 60.0 as duration_min,
    odo_end - odo_start as distance_km,
    max_speed_kmh,
    avg_moving_speed_kmh,
    soc_start_pct,
    soc_end_pct,
    soc_start_pct - soc_end_pct as soc_drop_pct,
    start_lat,
    start_lon,
    end_lat,
    end_lon
from grouped
where max_speed_kmh > 5
  and duration_sec >= 120
  ...
[0m15:52:21.197127 [debug] [Thread-1 (]: dbt_clickhouse adapter: SQL status: OK in 0.08 seconds
[0m15:52:21.198632 [debug] [Thread-1 (]: dbt_clickhouse adapter: On model.vinfast.int_trip_segments: /* {"app": "dbt", "dbt_version": "1.12.3", "profile_name": "vinfast", "target_name": "docker", "node_id": "model.vinfast.int_trip_segments"} */
EXCHANGE TABLES `vinfast`.`int_trip_segments__dbt_backup` AND `vinfast`.`int_trip_segments` 
  
  ...
[0m15:52:21.244029 [debug] [Thread-1 (]: dbt_clickhouse adapter: SQL status: OK in 0.04 seconds
[0m15:52:21.252586 [debug] [Thread-1 (]: dbt_clickhouse adapter: On model.vinfast.int_trip_segments: /* {"app": "dbt", "dbt_version": "1.12.3", "profile_name": "vinfast", "target_name": "docker", "node_id": "model.vinfast.int_trip_segments"} */
drop table if exists `vinfast`.`int_trip_segments__dbt_backup` 
  ...
[0m15:52:21.299939 [debug] [Thread-1 (]: dbt_clickhouse adapter: SQL status: OK in 0.05 seconds
[0m15:52:21.312623 [debug] [Thread-1 (]: Sending event: {'category': 'dbt', 'action': 'run_model', 'label': '17863daf-ae36-433c-9a72-1bb7cdb1eb8b', 'context': [<snowplow_tracker.self_describing_json.SelfDescribingJson object at 0x0000012589236FE0>]}
[0m15:52:21.315648 [info ] [Thread-1 (]: 12 of 16 OK created sql table model `vinfast`.`int_trip_segments` .............. [[32mOK[0m in 0.34s]
[0m15:52:21.318628 [debug] [Thread-1 (]: Finished running node model.vinfast.int_trip_segments
[0m15:52:21.319731 [debug] [Thread-1 (]: Began running node model.vinfast.int_vehicle_daily_stats
[0m15:52:21.322746 [info ] [Thread-1 (]: 13 of 16 START sql table model `vinfast`.`int_vehicle_daily_stats` ............. [RUN]
[0m15:52:21.323762 [debug] [Thread-1 (]: Re-using an available connection from the pool (formerly model.vinfast.int_trip_segments, now model.vinfast.int_vehicle_daily_stats)
[0m15:52:21.324727 [debug] [Thread-1 (]: Began compiling node model.vinfast.int_vehicle_daily_stats
[0m15:52:21.329966 [debug] [Thread-1 (]: Writing injected SQL for node "model.vinfast.int_vehicle_daily_stats"
[0m15:52:21.332986 [debug] [Thread-1 (]: Began executing node model.vinfast.int_vehicle_daily_stats
[0m15:52:21.342508 [debug] [Thread-1 (]: dbt_clickhouse adapter: On model.vinfast.int_vehicle_daily_stats: /* {"app": "dbt", "dbt_version": "1.12.3", "profile_name": "vinfast", "target_name": "docker", "node_id": "model.vinfast.int_vehicle_daily_stats"} */

            

    
        create table `vinfast`.`int_vehicle_daily_stats__dbt_backup`
        
  
        
  engine = MergeTree()
        
      order by (tuple())
        
        
        
        
                    -- end_of_sql
                    SETTINGS replicated_deduplication_window='0'

                    
            empty
          as (
            

select
    vehicle_id,
    toDate(event_timestamp) as activity_date,
    count(*) as event_count,
    avg(battery_soc_pct) as avg_soc_pct,
    max(speed_kmh) as max_speed_kmh,
    max(odometer_km) - min(odometer_km) as distance_km,
    countIf(is_charging) as charging_events_count,
    max(if(tire_pressure_alert, 1, 0)) as had_tire_pressure_alert,
    max(if(battery_temp_alert, 1, 0)) as had_battery_temp_alert,
    max(if(high_speed_event, 1, 0)) as had_high_speed_event,
    max(if(hard_brake_event, 1, 0)) as had_hard_brake_event
from `vinfast`.`stg_telemetry`
group by vehicle_id, activity_date
          )
        
        ...
[0m15:52:21.397177 [debug] [Thread-1 (]: dbt_clickhouse adapter: SQL status: OK in 0.05 seconds
[0m15:52:21.399408 [debug] [Thread-1 (]: dbt_clickhouse adapter: On model.vinfast.int_vehicle_daily_stats: /* {"app": "dbt", "dbt_version": "1.12.3", "profile_name": "vinfast", "target_name": "docker", "node_id": "model.vinfast.int_vehicle_daily_stats"} */

    select name, type from system.columns where table = 'int_vehicle_daily_stats__dbt_backup'
    
      and database = 'vinfast'
    
    order by position
  ...
[0m15:52:21.443870 [debug] [Thread-1 (]: dbt_clickhouse adapter: SQL status: OK in 0.04 seconds
[0m15:52:21.446888 [debug] [Thread-1 (]: Writing runtime sql for node "model.vinfast.int_vehicle_daily_stats"
[0m15:52:21.449403 [debug] [Thread-1 (]: dbt_clickhouse adapter: On model.vinfast.int_vehicle_daily_stats: /* {"app": "dbt", "dbt_version": "1.12.3", "profile_name": "vinfast", "target_name": "docker", "node_id": "model.vinfast.int_vehicle_daily_stats"} */

  
    
    
    
        
         


        insert into `vinfast`.`int_vehicle_daily_stats__dbt_backup`
        ("vehicle_id", "activity_date", "event_count", "avg_soc_pct", "max_speed_kmh", "distance_km", "charging_events_count", "had_tire_pressure_alert", "had_battery_temp_alert", "had_high_speed_event", "had_hard_brake_event")

select
    vehicle_id,
    toDate(event_timestamp) as activity_date,
    count(*) as event_count,
    avg(battery_soc_pct) as avg_soc_pct,
    max(speed_kmh) as max_speed_kmh,
    max(odometer_km) - min(odometer_km) as distance_km,
    countIf(is_charging) as charging_events_count,
    max(if(tire_pressure_alert, 1, 0)) as had_tire_pressure_alert,
    max(if(battery_temp_alert, 1, 0)) as had_battery_temp_alert,
    max(if(high_speed_event, 1, 0)) as had_high_speed_event,
    max(if(hard_brake_event, 1, 0)) as had_hard_brake_event
from `vinfast`.`stg_telemetry`
group by vehicle_id, activity_date
  ...
[0m15:52:21.543772 [debug] [Thread-1 (]: dbt_clickhouse adapter: SQL status: OK in 0.09 seconds
[0m15:52:21.544772 [debug] [Thread-1 (]: dbt_clickhouse adapter: On model.vinfast.int_vehicle_daily_stats: /* {"app": "dbt", "dbt_version": "1.12.3", "profile_name": "vinfast", "target_name": "docker", "node_id": "model.vinfast.int_vehicle_daily_stats"} */
EXCHANGE TABLES `vinfast`.`int_vehicle_daily_stats__dbt_backup` AND `vinfast`.`int_vehicle_daily_stats` 
  
  ...
[0m15:52:21.548785 [debug] [Thread-1 (]: dbt_clickhouse adapter: SQL status: OK in 0.00 seconds
[0m15:52:21.556431 [debug] [Thread-1 (]: dbt_clickhouse adapter: On model.vinfast.int_vehicle_daily_stats: /* {"app": "dbt", "dbt_version": "1.12.3", "profile_name": "vinfast", "target_name": "docker", "node_id": "model.vinfast.int_vehicle_daily_stats"} */
drop table if exists `vinfast`.`int_vehicle_daily_stats__dbt_backup` 
  ...
[0m15:52:21.603831 [debug] [Thread-1 (]: dbt_clickhouse adapter: SQL status: OK in 0.05 seconds
[0m15:52:21.608798 [debug] [Thread-1 (]: Sending event: {'category': 'dbt', 'action': 'run_model', 'label': '17863daf-ae36-433c-9a72-1bb7cdb1eb8b', 'context': [<snowplow_tracker.self_describing_json.SelfDescribingJson object at 0x000001258978FA30>]}
[0m15:52:21.611728 [info ] [Thread-1 (]: 13 of 16 OK created sql table model `vinfast`.`int_vehicle_daily_stats` ........ [[32mOK[0m in 0.28s]
[0m15:52:21.613733 [debug] [Thread-1 (]: Finished running node model.vinfast.int_vehicle_daily_stats
[0m15:52:21.615732 [debug] [Thread-1 (]: Began running node model.vinfast.mart_charging_analytics
[0m15:52:21.616732 [info ] [Thread-1 (]: 14 of 16 START sql table model `vinfast`.`mart_charging_analytics` ............. [RUN]
[0m15:52:21.617732 [debug] [Thread-1 (]: Re-using an available connection from the pool (formerly model.vinfast.int_vehicle_daily_stats, now model.vinfast.mart_charging_analytics)
[0m15:52:21.618756 [debug] [Thread-1 (]: Began compiling node model.vinfast.mart_charging_analytics
[0m15:52:21.621832 [debug] [Thread-1 (]: Writing injected SQL for node "model.vinfast.mart_charging_analytics"
[0m15:52:21.623832 [debug] [Thread-1 (]: Began executing node model.vinfast.mart_charging_analytics
[0m15:52:21.629372 [debug] [Thread-1 (]: dbt_clickhouse adapter: On model.vinfast.mart_charging_analytics: /* {"app": "dbt", "dbt_version": "1.12.3", "profile_name": "vinfast", "target_name": "docker", "node_id": "model.vinfast.mart_charging_analytics"} */

            

    
        create table `vinfast`.`mart_charging_analytics__dbt_backup`
        
  
        
  engine = MergeTree()
        
      order by (tuple())
        
        
        
        
                    -- end_of_sql
                    SETTINGS replicated_deduplication_window='0'

                    
            empty
          as (
            

select
    s.session_id as session_id,
    s.vehicle_id as vehicle_id,
    v.model as model,
    v.city_code as city_code,
    s.station_id as station_id,
    s.charger_type as charger_type,
    s.started_at as started_at,
    s.ended_at as ended_at,
    s.duration_min as duration_min,
    s.duration_hours as duration_hours,
    s.kwh_delivered as kwh_delivered,
    s.start_soc_pct as start_soc_pct,
    s.end_soc_pct as end_soc_pct,
    s.cost_vnd as cost_vnd,
    s.payment_method as payment_method,
    s.is_fast_charge as is_fast_charge,
    s.avg_power_kw as avg_power_kw,
    s.cost_per_kwh_vnd as cost_per_kwh_vnd,
    s.charge_efficiency_pct as charge_efficiency_pct
from `vinfast`.`stg_charging_sessions` as s
left join `vinfast`.`stg_vehicles` as v
    on s.vehicle_id = v.vehicle_id
          )
        
        ...
[0m15:52:21.686753 [debug] [Thread-1 (]: dbt_clickhouse adapter: SQL status: OK in 0.06 seconds
[0m15:52:21.688753 [debug] [Thread-1 (]: dbt_clickhouse adapter: On model.vinfast.mart_charging_analytics: /* {"app": "dbt", "dbt_version": "1.12.3", "profile_name": "vinfast", "target_name": "docker", "node_id": "model.vinfast.mart_charging_analytics"} */

    select name, type from system.columns where table = 'mart_charging_analytics__dbt_backup'
    
      and database = 'vinfast'
    
    order by position
  ...
[0m15:52:21.738592 [debug] [Thread-1 (]: dbt_clickhouse adapter: SQL status: OK in 0.05 seconds
[0m15:52:21.766674 [debug] [Thread-1 (]: Writing runtime sql for node "model.vinfast.mart_charging_analytics"
[0m15:52:21.777188 [debug] [Thread-1 (]: dbt_clickhouse adapter: On model.vinfast.mart_charging_analytics: /* {"app": "dbt", "dbt_version": "1.12.3", "profile_name": "vinfast", "target_name": "docker", "node_id": "model.vinfast.mart_charging_analytics"} */

  
    
    
    
        
         


        insert into `vinfast`.`mart_charging_analytics__dbt_backup`
        ("session_id", "vehicle_id", "model", "city_code", "station_id", "charger_type", "started_at", "ended_at", "duration_min", "duration_hours", "kwh_delivered", "start_soc_pct", "end_soc_pct", "cost_vnd", "payment_method", "is_fast_charge", "avg_power_kw", "cost_per_kwh_vnd", "charge_efficiency_pct")

select
    s.session_id as session_id,
    s.vehicle_id as vehicle_id,
    v.model as model,
    v.city_code as city_code,
    s.station_id as station_id,
    s.charger_type as charger_type,
    s.started_at as started_at,
    s.ended_at as ended_at,
    s.duration_min as duration_min,
    s.duration_hours as duration_hours,
    s.kwh_delivered as kwh_delivered,
    s.start_soc_pct as start_soc_pct,
    s.end_soc_pct as end_soc_pct,
    s.cost_vnd as cost_vnd,
    s.payment_method as payment_method,
    s.is_fast_charge as is_fast_charge,
    s.avg_power_kw as avg_power_kw,
    s.cost_per_kwh_vnd as cost_per_kwh_vnd,
    s.charge_efficiency_pct as charge_efficiency_pct
from `vinfast`.`stg_charging_sessions` as s
left join `vinfast`.`stg_vehicles` as v
    on s.vehicle_id = v.vehicle_id
  ...
[0m15:52:21.860620 [debug] [Thread-1 (]: dbt_clickhouse adapter: SQL status: OK in 0.08 seconds
[0m15:52:21.863620 [debug] [Thread-1 (]: dbt_clickhouse adapter: On model.vinfast.mart_charging_analytics: /* {"app": "dbt", "dbt_version": "1.12.3", "profile_name": "vinfast", "target_name": "docker", "node_id": "model.vinfast.mart_charging_analytics"} */
EXCHANGE TABLES `vinfast`.`mart_charging_analytics__dbt_backup` AND `vinfast`.`mart_charging_analytics` 
  
  ...
[0m15:52:21.911150 [debug] [Thread-1 (]: dbt_clickhouse adapter: SQL status: OK in 0.05 seconds
[0m15:52:21.922172 [debug] [Thread-1 (]: dbt_clickhouse adapter: On model.vinfast.mart_charging_analytics: /* {"app": "dbt", "dbt_version": "1.12.3", "profile_name": "vinfast", "target_name": "docker", "node_id": "model.vinfast.mart_charging_analytics"} */
drop table if exists `vinfast`.`mart_charging_analytics__dbt_backup` 
  ...
[0m15:52:21.967084 [debug] [Thread-1 (]: dbt_clickhouse adapter: SQL status: OK in 0.04 seconds
[0m15:52:21.972629 [debug] [Thread-1 (]: Sending event: {'category': 'dbt', 'action': 'run_model', 'label': '17863daf-ae36-433c-9a72-1bb7cdb1eb8b', 'context': [<snowplow_tracker.self_describing_json.SelfDescribingJson object at 0x0000012589236FE0>]}
[0m15:52:21.974633 [info ] [Thread-1 (]: 14 of 16 OK created sql table model `vinfast`.`mart_charging_analytics` ........ [[32mOK[0m in 0.35s]
[0m15:52:21.976679 [debug] [Thread-1 (]: Finished running node model.vinfast.mart_charging_analytics
[0m15:52:21.978671 [debug] [Thread-1 (]: Began running node model.vinfast.mart_daily_fleet
[0m15:52:21.980898 [info ] [Thread-1 (]: 15 of 16 START sql table model `vinfast`.`mart_daily_fleet` .................... [RUN]
[0m15:52:21.982892 [debug] [Thread-1 (]: Re-using an available connection from the pool (formerly model.vinfast.mart_charging_analytics, now model.vinfast.mart_daily_fleet)
[0m15:52:21.984940 [debug] [Thread-1 (]: Began compiling node model.vinfast.mart_daily_fleet
[0m15:52:21.991488 [debug] [Thread-1 (]: Writing injected SQL for node "model.vinfast.mart_daily_fleet"
[0m15:52:21.993501 [debug] [Thread-1 (]: Began executing node model.vinfast.mart_daily_fleet
[0m15:52:22.003828 [debug] [Thread-1 (]: dbt_clickhouse adapter: On model.vinfast.mart_daily_fleet: /* {"app": "dbt", "dbt_version": "1.12.3", "profile_name": "vinfast", "target_name": "docker", "node_id": "model.vinfast.mart_daily_fleet"} */

            

    
        create table `vinfast`.`mart_daily_fleet__dbt_backup`
        
  
        
  engine = MergeTree()
        
      order by (tuple())
        
        
        
        
                    -- end_of_sql
                    SETTINGS replicated_deduplication_window='0'

                    
            empty
          as (
            

with daily as (
    select * from `vinfast`.`int_vehicle_daily_stats`
),
trips as (
    select
        toDate(started_at) as activity_date,
        count(*) as total_trips,
        sum(distance_km) as total_distance_km
    from `vinfast`.`int_trip_segments`
    group by activity_date
),
charging as (
    select
        toDate(started_at) as activity_date,
        count(*) as total_charging_sessions,
        sum(kwh_delivered) as total_kwh_charged
    from `vinfast`.`stg_charging_sessions`
    group by activity_date
)
select
    d.activity_date as activity_date,
    countDistinct(d.vehicle_id) as active_vehicles,
    coalesce(t.total_trips, 0) as total_trips,
    coalesce(t.total_distance_km, 0) as total_distance_km,
    avg(d.avg_soc_pct) as avg_fleet_soc_pct,
    coalesce(c.total_charging_sessions, 0) as total_charging_sessions,
    coalesce(c.total_kwh_charged, 0) as total_kwh_charged,
    countIf(d.had_tire_pressure_alert = 1) as vehicles_with_tire_alert,
    countIf(d.had_battery_temp_alert = 1) as vehicles_with_temp_alert
from daily as d
left join trips as t on d.activity_date = t.activity_date
left join charging as c on d.activity_date = c.activity_date
group by d.activity_date, t.total_trips, t.total_distance_km, c.total_charging_sessions, c.total_kwh_charged
order by d.activity_date
          )
        
        ...
[0m15:52:22.061661 [debug] [Thread-1 (]: dbt_clickhouse adapter: SQL status: OK in 0.06 seconds
[0m15:52:22.065661 [debug] [Thread-1 (]: dbt_clickhouse adapter: On model.vinfast.mart_daily_fleet: /* {"app": "dbt", "dbt_version": "1.12.3", "profile_name": "vinfast", "target_name": "docker", "node_id": "model.vinfast.mart_daily_fleet"} */

    select name, type from system.columns where table = 'mart_daily_fleet__dbt_backup'
    
      and database = 'vinfast'
    
    order by position
  ...
[0m15:52:22.112662 [debug] [Thread-1 (]: dbt_clickhouse adapter: SQL status: OK in 0.05 seconds
[0m15:52:22.115674 [debug] [Thread-1 (]: Writing runtime sql for node "model.vinfast.mart_daily_fleet"
[0m15:52:22.118685 [debug] [Thread-1 (]: dbt_clickhouse adapter: On model.vinfast.mart_daily_fleet: /* {"app": "dbt", "dbt_version": "1.12.3", "profile_name": "vinfast", "target_name": "docker", "node_id": "model.vinfast.mart_daily_fleet"} */

  
    
    
    
        
         


        insert into `vinfast`.`mart_daily_fleet__dbt_backup`
        ("activity_date", "active_vehicles", "total_trips", "total_distance_km", "avg_fleet_soc_pct", "total_charging_sessions", "total_kwh_charged", "vehicles_with_tire_alert", "vehicles_with_temp_alert")

with daily as (
    select * from `vinfast`.`int_vehicle_daily_stats`
),
trips as (
    select
        toDate(started_at) as activity_date,
        count(*) as total_trips,
        sum(distance_km) as total_distance_km
    from `vinfast`.`int_trip_segments`
    group by activity_date
),
charging as (
    select
        toDate(started_at) as activity_date,
        count(*) as total_charging_sessions,
        sum(kwh_delivered) as total_kwh_charged
    from `vinfast`.`stg_charging_sessions`
    group by activity_date
)
select
    d.activity_date as activity_date,
    countDistinct(d.vehicle_id) as active_vehicles,
    coalesce(t.total_trips, 0) as total_trips,
    coalesce(t.total_distance_km, 0) as total_distance_km,
    avg(d.avg_soc_pct) as avg_fleet_soc_pct,
    coalesce(c.total_charging_sessions, 0) as total_charging_sessions,
    coalesce(c.total_kwh_charged, 0) as total_kwh_charged,
    countIf(d.had_tire_pressure_alert = 1) as vehicles_with_tire_alert,
    countIf(d.had_battery_temp_alert = 1) as vehicles_with_temp_alert
from daily as d
left join trips as t on d.activity_date = t.activity_date
left join charging as c on d.activity_date = c.activity_date
group by d.activity_date, t.total_trips, t.total_distance_km, c.total_charging_sessions, c.total_kwh_charged
order by d.activity_date
  ...
[0m15:52:22.223589 [debug] [Thread-1 (]: dbt_clickhouse adapter: SQL status: OK in 0.10 seconds
[0m15:52:22.226614 [debug] [Thread-1 (]: dbt_clickhouse adapter: On model.vinfast.mart_daily_fleet: /* {"app": "dbt", "dbt_version": "1.12.3", "profile_name": "vinfast", "target_name": "docker", "node_id": "model.vinfast.mart_daily_fleet"} */
EXCHANGE TABLES `vinfast`.`mart_daily_fleet__dbt_backup` AND `vinfast`.`mart_daily_fleet` 
  
  ...
[0m15:52:22.230114 [debug] [Thread-1 (]: dbt_clickhouse adapter: SQL status: OK in 0.00 seconds
[0m15:52:22.238636 [debug] [Thread-1 (]: dbt_clickhouse adapter: On model.vinfast.mart_daily_fleet: /* {"app": "dbt", "dbt_version": "1.12.3", "profile_name": "vinfast", "target_name": "docker", "node_id": "model.vinfast.mart_daily_fleet"} */
drop table if exists `vinfast`.`mart_daily_fleet__dbt_backup` 
  ...
[0m15:52:22.283842 [debug] [Thread-1 (]: dbt_clickhouse adapter: SQL status: OK in 0.04 seconds
[0m15:52:22.288380 [debug] [Thread-1 (]: Sending event: {'category': 'dbt', 'action': 'run_model', 'label': '17863daf-ae36-433c-9a72-1bb7cdb1eb8b', 'context': [<snowplow_tracker.self_describing_json.SelfDescribingJson object at 0x0000012587146D40>]}
[0m15:52:22.289392 [info ] [Thread-1 (]: 15 of 16 OK created sql table model `vinfast`.`mart_daily_fleet` ............... [[32mOK[0m in 0.30s]
[0m15:52:22.291414 [debug] [Thread-1 (]: Finished running node model.vinfast.mart_daily_fleet
[0m15:52:22.293413 [debug] [Thread-1 (]: Began running node model.vinfast.mart_vehicle_360
[0m15:52:22.295414 [info ] [Thread-1 (]: 16 of 16 START sql table model `vinfast`.`mart_vehicle_360` .................... [RUN]
[0m15:52:22.296413 [debug] [Thread-1 (]: Re-using an available connection from the pool (formerly model.vinfast.mart_daily_fleet, now model.vinfast.mart_vehicle_360)
[0m15:52:22.297414 [debug] [Thread-1 (]: Began compiling node model.vinfast.mart_vehicle_360
[0m15:52:22.304964 [debug] [Thread-1 (]: Writing injected SQL for node "model.vinfast.mart_vehicle_360"
[0m15:52:22.306951 [debug] [Thread-1 (]: Began executing node model.vinfast.mart_vehicle_360
[0m15:52:22.316045 [debug] [Thread-1 (]: dbt_clickhouse adapter: On model.vinfast.mart_vehicle_360: /* {"app": "dbt", "dbt_version": "1.12.3", "profile_name": "vinfast", "target_name": "docker", "node_id": "model.vinfast.mart_vehicle_360"} */

            

    
        create table `vinfast`.`mart_vehicle_360__dbt_backup`
        
  
        
  engine = MergeTree()
        
      order by (tuple())
        
        
        
        
                    -- end_of_sql
                    SETTINGS replicated_deduplication_window='0'

                    
            empty
          as (
            

with daily as (
    select * from `vinfast`.`int_vehicle_daily_stats`
),
charging as (
    select
        vehicle_id,
        count(*) as total_charging_sessions,
        sum(kwh_delivered) as total_kwh_charged
    from `vinfast`.`stg_charging_sessions`
    group by vehicle_id
),
telemetry_agg as (
    select
        vehicle_id,
        max(odometer_km) as latest_odometer_km,
        min(odometer_km) as earliest_odometer_km,
        avg(battery_soc_pct) as lifetime_avg_soc_pct,
        min(event_timestamp) as first_seen,
        max(event_timestamp) as last_seen
    from `vinfast`.`stg_telemetry`
    group by vehicle_id
)
select
    v.vehicle_id as vehicle_id,
    v.model as model,
    v.type as type,
    v.city_code as city_code,
    v.battery_kwh as battery_kwh,
    v.battery_soh_pct as current_soh_pct,
    coalesce(t.latest_odometer_km - v.odometer_start_km, 0) as total_distance_km,
    any(t.lifetime_avg_soc_pct) as lifetime_avg_soc_pct,
    coalesce(any(c.total_charging_sessions), 0) as total_charging_sessions,
    coalesce(any(c.total_kwh_charged), 0) as total_kwh_charged,
    max(d.had_tire_pressure_alert) as had_tire_pressure_alert,
    max(d.had_battery_temp_alert) as had_battery_temp_alert,
    countDistinct(d.activity_date) as total_active_days,
    toDate(any(t.first_seen)) as first_seen_date,
    toDate(any(t.last_seen)) as last_seen_date
from `vinfast`.`stg_vehicles` as v
left join telemetry_agg as t on v.vehicle_id = t.vehicle_id
left join daily as d on v.vehicle_id = d.vehicle_id
left join charging as c on v.vehicle_id = c.vehicle_id
group by
    v.vehicle_id, v.model, v.type, v.city_code, v.battery_kwh, v.battery_soh_pct,
    v.odometer_start_km, t.latest_odometer_km
          )
        
        ...
[0m15:52:22.376670 [debug] [Thread-1 (]: dbt_clickhouse adapter: SQL status: OK in 0.06 seconds
[0m15:52:22.379176 [debug] [Thread-1 (]: dbt_clickhouse adapter: On model.vinfast.mart_vehicle_360: /* {"app": "dbt", "dbt_version": "1.12.3", "profile_name": "vinfast", "target_name": "docker", "node_id": "model.vinfast.mart_vehicle_360"} */

    select name, type from system.columns where table = 'mart_vehicle_360__dbt_backup'
    
      and database = 'vinfast'
    
    order by position
  ...
[0m15:52:22.424693 [debug] [Thread-1 (]: dbt_clickhouse adapter: SQL status: OK in 0.04 seconds
[0m15:52:22.430864 [debug] [Thread-1 (]: Writing runtime sql for node "model.vinfast.mart_vehicle_360"
[0m15:52:22.433847 [debug] [Thread-1 (]: dbt_clickhouse adapter: On model.vinfast.mart_vehicle_360: /* {"app": "dbt", "dbt_version": "1.12.3", "profile_name": "vinfast", "target_name": "docker", "node_id": "model.vinfast.mart_vehicle_360"} */

  
    
    
    
        
         


        insert into `vinfast`.`mart_vehicle_360__dbt_backup`
        ("vehicle_id", "model", "type", "city_code", "battery_kwh", "current_soh_pct", "total_distance_km", "lifetime_avg_soc_pct", "total_charging_sessions", "total_kwh_charged", "had_tire_pressure_alert", "had_battery_temp_alert", "total_active_days", "first_seen_date", "last_seen_date")

with daily as (
    select * from `vinfast`.`int_vehicle_daily_stats`
),
charging as (
    select
        vehicle_id,
        count(*) as total_charging_sessions,
        sum(kwh_delivered) as total_kwh_charged
    from `vinfast`.`stg_charging_sessions`
    group by vehicle_id
),
telemetry_agg as (
    select
        vehicle_id,
        max(odometer_km) as latest_odometer_km,
        min(odometer_km) as earliest_odometer_km,
        avg(battery_soc_pct) as lifetime_avg_soc_pct,
        min(event_timestamp) as first_seen,
        max(event_timestamp) as last_seen
    from `vinfast`.`stg_telemetry`
    group by vehicle_id
)
select
    v.vehicle_id as vehicle_id,
    v.model as model,
    v.type as type,
    v.city_code as city_code,
    v.battery_kwh as battery_kwh,
    v.battery_soh_pct as current_soh_pct,
    coalesce(t.latest_odometer_km - v.odometer_start_km, 0) as total_distance_km,
    any(t.lifetime_avg_soc_pct) as lifetime_avg_soc_pct,
    coalesce(any(c.total_charging_sessions), 0) as total_charging_sessions,
    coalesce(any(c.total_kwh_charged), 0) as total_kwh_charged,
    max(d.had_tire_pressure_alert) as had_tire_pressure_alert,
    max(d.had_battery_temp_alert) as had_battery_temp_alert,
    countDistinct(d.activity_date) as total_active_days,
    toDate(any(t.first_seen)) as first_seen_date,
    toDate(any(t.last_seen)) as last_seen_date
from `vinfast`.`stg_vehicles` as v
left join telemetry_agg as t on v.vehicle_id = t.vehicle_id
left join daily as d on v.vehicle_id = d.vehicle_id
left join charging as c on v.vehicle_id = c.vehicle_id
group by
    v.vehicle_id, v.model, v.type, v.city_code, v.battery_kwh, v.battery_soh_pct,
    v.odometer_start_km, t.latest_odometer_km
  ...
[0m15:52:22.547229 [debug] [Thread-1 (]: dbt_clickhouse adapter: SQL status: OK in 0.11 seconds
[0m15:52:22.550740 [debug] [Thread-1 (]: dbt_clickhouse adapter: On model.vinfast.mart_vehicle_360: /* {"app": "dbt", "dbt_version": "1.12.3", "profile_name": "vinfast", "target_name": "docker", "node_id": "model.vinfast.mart_vehicle_360"} */
EXCHANGE TABLES `vinfast`.`mart_vehicle_360__dbt_backup` AND `vinfast`.`mart_vehicle_360` 
  
  ...
[0m15:52:22.554741 [debug] [Thread-1 (]: dbt_clickhouse adapter: SQL status: OK in 0.00 seconds
[0m15:52:22.562084 [debug] [Thread-1 (]: dbt_clickhouse adapter: On model.vinfast.mart_vehicle_360: /* {"app": "dbt", "dbt_version": "1.12.3", "profile_name": "vinfast", "target_name": "docker", "node_id": "model.vinfast.mart_vehicle_360"} */
drop table if exists `vinfast`.`mart_vehicle_360__dbt_backup` 
  ...
[0m15:52:22.608372 [debug] [Thread-1 (]: dbt_clickhouse adapter: SQL status: OK in 0.05 seconds
[0m15:52:22.612928 [debug] [Thread-1 (]: Sending event: {'category': 'dbt', 'action': 'run_model', 'label': '17863daf-ae36-433c-9a72-1bb7cdb1eb8b', 'context': [<snowplow_tracker.self_describing_json.SelfDescribingJson object at 0x000001258707AE00>]}
[0m15:52:22.615467 [info ] [Thread-1 (]: 16 of 16 OK created sql table model `vinfast`.`mart_vehicle_360` ............... [[32mOK[0m in 0.32s]
[0m15:52:22.618980 [debug] [Thread-1 (]: Finished running node model.vinfast.mart_vehicle_360
[0m15:52:22.621981 [debug] [MainThread]: Connection 'master' was properly closed.
[0m15:52:22.623004 [debug] [MainThread]: Connection 'list_' was left open.
[0m15:52:22.623996 [debug] [MainThread]: On list_: Close
[0m15:52:22.624980 [debug] [MainThread]: Connection 'list__vinfast' was left open.
[0m15:52:22.625984 [debug] [MainThread]: On list__vinfast: Close
[0m15:52:22.626979 [debug] [MainThread]: Connection 'model.vinfast.mart_vehicle_360' was left open.
[0m15:52:22.628483 [debug] [MainThread]: On model.vinfast.mart_vehicle_360: Close
[0m15:52:22.629495 [info ] [MainThread]: 
[0m15:52:22.631514 [info ] [MainThread]: Finished running 8 table models, 8 view models in 0 hours 0 minutes and 6.39 seconds (6.39s).
[0m15:52:22.637505 [debug] [MainThread]: Command end result
[0m15:52:22.782662 [debug] [MainThread]: Wrote artifact WritableManifest to D:\DE_prj\Vinfast_v1\dbt_project\target\manifest.json
[0m15:52:22.795272 [debug] [MainThread]: Wrote artifact SemanticManifest to D:\DE_prj\Vinfast_v1\dbt_project\target\semantic_manifest.json
[0m15:52:22.808682 [debug] [MainThread]: Wrote artifact OsiDocument to D:\DE_prj\Vinfast_v1\dbt_project\target\osi_document.json
[0m15:52:22.868543 [debug] [MainThread]: Wrote artifact RunExecutionResult to D:\DE_prj\Vinfast_v1\dbt_project\target\run_results.json
[0m15:52:22.869588 [info ] [MainThread]: 
[0m15:52:22.869588 [info ] [MainThread]: [32mCompleted successfully[0m
[0m15:52:22.870558 [info ] [MainThread]: 
[0m15:52:22.871591 [info ] [MainThread]: Done. PASS=16 WARN=0 ERROR=0 SKIP=0 NO-OP=0 REUSED=0 TOTAL=16
[0m15:52:22.874580 [debug] [MainThread]: Command `python -m dbt.cli.main run` succeeded at 15:52:22.874580 after 9.87 seconds
[0m15:52:22.875563 [debug] [MainThread]: Sending event: {'category': 'dbt', 'action': 'invocation', 'label': 'end', 'context': [<snowplow_tracker.self_describing_json.SelfDescribingJson object at 0x00000125863F74C0>, <snowplow_tracker.self_describing_json.SelfDescribingJson object at 0x00000125895FC400>, <snowplow_tracker.self_describing_json.SelfDescribingJson object at 0x00000125895FD840>]}
[0m15:52:22.876567 [debug] [MainThread]: Flushing usage events
[0m15:52:24.172719 [debug] [MainThread]: An error was encountered while trying to flush usage events
[0m15:52:27.700665 [debug] [MainThread]: Sending event: {'category': 'dbt', 'action': 'invocation', 'label': 'start', 'context': [<snowplow_tracker.self_describing_json.SelfDescribingJson object at 0x000001DC956E1720>, <snowplow_tracker.self_describing_json.SelfDescribingJson object at 0x000001DC97CEAF80>, <snowplow_tracker.self_describing_json.SelfDescribingJson object at 0x000001DC97CEAD70>]}


============================== 15:52:27.703671 | 09118f75-0e64-43d9-ac1c-d49310ad5dae ==============================
[0m15:52:27.703671 [info ] [MainThread]: Running with dbt=1.12.3
[0m15:52:27.703671 [debug] [MainThread]: running dbt with arguments {'maximum_seed_size_mib': '1', 'no_print': 'None', 'version_check': 'True', 'warn_error_options': 'WarnErrorOptionsV2(error=[], warn=[], silence=[])', 'target_path': 'None', 'static_parser': 'True', 'printer_width': '80', 'write_json': 'True', 'empty': 'None', 'log_cache_events': 'False', 'introspect': 'True', 'cache_selected_only': 'False', 'fail_fast': 'False', 'debug': 'False', 'log_format': 'default', 'partial_parse': 'True', 'send_anonymous_usage_stats': 'True', 'quiet': 'False', 'warn_error': 'None', 'profiles_dir': '.', 'indirect_selection': 'eager', 'hints_enabled': 'True', 'invocation_command': 'dbt test --profiles-dir . --target docker', 'use_experimental_parser': 'False', 'use_colors': 'True', 'log_path': 'D:\\DE_prj\\Vinfast_v1\\dbt_project\\logs'}
[0m15:52:27.961071 [debug] [MainThread]: Sending event: {'category': 'dbt', 'action': 'project_id', 'label': '09118f75-0e64-43d9-ac1c-d49310ad5dae', 'context': [<snowplow_tracker.self_describing_json.SelfDescribingJson object at 0x000001DC97CEB880>]}
[0m15:52:28.053892 [debug] [MainThread]: Sending event: {'category': 'dbt', 'action': 'adapter_info', 'label': '09118f75-0e64-43d9-ac1c-d49310ad5dae', 'context': [<snowplow_tracker.self_describing_json.SelfDescribingJson object at 0x000001DC97C71C60>]}
[0m15:52:28.054893 [info ] [MainThread]: Registered adapter: clickhouse=1.9.3
[0m15:52:28.921718 [debug] [MainThread]: checksum: 09915bdc41c29a1a682073d27ab01e44f5df6677538e1db23cf8667eab1919cd, vars: {}, profile: vinfast, target: docker, version: 1.12.3
[0m15:52:29.460325 [debug] [MainThread]: Partial parsing enabled: 0 files deleted, 0 files added, 0 files changed.
[0m15:52:29.461328 [debug] [MainThread]: Nothing changed, skipping partial parsing.
[0m15:52:29.463296 [debug] [MainThread]: Partial parsing enabled, no changes found, skipping parsing
[0m15:52:29.487340 [debug] [MainThread]: Sending event: {'category': 'dbt', 'action': 'load_project', 'label': '09118f75-0e64-43d9-ac1c-d49310ad5dae', 'context': [<snowplow_tracker.self_describing_json.SelfDescribingJson object at 0x000001DC982040D0>]}
[0m15:52:29.994091 [debug] [MainThread]: Wrote artifact WritableManifest to D:\DE_prj\Vinfast_v1\dbt_project\target\manifest.json
[0m15:52:30.040235 [debug] [MainThread]: Wrote artifact SemanticManifest to D:\DE_prj\Vinfast_v1\dbt_project\target\semantic_manifest.json
[0m15:52:30.109308 [debug] [MainThread]: Wrote artifact OsiDocument to D:\DE_prj\Vinfast_v1\dbt_project\target\osi_document.json
[0m15:52:30.165812 [debug] [MainThread]: Sending event: {'category': 'dbt', 'action': 'resource_counts', 'label': '09118f75-0e64-43d9-ac1c-d49310ad5dae', 'context': [<snowplow_tracker.self_describing_json.SelfDescribingJson object at 0x000001DC9839EBF0>]}
[0m15:52:30.167812 [info ] [MainThread]: Found 16 models, 26 data tests, 635 macros
[0m15:52:30.171175 [debug] [MainThread]: Sending event: {'category': 'dbt', 'action': 'runnable_timing', 'label': '09118f75-0e64-43d9-ac1c-d49310ad5dae', 'context': [<snowplow_tracker.self_describing_json.SelfDescribingJson object at 0x000001DC9839D9C0>]}
[0m15:52:30.179804 [info ] [MainThread]: 
[0m15:52:30.181820 [info ] [MainThread]: Concurrency: 1 threads (target='docker')
[0m15:52:30.182818 [info ] [MainThread]: 
[0m15:52:30.185823 [debug] [MainThread]: Acquiring new clickhouse connection 'master'
[0m15:52:30.208959 [debug] [ThreadPool]: Acquiring new clickhouse connection 'list__vinfast'
[0m15:52:30.289376 [debug] [ThreadPool]: Opening a new connection, currently in state init
[0m15:52:30.931912 [debug] [ThreadPool]: dbt_clickhouse adapter: On list__vinfast: /* {"app": "dbt", "dbt_version": "1.12.3", "profile_name": "vinfast", "target_name": "docker", "connection_name": "list__vinfast"} */
select
      t.name as name,
      t.database as schema,
      multiIf(
        engine in ('MaterializedView', 'View'), 'view',
        engine = 'Dictionary', 'dictionary',
        'table'
      ) as type,
      db.engine as db_engine,0 as is_on_cluster
          from system.tables as t join system.databases as db on t.database = db.name
        where schema = 'vinfast'
      

  ...
[0m15:52:30.982088 [debug] [ThreadPool]: dbt_clickhouse adapter: SQL status: OK in 0.05 seconds
[0m15:52:31.427674 [debug] [MainThread]: Sending event: {'category': 'dbt', 'action': 'runnable_timing', 'label': '09118f75-0e64-43d9-ac1c-d49310ad5dae', 'context': [<snowplow_tracker.self_describing_json.SelfDescribingJson object at 0x000001DC983B98A0>]}
[0m15:52:31.436211 [debug] [Thread-1 (]: Began running node test.vinfast.accepted_values_mart_charging_analytics_charger_type__AC_TYPE2__CCS2_DC.4932dc50f6
[0m15:52:31.436893 [info ] [Thread-1 (]: 1 of 26 START test accepted_values_mart_charging_analytics_charger_type__AC_TYPE2__CCS2_DC  [RUN]
[0m15:52:31.439450 [debug] [Thread-1 (]: Acquiring new clickhouse connection 'test.vinfast.accepted_values_mart_charging_analytics_charger_type__AC_TYPE2__CCS2_DC.4932dc50f6'
[0m15:52:31.440432 [debug] [Thread-1 (]: Began compiling node test.vinfast.accepted_values_mart_charging_analytics_charger_type__AC_TYPE2__CCS2_DC.4932dc50f6
[0m15:52:31.509340 [debug] [Thread-1 (]: Writing injected SQL for node "test.vinfast.accepted_values_mart_charging_analytics_charger_type__AC_TYPE2__CCS2_DC.4932dc50f6"
[0m15:52:31.512340 [debug] [Thread-1 (]: Began executing node test.vinfast.accepted_values_mart_charging_analytics_charger_type__AC_TYPE2__CCS2_DC.4932dc50f6
[0m15:52:31.553968 [debug] [Thread-1 (]: Writing runtime sql for node "test.vinfast.accepted_values_mart_charging_analytics_charger_type__AC_TYPE2__CCS2_DC.4932dc50f6"
[0m15:52:31.555973 [debug] [Thread-1 (]: Opening a new connection, currently in state init
[0m15:52:32.103081 [debug] [Thread-1 (]: dbt_clickhouse adapter: On test.vinfast.accepted_values_mart_charging_analytics_charger_type__AC_TYPE2__CCS2_DC.4932dc50f6: /* {"app": "dbt", "dbt_version": "1.12.3", "profile_name": "vinfast", "target_name": "docker", "node_id": "test.vinfast.accepted_values_mart_charging_analytics_charger_type__AC_TYPE2__CCS2_DC.4932dc50f6"} */

    
    
    select
      count(*) as failures,
      count(*) != 0 as should_warn,
      count(*) != 0 as should_error
    from (
      
    
  
    
    

with all_values as (

    select
        charger_type as value_field,
        count(*) as n_records

    from `vinfast`.`mart_charging_analytics`
    group by charger_type

)

select *
from all_values
where value_field not in (
    'AC_TYPE2','CCS2_DC'
)



  
  
    ) dbt_internal_test...
[0m15:52:32.154240 [debug] [Thread-1 (]: dbt_clickhouse adapter: SQL status: OK in 0.05 seconds
[0m15:52:32.165472 [info ] [Thread-1 (]: 1 of 26 PASS accepted_values_mart_charging_analytics_charger_type__AC_TYPE2__CCS2_DC  [[32mPASS[0m in 0.73s]
[0m15:52:32.167479 [debug] [Thread-1 (]: Finished running node test.vinfast.accepted_values_mart_charging_analytics_charger_type__AC_TYPE2__CCS2_DC.4932dc50f6
[0m15:52:32.168471 [debug] [Thread-1 (]: Began running node test.vinfast.accepted_values_mart_charging_revenue_charger_type__AC_TYPE2__CCS2_DC.c409246259
[0m15:52:32.168981 [info ] [Thread-1 (]: 2 of 26 START test accepted_values_mart_charging_revenue_charger_type__AC_TYPE2__CCS2_DC  [RUN]
[0m15:52:32.170999 [debug] [Thread-1 (]: Re-using an available connection from the pool (formerly test.vinfast.accepted_values_mart_charging_analytics_charger_type__AC_TYPE2__CCS2_DC.4932dc50f6, now test.vinfast.accepted_values_mart_charging_revenue_charger_type__AC_TYPE2__CCS2_DC.c409246259)
[0m15:52:32.172005 [debug] [Thread-1 (]: Began compiling node test.vinfast.accepted_values_mart_charging_revenue_charger_type__AC_TYPE2__CCS2_DC.c409246259
[0m15:52:32.185520 [debug] [Thread-1 (]: Writing injected SQL for node "test.vinfast.accepted_values_mart_charging_revenue_charger_type__AC_TYPE2__CCS2_DC.c409246259"
[0m15:52:32.188520 [debug] [Thread-1 (]: Began executing node test.vinfast.accepted_values_mart_charging_revenue_charger_type__AC_TYPE2__CCS2_DC.c409246259
[0m15:52:32.193471 [debug] [Thread-1 (]: Writing runtime sql for node "test.vinfast.accepted_values_mart_charging_revenue_charger_type__AC_TYPE2__CCS2_DC.c409246259"
[0m15:52:32.196473 [debug] [Thread-1 (]: dbt_clickhouse adapter: On test.vinfast.accepted_values_mart_charging_revenue_charger_type__AC_TYPE2__CCS2_DC.c409246259: /* {"app": "dbt", "dbt_version": "1.12.3", "profile_name": "vinfast", "target_name": "docker", "node_id": "test.vinfast.accepted_values_mart_charging_revenue_charger_type__AC_TYPE2__CCS2_DC.c409246259"} */

    
    
    select
      count(*) as failures,
      count(*) != 0 as should_warn,
      count(*) != 0 as should_error
    from (
      
    
  
    
    

with all_values as (

    select
        charger_type as value_field,
        count(*) as n_records

    from `vinfast`.`mart_charging_revenue`
    group by charger_type

)

select *
from all_values
where value_field not in (
    'AC_TYPE2','CCS2_DC'
)



  
  
    ) dbt_internal_test...
[0m15:52:32.246211 [debug] [Thread-1 (]: dbt_clickhouse adapter: SQL status: OK in 0.05 seconds
[0m15:52:32.249737 [info ] [Thread-1 (]: 2 of 26 PASS accepted_values_mart_charging_revenue_charger_type__AC_TYPE2__CCS2_DC  [[32mPASS[0m in 0.08s]
[0m15:52:32.251751 [debug] [Thread-1 (]: Finished running node test.vinfast.accepted_values_mart_charging_revenue_charger_type__AC_TYPE2__CCS2_DC.c409246259
[0m15:52:32.253833 [debug] [Thread-1 (]: Began running node test.vinfast.accepted_values_mart_customer_360_city_code__HN__SG__DN__TH__TN__NA__HT__QN.a5c0cbf984
[0m15:52:32.254784 [info ] [Thread-1 (]: 3 of 26 START test accepted_values_mart_customer_360_city_code__HN__SG__DN__TH__TN__NA__HT__QN  [RUN]
[0m15:52:32.255744 [debug] [Thread-1 (]: Re-using an available connection from the pool (formerly test.vinfast.accepted_values_mart_charging_revenue_charger_type__AC_TYPE2__CCS2_DC.c409246259, now test.vinfast.accepted_values_mart_customer_360_city_code__HN__SG__DN__TH__TN__NA__HT__QN.a5c0cbf984)
[0m15:52:32.257254 [debug] [Thread-1 (]: Began compiling node test.vinfast.accepted_values_mart_customer_360_city_code__HN__SG__DN__TH__TN__NA__HT__QN.a5c0cbf984
[0m15:52:32.366377 [debug] [Thread-1 (]: Writing injected SQL for node "test.vinfast.accepted_values_mart_customer_360_city_code__HN__SG__DN__TH__TN__NA__HT__QN.a5c0cbf984"
[0m15:52:32.368320 [debug] [Thread-1 (]: Began executing node test.vinfast.accepted_values_mart_customer_360_city_code__HN__SG__DN__TH__TN__NA__HT__QN.a5c0cbf984
[0m15:52:32.374497 [debug] [Thread-1 (]: Writing runtime sql for node "test.vinfast.accepted_values_mart_customer_360_city_code__HN__SG__DN__TH__TN__NA__HT__QN.a5c0cbf984"
[0m15:52:32.376516 [debug] [Thread-1 (]: dbt_clickhouse adapter: On test.vinfast.accepted_values_mart_customer_360_city_code__HN__SG__DN__TH__TN__NA__HT__QN.a5c0cbf984: /* {"app": "dbt", "dbt_version": "1.12.3", "profile_name": "vinfast", "target_name": "docker", "node_id": "test.vinfast.accepted_values_mart_customer_360_city_code__HN__SG__DN__TH__TN__NA__HT__QN.a5c0cbf984"} */

    
    
    select
      count(*) as failures,
      count(*) != 0 as should_warn,
      count(*) != 0 as should_error
    from (
      
    
  
    
    

with all_values as (

    select
        city_code as value_field,
        count(*) as n_records

    from `vinfast`.`mart_customer_360`
    group by city_code

)

select *
from all_values
where value_field not in (
    'HN','SG','DN','TH','TN','NA','HT','QN'
)



  
  
    ) dbt_internal_test...
[0m15:52:32.428590 [debug] [Thread-1 (]: dbt_clickhouse adapter: SQL status: OK in 0.05 seconds
[0m15:52:32.431565 [info ] [Thread-1 (]: 3 of 26 PASS accepted_values_mart_customer_360_city_code__HN__SG__DN__TH__TN__NA__HT__QN  [[32mPASS[0m in 0.18s]
[0m15:52:32.433577 [debug] [Thread-1 (]: Finished running node test.vinfast.accepted_values_mart_customer_360_city_code__HN__SG__DN__TH__TN__NA__HT__QN.a5c0cbf984
[0m15:52:32.436617 [debug] [Thread-1 (]: Began running node test.vinfast.accepted_values_mart_customer_360_lifecycle_stage__lead__prospect_warm__prospect_hot__customer.c3c3d6fc65
[0m15:52:32.438576 [info ] [Thread-1 (]: 4 of 26 START test accepted_values_mart_customer_360_lifecycle_stage__lead__prospect_warm__prospect_hot__customer  [RUN]
[0m15:52:32.440126 [debug] [Thread-1 (]: Re-using an available connection from the pool (formerly test.vinfast.accepted_values_mart_customer_360_city_code__HN__SG__DN__TH__TN__NA__HT__QN.a5c0cbf984, now test.vinfast.accepted_values_mart_customer_360_lifecycle_stage__lead__prospect_warm__prospect_hot__customer.c3c3d6fc65)
[0m15:52:32.442121 [debug] [Thread-1 (]: Began compiling node test.vinfast.accepted_values_mart_customer_360_lifecycle_stage__lead__prospect_warm__prospect_hot__customer.c3c3d6fc65
[0m15:52:32.487322 [debug] [Thread-1 (]: Writing injected SQL for node "test.vinfast.accepted_values_mart_customer_360_lifecycle_stage__lead__prospect_warm__prospect_hot__customer.c3c3d6fc65"
[0m15:52:32.488347 [debug] [Thread-1 (]: Began executing node test.vinfast.accepted_values_mart_customer_360_lifecycle_stage__lead__prospect_warm__prospect_hot__customer.c3c3d6fc65
[0m15:52:32.492416 [debug] [Thread-1 (]: Writing runtime sql for node "test.vinfast.accepted_values_mart_customer_360_lifecycle_stage__lead__prospect_warm__prospect_hot__customer.c3c3d6fc65"
[0m15:52:32.496435 [debug] [Thread-1 (]: dbt_clickhouse adapter: On test.vinfast.accepted_values_mart_customer_360_lifecycle_stage__lead__prospect_warm__prospect_hot__customer.c3c3d6fc65: /* {"app": "dbt", "dbt_version": "1.12.3", "profile_name": "vinfast", "target_name": "docker", "node_id": "test.vinfast.accepted_values_mart_customer_360_lifecycle_stage__lead__prospect_warm__prospect_hot__customer.c3c3d6fc65"} */

    
    
    select
      count(*) as failures,
      count(*) != 0 as should_warn,
      count(*) != 0 as should_error
    from (
      
    
  
    
    

with all_values as (

    select
        lifecycle_stage as value_field,
        count(*) as n_records

    from `vinfast`.`mart_customer_360`
    group by lifecycle_stage

)

select *
from all_values
where value_field not in (
    'lead','prospect_warm','prospect_hot','customer'
)



  
  
    ) dbt_internal_test...
[0m15:52:32.548618 [debug] [Thread-1 (]: dbt_clickhouse adapter: SQL status: OK in 0.05 seconds
[0m15:52:32.554624 [info ] [Thread-1 (]: 4 of 26 PASS accepted_values_mart_customer_360_lifecycle_stage__lead__prospect_warm__prospect_hot__customer  [[32mPASS[0m in 0.11s]
[0m15:52:32.557625 [debug] [Thread-1 (]: Finished running node test.vinfast.accepted_values_mart_customer_360_lifecycle_stage__lead__prospect_warm__prospect_hot__customer.c3c3d6fc65
[0m15:52:32.558624 [debug] [Thread-1 (]: Began running node test.vinfast.accepted_values_mart_sales_pipeline_city_code__HN__SG__DN__TH__TN__NA__HT__QN.8c4befecac
[0m15:52:32.559787 [info ] [Thread-1 (]: 5 of 26 START test accepted_values_mart_sales_pipeline_city_code__HN__SG__DN__TH__TN__NA__HT__QN  [RUN]
[0m15:52:32.562786 [debug] [Thread-1 (]: Re-using an available connection from the pool (formerly test.vinfast.accepted_values_mart_customer_360_lifecycle_stage__lead__prospect_warm__prospect_hot__customer.c3c3d6fc65, now test.vinfast.accepted_values_mart_sales_pipeline_city_code__HN__SG__DN__TH__TN__NA__HT__QN.8c4befecac)
[0m15:52:32.563788 [debug] [Thread-1 (]: Began compiling node test.vinfast.accepted_values_mart_sales_pipeline_city_code__HN__SG__DN__TH__TN__NA__HT__QN.8c4befecac
[0m15:52:32.576919 [debug] [Thread-1 (]: Writing injected SQL for node "test.vinfast.accepted_values_mart_sales_pipeline_city_code__HN__SG__DN__TH__TN__NA__HT__QN.8c4befecac"
[0m15:52:32.578428 [debug] [Thread-1 (]: Began executing node test.vinfast.accepted_values_mart_sales_pipeline_city_code__HN__SG__DN__TH__TN__NA__HT__QN.8c4befecac
[0m15:52:32.582452 [debug] [Thread-1 (]: Writing runtime sql for node "test.vinfast.accepted_values_mart_sales_pipeline_city_code__HN__SG__DN__TH__TN__NA__HT__QN.8c4befecac"
[0m15:52:32.584459 [debug] [Thread-1 (]: dbt_clickhouse adapter: On test.vinfast.accepted_values_mart_sales_pipeline_city_code__HN__SG__DN__TH__TN__NA__HT__QN.8c4befecac: /* {"app": "dbt", "dbt_version": "1.12.3", "profile_name": "vinfast", "target_name": "docker", "node_id": "test.vinfast.accepted_values_mart_sales_pipeline_city_code__HN__SG__DN__TH__TN__NA__HT__QN.8c4befecac"} */

    
    
    select
      count(*) as failures,
      count(*) != 0 as should_warn,
      count(*) != 0 as should_error
    from (
      
    
  
    
    

with all_values as (

    select
        city_code as value_field,
        count(*) as n_records

    from `vinfast`.`mart_sales_pipeline`
    group by city_code

)

select *
from all_values
where value_field not in (
    'HN','SG','DN','TH','TN','NA','HT','QN'
)



  
  
    ) dbt_internal_test...
[0m15:52:32.636487 [debug] [Thread-1 (]: dbt_clickhouse adapter: SQL status: OK in 0.05 seconds
[0m15:52:32.639995 [info ] [Thread-1 (]: 5 of 26 PASS accepted_values_mart_sales_pipeline_city_code__HN__SG__DN__TH__TN__NA__HT__QN  [[32mPASS[0m in 0.08s]
[0m15:52:32.644013 [debug] [Thread-1 (]: Finished running node test.vinfast.accepted_values_mart_sales_pipeline_city_code__HN__SG__DN__TH__TN__NA__HT__QN.8c4befecac
[0m15:52:32.645014 [debug] [Thread-1 (]: Began running node test.vinfast.accepted_values_mart_vehicle_360_city_code__HN__SG__DN__TH__TN__NA__HT__QN.380bcbb4b4
[0m15:52:32.649535 [info ] [Thread-1 (]: 6 of 26 START test accepted_values_mart_vehicle_360_city_code__HN__SG__DN__TH__TN__NA__HT__QN  [RUN]
[0m15:52:32.650532 [debug] [Thread-1 (]: Re-using an available connection from the pool (formerly test.vinfast.accepted_values_mart_sales_pipeline_city_code__HN__SG__DN__TH__TN__NA__HT__QN.8c4befecac, now test.vinfast.accepted_values_mart_vehicle_360_city_code__HN__SG__DN__TH__TN__NA__HT__QN.380bcbb4b4)
[0m15:52:32.652557 [debug] [Thread-1 (]: Began compiling node test.vinfast.accepted_values_mart_vehicle_360_city_code__HN__SG__DN__TH__TN__NA__HT__QN.380bcbb4b4
[0m15:52:32.681512 [debug] [Thread-1 (]: Writing injected SQL for node "test.vinfast.accepted_values_mart_vehicle_360_city_code__HN__SG__DN__TH__TN__NA__HT__QN.380bcbb4b4"
[0m15:52:32.689977 [debug] [Thread-1 (]: Began executing node test.vinfast.accepted_values_mart_vehicle_360_city_code__HN__SG__DN__TH__TN__NA__HT__QN.380bcbb4b4
[0m15:52:32.696971 [debug] [Thread-1 (]: Writing runtime sql for node "test.vinfast.accepted_values_mart_vehicle_360_city_code__HN__SG__DN__TH__TN__NA__HT__QN.380bcbb4b4"
[0m15:52:32.699519 [debug] [Thread-1 (]: dbt_clickhouse adapter: On test.vinfast.accepted_values_mart_vehicle_360_city_code__HN__SG__DN__TH__TN__NA__HT__QN.380bcbb4b4: /* {"app": "dbt", "dbt_version": "1.12.3", "profile_name": "vinfast", "target_name": "docker", "node_id": "test.vinfast.accepted_values_mart_vehicle_360_city_code__HN__SG__DN__TH__TN__NA__HT__QN.380bcbb4b4"} */

    
    
    select
      count(*) as failures,
      count(*) != 0 as should_warn,
      count(*) != 0 as should_error
    from (
      
    
  
    
    

with all_values as (

    select
        city_code as value_field,
        count(*) as n_records

    from `vinfast`.`mart_vehicle_360`
    group by city_code

)

select *
from all_values
where value_field not in (
    'HN','SG','DN','TH','TN','NA','HT','QN'
)



  
  
    ) dbt_internal_test...
[0m15:52:32.757755 [debug] [Thread-1 (]: dbt_clickhouse adapter: SQL status: OK in 0.06 seconds
[0m15:52:32.768305 [info ] [Thread-1 (]: 6 of 26 PASS accepted_values_mart_vehicle_360_city_code__HN__SG__DN__TH__TN__NA__HT__QN  [[32mPASS[0m in 0.12s]
[0m15:52:32.773839 [debug] [Thread-1 (]: Finished running node test.vinfast.accepted_values_mart_vehicle_360_city_code__HN__SG__DN__TH__TN__NA__HT__QN.380bcbb4b4
[0m15:52:32.778351 [debug] [Thread-1 (]: Began running node test.vinfast.accepted_values_mart_vehicle_360_type__car__motorbike.5134ef0f09
[0m15:52:32.783384 [info ] [Thread-1 (]: 7 of 26 START test accepted_values_mart_vehicle_360_type__car__motorbike ....... [RUN]
[0m15:52:32.786405 [debug] [Thread-1 (]: Re-using an available connection from the pool (formerly test.vinfast.accepted_values_mart_vehicle_360_city_code__HN__SG__DN__TH__TN__NA__HT__QN.380bcbb4b4, now test.vinfast.accepted_values_mart_vehicle_360_type__car__motorbike.5134ef0f09)
[0m15:52:32.787396 [debug] [Thread-1 (]: Began compiling node test.vinfast.accepted_values_mart_vehicle_360_type__car__motorbike.5134ef0f09
[0m15:52:32.815848 [debug] [Thread-1 (]: Writing injected SQL for node "test.vinfast.accepted_values_mart_vehicle_360_type__car__motorbike.5134ef0f09"
[0m15:52:32.816853 [debug] [Thread-1 (]: Began executing node test.vinfast.accepted_values_mart_vehicle_360_type__car__motorbike.5134ef0f09
[0m15:52:32.820943 [debug] [Thread-1 (]: Writing runtime sql for node "test.vinfast.accepted_values_mart_vehicle_360_type__car__motorbike.5134ef0f09"
[0m15:52:32.822966 [debug] [Thread-1 (]: dbt_clickhouse adapter: On test.vinfast.accepted_values_mart_vehicle_360_type__car__motorbike.5134ef0f09: /* {"app": "dbt", "dbt_version": "1.12.3", "profile_name": "vinfast", "target_name": "docker", "node_id": "test.vinfast.accepted_values_mart_vehicle_360_type__car__motorbike.5134ef0f09"} */

    
    
    select
      count(*) as failures,
      count(*) != 0 as should_warn,
      count(*) != 0 as should_error
    from (
      
    
  
    
    

with all_values as (

    select
        type as value_field,
        count(*) as n_records

    from `vinfast`.`mart_vehicle_360`
    group by type

)

select *
from all_values
where value_field not in (
    'car','motorbike'
)



  
  
    ) dbt_internal_test...
[0m15:52:32.873152 [debug] [Thread-1 (]: dbt_clickhouse adapter: SQL status: OK in 0.05 seconds
[0m15:52:32.875367 [info ] [Thread-1 (]: 7 of 26 PASS accepted_values_mart_vehicle_360_type__car__motorbike ............. [[32mPASS[0m in 0.09s]
[0m15:52:32.876371 [debug] [Thread-1 (]: Finished running node test.vinfast.accepted_values_mart_vehicle_360_type__car__motorbike.5134ef0f09
[0m15:52:32.877369 [debug] [Thread-1 (]: Began running node test.vinfast.dbt_utils_expression_is_true_mart_charging_analytics_end_soc_pct_start_soc_pct.aaf8e84d7d
[0m15:52:32.878371 [info ] [Thread-1 (]: 8 of 26 START test dbt_utils_expression_is_true_mart_charging_analytics_end_soc_pct_start_soc_pct  [RUN]
[0m15:52:32.878371 [debug] [Thread-1 (]: Re-using an available connection from the pool (formerly test.vinfast.accepted_values_mart_vehicle_360_type__car__motorbike.5134ef0f09, now test.vinfast.dbt_utils_expression_is_true_mart_charging_analytics_end_soc_pct_start_soc_pct.aaf8e84d7d)
[0m15:52:32.879458 [debug] [Thread-1 (]: Began compiling node test.vinfast.dbt_utils_expression_is_true_mart_charging_analytics_end_soc_pct_start_soc_pct.aaf8e84d7d
[0m15:52:32.912415 [debug] [Thread-1 (]: Writing injected SQL for node "test.vinfast.dbt_utils_expression_is_true_mart_charging_analytics_end_soc_pct_start_soc_pct.aaf8e84d7d"
[0m15:52:32.916418 [debug] [Thread-1 (]: Began executing node test.vinfast.dbt_utils_expression_is_true_mart_charging_analytics_end_soc_pct_start_soc_pct.aaf8e84d7d
[0m15:52:32.923492 [debug] [Thread-1 (]: Writing runtime sql for node "test.vinfast.dbt_utils_expression_is_true_mart_charging_analytics_end_soc_pct_start_soc_pct.aaf8e84d7d"
[0m15:52:32.927502 [debug] [Thread-1 (]: dbt_clickhouse adapter: On test.vinfast.dbt_utils_expression_is_true_mart_charging_analytics_end_soc_pct_start_soc_pct.aaf8e84d7d: /* {"app": "dbt", "dbt_version": "1.12.3", "profile_name": "vinfast", "target_name": "docker", "node_id": "test.vinfast.dbt_utils_expression_is_true_mart_charging_analytics_end_soc_pct_start_soc_pct.aaf8e84d7d"} */

    
    
    select
      count(*) as failures,
      count(*) != 0 as should_warn,
      count(*) != 0 as should_error
    from (
      
    
  



select
    1
from `vinfast`.`mart_charging_analytics`

where not(end_soc_pct >= start_soc_pct)


  
  
    ) dbt_internal_test...
[0m15:52:32.978754 [debug] [Thread-1 (]: dbt_clickhouse adapter: SQL status: OK in 0.05 seconds
[0m15:52:32.983004 [info ] [Thread-1 (]: 8 of 26 PASS dbt_utils_expression_is_true_mart_charging_analytics_end_soc_pct_start_soc_pct  [[32mPASS[0m in 0.10s]
[0m15:52:32.985002 [debug] [Thread-1 (]: Finished running node test.vinfast.dbt_utils_expression_is_true_mart_charging_analytics_end_soc_pct_start_soc_pct.aaf8e84d7d
[0m15:52:32.987018 [debug] [Thread-1 (]: Began running node test.vinfast.dbt_utils_expression_is_true_mart_charging_analytics_ended_at_started_at.a25ccfbc4d
[0m15:52:32.988547 [info ] [Thread-1 (]: 9 of 26 START test dbt_utils_expression_is_true_mart_charging_analytics_ended_at_started_at  [RUN]
[0m15:52:32.990570 [debug] [Thread-1 (]: Re-using an available connection from the pool (formerly test.vinfast.dbt_utils_expression_is_true_mart_charging_analytics_end_soc_pct_start_soc_pct.aaf8e84d7d, now test.vinfast.dbt_utils_expression_is_true_mart_charging_analytics_ended_at_started_at.a25ccfbc4d)
[0m15:52:32.992584 [debug] [Thread-1 (]: Began compiling node test.vinfast.dbt_utils_expression_is_true_mart_charging_analytics_ended_at_started_at.a25ccfbc4d
[0m15:52:33.015234 [debug] [Thread-1 (]: Writing injected SQL for node "test.vinfast.dbt_utils_expression_is_true_mart_charging_analytics_ended_at_started_at.a25ccfbc4d"
[0m15:52:33.018764 [debug] [Thread-1 (]: Began executing node test.vinfast.dbt_utils_expression_is_true_mart_charging_analytics_ended_at_started_at.a25ccfbc4d
[0m15:52:33.023308 [debug] [Thread-1 (]: Writing runtime sql for node "test.vinfast.dbt_utils_expression_is_true_mart_charging_analytics_ended_at_started_at.a25ccfbc4d"
[0m15:52:33.026308 [debug] [Thread-1 (]: dbt_clickhouse adapter: On test.vinfast.dbt_utils_expression_is_true_mart_charging_analytics_ended_at_started_at.a25ccfbc4d: /* {"app": "dbt", "dbt_version": "1.12.3", "profile_name": "vinfast", "target_name": "docker", "node_id": "test.vinfast.dbt_utils_expression_is_true_mart_charging_analytics_ended_at_started_at.a25ccfbc4d"} */

    
    
    select
      count(*) as failures,
      count(*) != 0 as should_warn,
      count(*) != 0 as should_error
    from (
      
    
  



select
    1
from `vinfast`.`mart_charging_analytics`

where not(ended_at > started_at)


  
  
    ) dbt_internal_test...
[0m15:52:33.079231 [debug] [Thread-1 (]: dbt_clickhouse adapter: SQL status: OK in 0.05 seconds
[0m15:52:33.083224 [info ] [Thread-1 (]: 9 of 26 PASS dbt_utils_expression_is_true_mart_charging_analytics_ended_at_started_at  [[32mPASS[0m in 0.09s]
[0m15:52:33.086241 [debug] [Thread-1 (]: Finished running node test.vinfast.dbt_utils_expression_is_true_mart_charging_analytics_ended_at_started_at.a25ccfbc4d
[0m15:52:33.088772 [debug] [Thread-1 (]: Began running node test.vinfast.not_null_mart_charging_analytics_ended_at.74a751ffa0
[0m15:52:33.091802 [info ] [Thread-1 (]: 10 of 26 START test not_null_mart_charging_analytics_ended_at .................. [RUN]
[0m15:52:33.094786 [debug] [Thread-1 (]: Re-using an available connection from the pool (formerly test.vinfast.dbt_utils_expression_is_true_mart_charging_analytics_ended_at_started_at.a25ccfbc4d, now test.vinfast.not_null_mart_charging_analytics_ended_at.74a751ffa0)
[0m15:52:33.095802 [debug] [Thread-1 (]: Began compiling node test.vinfast.not_null_mart_charging_analytics_ended_at.74a751ffa0
[0m15:52:33.116594 [debug] [Thread-1 (]: Writing injected SQL for node "test.vinfast.not_null_mart_charging_analytics_ended_at.74a751ffa0"
[0m15:52:33.120139 [debug] [Thread-1 (]: Began executing node test.vinfast.not_null_mart_charging_analytics_ended_at.74a751ffa0
[0m15:52:33.125678 [debug] [Thread-1 (]: Writing runtime sql for node "test.vinfast.not_null_mart_charging_analytics_ended_at.74a751ffa0"
[0m15:52:33.128687 [debug] [Thread-1 (]: dbt_clickhouse adapter: On test.vinfast.not_null_mart_charging_analytics_ended_at.74a751ffa0: /* {"app": "dbt", "dbt_version": "1.12.3", "profile_name": "vinfast", "target_name": "docker", "node_id": "test.vinfast.not_null_mart_charging_analytics_ended_at.74a751ffa0"} */

    
    
    select
      count(*) as failures,
      count(*) != 0 as should_warn,
      count(*) != 0 as should_error
    from (
      
    
  
    
    



select ended_at
from `vinfast`.`mart_charging_analytics`
where ended_at is null



  
  
    ) dbt_internal_test...
[0m15:52:33.179059 [debug] [Thread-1 (]: dbt_clickhouse adapter: SQL status: OK in 0.05 seconds
[0m15:52:33.184077 [info ] [Thread-1 (]: 10 of 26 PASS not_null_mart_charging_analytics_ended_at ........................ [[32mPASS[0m in 0.09s]
[0m15:52:33.186114 [debug] [Thread-1 (]: Finished running node test.vinfast.not_null_mart_charging_analytics_ended_at.74a751ffa0
[0m15:52:33.187098 [debug] [Thread-1 (]: Began running node test.vinfast.not_null_mart_charging_analytics_session_id.376bdff5a7
[0m15:52:33.189643 [info ] [Thread-1 (]: 11 of 26 START test not_null_mart_charging_analytics_session_id ................ [RUN]
[0m15:52:33.190643 [debug] [Thread-1 (]: Re-using an available connection from the pool (formerly test.vinfast.not_null_mart_charging_analytics_ended_at.74a751ffa0, now test.vinfast.not_null_mart_charging_analytics_session_id.376bdff5a7)
[0m15:52:33.192670 [debug] [Thread-1 (]: Began compiling node test.vinfast.not_null_mart_charging_analytics_session_id.376bdff5a7
[0m15:52:33.207211 [debug] [Thread-1 (]: Writing injected SQL for node "test.vinfast.not_null_mart_charging_analytics_session_id.376bdff5a7"
[0m15:52:33.210756 [debug] [Thread-1 (]: Began executing node test.vinfast.not_null_mart_charging_analytics_session_id.376bdff5a7
[0m15:52:33.215731 [debug] [Thread-1 (]: Writing runtime sql for node "test.vinfast.not_null_mart_charging_analytics_session_id.376bdff5a7"
[0m15:52:33.218751 [debug] [Thread-1 (]: dbt_clickhouse adapter: On test.vinfast.not_null_mart_charging_analytics_session_id.376bdff5a7: /* {"app": "dbt", "dbt_version": "1.12.3", "profile_name": "vinfast", "target_name": "docker", "node_id": "test.vinfast.not_null_mart_charging_analytics_session_id.376bdff5a7"} */

    
    
    select
      count(*) as failures,
      count(*) != 0 as should_warn,
      count(*) != 0 as should_error
    from (
      
    
  
    
    



select session_id
from `vinfast`.`mart_charging_analytics`
where session_id is null



  
  
    ) dbt_internal_test...
[0m15:52:33.277697 [debug] [Thread-1 (]: dbt_clickhouse adapter: SQL status: OK in 0.06 seconds
[0m15:52:33.289397 [info ] [Thread-1 (]: 11 of 26 PASS not_null_mart_charging_analytics_session_id ...................... [[32mPASS[0m in 0.10s]
[0m15:52:33.292419 [debug] [Thread-1 (]: Finished running node test.vinfast.not_null_mart_charging_analytics_session_id.376bdff5a7
[0m15:52:33.297400 [debug] [Thread-1 (]: Began running node test.vinfast.not_null_mart_charging_analytics_started_at.ec2947dd02
[0m15:52:33.299832 [info ] [Thread-1 (]: 12 of 26 START test not_null_mart_charging_analytics_started_at ................ [RUN]
[0m15:52:33.302855 [debug] [Thread-1 (]: Re-using an available connection from the pool (formerly test.vinfast.not_null_mart_charging_analytics_session_id.376bdff5a7, now test.vinfast.not_null_mart_charging_analytics_started_at.ec2947dd02)
[0m15:52:33.304861 [debug] [Thread-1 (]: Began compiling node test.vinfast.not_null_mart_charging_analytics_started_at.ec2947dd02
[0m15:52:33.319855 [debug] [Thread-1 (]: Writing injected SQL for node "test.vinfast.not_null_mart_charging_analytics_started_at.ec2947dd02"
[0m15:52:33.322394 [debug] [Thread-1 (]: Began executing node test.vinfast.not_null_mart_charging_analytics_started_at.ec2947dd02
[0m15:52:33.339461 [debug] [Thread-1 (]: Writing runtime sql for node "test.vinfast.not_null_mart_charging_analytics_started_at.ec2947dd02"
[0m15:52:33.341447 [debug] [Thread-1 (]: dbt_clickhouse adapter: On test.vinfast.not_null_mart_charging_analytics_started_at.ec2947dd02: /* {"app": "dbt", "dbt_version": "1.12.3", "profile_name": "vinfast", "target_name": "docker", "node_id": "test.vinfast.not_null_mart_charging_analytics_started_at.ec2947dd02"} */

    
    
    select
      count(*) as failures,
      count(*) != 0 as should_warn,
      count(*) != 0 as should_error
    from (
      
    
  
    
    



select started_at
from `vinfast`.`mart_charging_analytics`
where started_at is null



  
  
    ) dbt_internal_test...
[0m15:52:33.398458 [debug] [Thread-1 (]: dbt_clickhouse adapter: SQL status: OK in 0.05 seconds
[0m15:52:33.419313 [info ] [Thread-1 (]: 12 of 26 PASS not_null_mart_charging_analytics_started_at ...................... [[32mPASS[0m in 0.12s]
[0m15:52:33.421838 [debug] [Thread-1 (]: Finished running node test.vinfast.not_null_mart_charging_analytics_started_at.ec2947dd02
[0m15:52:33.422857 [debug] [Thread-1 (]: Began running node test.vinfast.not_null_mart_charging_analytics_vehicle_id.984ccd85f1
[0m15:52:33.423852 [info ] [Thread-1 (]: 13 of 26 START test not_null_mart_charging_analytics_vehicle_id ................ [RUN]
[0m15:52:33.425850 [debug] [Thread-1 (]: Re-using an available connection from the pool (formerly test.vinfast.not_null_mart_charging_analytics_started_at.ec2947dd02, now test.vinfast.not_null_mart_charging_analytics_vehicle_id.984ccd85f1)
[0m15:52:33.426854 [debug] [Thread-1 (]: Began compiling node test.vinfast.not_null_mart_charging_analytics_vehicle_id.984ccd85f1
[0m15:52:33.442434 [debug] [Thread-1 (]: Writing injected SQL for node "test.vinfast.not_null_mart_charging_analytics_vehicle_id.984ccd85f1"
[0m15:52:33.445436 [debug] [Thread-1 (]: Began executing node test.vinfast.not_null_mart_charging_analytics_vehicle_id.984ccd85f1
[0m15:52:33.450680 [debug] [Thread-1 (]: Writing runtime sql for node "test.vinfast.not_null_mart_charging_analytics_vehicle_id.984ccd85f1"
[0m15:52:33.454771 [debug] [Thread-1 (]: dbt_clickhouse adapter: On test.vinfast.not_null_mart_charging_analytics_vehicle_id.984ccd85f1: /* {"app": "dbt", "dbt_version": "1.12.3", "profile_name": "vinfast", "target_name": "docker", "node_id": "test.vinfast.not_null_mart_charging_analytics_vehicle_id.984ccd85f1"} */

    
    
    select
      count(*) as failures,
      count(*) != 0 as should_warn,
      count(*) != 0 as should_error
    from (
      
    
  
    
    



select vehicle_id
from `vinfast`.`mart_charging_analytics`
where vehicle_id is null



  
  
    ) dbt_internal_test...
[0m15:52:33.510028 [debug] [Thread-1 (]: dbt_clickhouse adapter: SQL status: OK in 0.05 seconds
[0m15:52:33.514192 [info ] [Thread-1 (]: 13 of 26 PASS not_null_mart_charging_analytics_vehicle_id ...................... [[32mPASS[0m in 0.09s]
[0m15:52:33.515208 [debug] [Thread-1 (]: Finished running node test.vinfast.not_null_mart_charging_analytics_vehicle_id.984ccd85f1
[0m15:52:33.518702 [debug] [Thread-1 (]: Began running node test.vinfast.not_null_mart_charging_revenue_station_id.c166c0b904
[0m15:52:33.526280 [info ] [Thread-1 (]: 14 of 26 START test not_null_mart_charging_revenue_station_id .................. [RUN]
[0m15:52:33.531839 [debug] [Thread-1 (]: Re-using an available connection from the pool (formerly test.vinfast.not_null_mart_charging_analytics_vehicle_id.984ccd85f1, now test.vinfast.not_null_mart_charging_revenue_station_id.c166c0b904)
[0m15:52:33.543394 [debug] [Thread-1 (]: Began compiling node test.vinfast.not_null_mart_charging_revenue_station_id.c166c0b904
[0m15:52:33.575962 [debug] [Thread-1 (]: Writing injected SQL for node "test.vinfast.not_null_mart_charging_revenue_station_id.c166c0b904"
[0m15:52:33.577522 [debug] [Thread-1 (]: Began executing node test.vinfast.not_null_mart_charging_revenue_station_id.c166c0b904
[0m15:52:33.581089 [debug] [Thread-1 (]: Writing runtime sql for node "test.vinfast.not_null_mart_charging_revenue_station_id.c166c0b904"
[0m15:52:33.582802 [debug] [Thread-1 (]: dbt_clickhouse adapter: On test.vinfast.not_null_mart_charging_revenue_station_id.c166c0b904: /* {"app": "dbt", "dbt_version": "1.12.3", "profile_name": "vinfast", "target_name": "docker", "node_id": "test.vinfast.not_null_mart_charging_revenue_station_id.c166c0b904"} */

    
    
    select
      count(*) as failures,
      count(*) != 0 as should_warn,
      count(*) != 0 as should_error
    from (
      
    
  
    
    



select station_id
from `vinfast`.`mart_charging_revenue`
where station_id is null



  
  
    ) dbt_internal_test...
[0m15:52:33.632741 [debug] [Thread-1 (]: dbt_clickhouse adapter: SQL status: OK in 0.05 seconds
[0m15:52:33.635730 [info ] [Thread-1 (]: 14 of 26 PASS not_null_mart_charging_revenue_station_id ........................ [[32mPASS[0m in 0.11s]
[0m15:52:33.636713 [debug] [Thread-1 (]: Finished running node test.vinfast.not_null_mart_charging_revenue_station_id.c166c0b904
[0m15:52:33.638738 [debug] [Thread-1 (]: Began running node test.vinfast.not_null_mart_customer_360_customer_id.f48db14d9f
[0m15:52:33.638738 [info ] [Thread-1 (]: 15 of 26 START test not_null_mart_customer_360_customer_id ..................... [RUN]
[0m15:52:33.642261 [debug] [Thread-1 (]: Re-using an available connection from the pool (formerly test.vinfast.not_null_mart_charging_revenue_station_id.c166c0b904, now test.vinfast.not_null_mart_customer_360_customer_id.f48db14d9f)
[0m15:52:33.643256 [debug] [Thread-1 (]: Began compiling node test.vinfast.not_null_mart_customer_360_customer_id.f48db14d9f
[0m15:52:33.655325 [debug] [Thread-1 (]: Writing injected SQL for node "test.vinfast.not_null_mart_customer_360_customer_id.f48db14d9f"
[0m15:52:33.657260 [debug] [Thread-1 (]: Began executing node test.vinfast.not_null_mart_customer_360_customer_id.f48db14d9f
[0m15:52:33.662189 [debug] [Thread-1 (]: Writing runtime sql for node "test.vinfast.not_null_mart_customer_360_customer_id.f48db14d9f"
[0m15:52:33.663190 [debug] [Thread-1 (]: dbt_clickhouse adapter: On test.vinfast.not_null_mart_customer_360_customer_id.f48db14d9f: /* {"app": "dbt", "dbt_version": "1.12.3", "profile_name": "vinfast", "target_name": "docker", "node_id": "test.vinfast.not_null_mart_customer_360_customer_id.f48db14d9f"} */

    
    
    select
      count(*) as failures,
      count(*) != 0 as should_warn,
      count(*) != 0 as should_error
    from (
      
    
  
    
    



select customer_id
from `vinfast`.`mart_customer_360`
where customer_id is null



  
  
    ) dbt_internal_test...
[0m15:52:33.716290 [debug] [Thread-1 (]: dbt_clickhouse adapter: SQL status: OK in 0.05 seconds
[0m15:52:33.721309 [info ] [Thread-1 (]: 15 of 26 PASS not_null_mart_customer_360_customer_id ........................... [[32mPASS[0m in 0.08s]
[0m15:52:33.723318 [debug] [Thread-1 (]: Finished running node test.vinfast.not_null_mart_customer_360_customer_id.f48db14d9f
[0m15:52:33.725325 [debug] [Thread-1 (]: Began running node test.vinfast.not_null_mart_customer_360_phone.19f6262c70
[0m15:52:33.727340 [info ] [Thread-1 (]: 16 of 26 START test not_null_mart_customer_360_phone ........................... [RUN]
[0m15:52:33.729878 [debug] [Thread-1 (]: Re-using an available connection from the pool (formerly test.vinfast.not_null_mart_customer_360_customer_id.f48db14d9f, now test.vinfast.not_null_mart_customer_360_phone.19f6262c70)
[0m15:52:33.730879 [debug] [Thread-1 (]: Began compiling node test.vinfast.not_null_mart_customer_360_phone.19f6262c70
[0m15:52:33.743434 [debug] [Thread-1 (]: Writing injected SQL for node "test.vinfast.not_null_mart_customer_360_phone.19f6262c70"
[0m15:52:33.745434 [debug] [Thread-1 (]: Began executing node test.vinfast.not_null_mart_customer_360_phone.19f6262c70
[0m15:52:33.750972 [debug] [Thread-1 (]: Writing runtime sql for node "test.vinfast.not_null_mart_customer_360_phone.19f6262c70"
[0m15:52:33.752987 [debug] [Thread-1 (]: dbt_clickhouse adapter: On test.vinfast.not_null_mart_customer_360_phone.19f6262c70: /* {"app": "dbt", "dbt_version": "1.12.3", "profile_name": "vinfast", "target_name": "docker", "node_id": "test.vinfast.not_null_mart_customer_360_phone.19f6262c70"} */

    
    
    select
      count(*) as failures,
      count(*) != 0 as should_warn,
      count(*) != 0 as should_error
    from (
      
    
  
    
    



select phone
from `vinfast`.`mart_customer_360`
where phone is null



  
  
    ) dbt_internal_test...
[0m15:52:33.807422 [debug] [Thread-1 (]: dbt_clickhouse adapter: SQL status: OK in 0.05 seconds
[0m15:52:33.814966 [info ] [Thread-1 (]: 16 of 26 PASS not_null_mart_customer_360_phone ................................. [[32mPASS[0m in 0.09s]
[0m15:52:33.816981 [debug] [Thread-1 (]: Finished running node test.vinfast.not_null_mart_customer_360_phone.19f6262c70
[0m15:52:33.819522 [debug] [Thread-1 (]: Began running node test.vinfast.not_null_mart_daily_fleet_activity_date.efcdba8ae2
[0m15:52:33.821525 [info ] [Thread-1 (]: 17 of 26 START test not_null_mart_daily_fleet_activity_date .................... [RUN]
[0m15:52:33.821525 [debug] [Thread-1 (]: Re-using an available connection from the pool (formerly test.vinfast.not_null_mart_customer_360_phone.19f6262c70, now test.vinfast.not_null_mart_daily_fleet_activity_date.efcdba8ae2)
[0m15:52:33.823950 [debug] [Thread-1 (]: Began compiling node test.vinfast.not_null_mart_daily_fleet_activity_date.efcdba8ae2
[0m15:52:33.838462 [debug] [Thread-1 (]: Writing injected SQL for node "test.vinfast.not_null_mart_daily_fleet_activity_date.efcdba8ae2"
[0m15:52:33.840453 [debug] [Thread-1 (]: Began executing node test.vinfast.not_null_mart_daily_fleet_activity_date.efcdba8ae2
[0m15:52:33.844460 [debug] [Thread-1 (]: Writing runtime sql for node "test.vinfast.not_null_mart_daily_fleet_activity_date.efcdba8ae2"
[0m15:52:33.845457 [debug] [Thread-1 (]: dbt_clickhouse adapter: On test.vinfast.not_null_mart_daily_fleet_activity_date.efcdba8ae2: /* {"app": "dbt", "dbt_version": "1.12.3", "profile_name": "vinfast", "target_name": "docker", "node_id": "test.vinfast.not_null_mart_daily_fleet_activity_date.efcdba8ae2"} */

    
    
    select
      count(*) as failures,
      count(*) != 0 as should_warn,
      count(*) != 0 as should_error
    from (
      
    
  
    
    



select activity_date
from `vinfast`.`mart_daily_fleet`
where activity_date is null



  
  
    ) dbt_internal_test...
[0m15:52:33.901475 [debug] [Thread-1 (]: dbt_clickhouse adapter: SQL status: OK in 0.05 seconds
[0m15:52:33.914583 [info ] [Thread-1 (]: 17 of 26 PASS not_null_mart_daily_fleet_activity_date .......................... [[32mPASS[0m in 0.09s]
[0m15:52:33.931427 [debug] [Thread-1 (]: Finished running node test.vinfast.not_null_mart_daily_fleet_activity_date.efcdba8ae2
[0m15:52:33.939527 [debug] [Thread-1 (]: Began running node test.vinfast.not_null_mart_sales_pipeline_dealer_id.9b9d45967d
[0m15:52:33.944076 [info ] [Thread-1 (]: 18 of 26 START test not_null_mart_sales_pipeline_dealer_id ..................... [RUN]
[0m15:52:33.950621 [debug] [Thread-1 (]: Re-using an available connection from the pool (formerly test.vinfast.not_null_mart_daily_fleet_activity_date.efcdba8ae2, now test.vinfast.not_null_mart_sales_pipeline_dealer_id.9b9d45967d)
[0m15:52:33.953645 [debug] [Thread-1 (]: Began compiling node test.vinfast.not_null_mart_sales_pipeline_dealer_id.9b9d45967d
[0m15:52:33.994028 [debug] [Thread-1 (]: Writing injected SQL for node "test.vinfast.not_null_mart_sales_pipeline_dealer_id.9b9d45967d"
[0m15:52:33.995031 [debug] [Thread-1 (]: Began executing node test.vinfast.not_null_mart_sales_pipeline_dealer_id.9b9d45967d
[0m15:52:34.000460 [debug] [Thread-1 (]: Writing runtime sql for node "test.vinfast.not_null_mart_sales_pipeline_dealer_id.9b9d45967d"
[0m15:52:34.003456 [debug] [Thread-1 (]: dbt_clickhouse adapter: On test.vinfast.not_null_mart_sales_pipeline_dealer_id.9b9d45967d: /* {"app": "dbt", "dbt_version": "1.12.3", "profile_name": "vinfast", "target_name": "docker", "node_id": "test.vinfast.not_null_mart_sales_pipeline_dealer_id.9b9d45967d"} */

    
    
    select
      count(*) as failures,
      count(*) != 0 as should_warn,
      count(*) != 0 as should_error
    from (
      
    
  
    
    



select dealer_id
from `vinfast`.`mart_sales_pipeline`
where dealer_id is null



  
  
    ) dbt_internal_test...
[0m15:52:34.054993 [debug] [Thread-1 (]: dbt_clickhouse adapter: SQL status: OK in 0.05 seconds
[0m15:52:34.065540 [info ] [Thread-1 (]: 18 of 26 PASS not_null_mart_sales_pipeline_dealer_id ........................... [[32mPASS[0m in 0.11s]
[0m15:52:34.105373 [debug] [Thread-1 (]: Finished running node test.vinfast.not_null_mart_sales_pipeline_dealer_id.9b9d45967d
[0m15:52:34.117588 [debug] [Thread-1 (]: Began running node test.vinfast.not_null_mart_vehicle_360_model.8f6c0d5ee3
[0m15:52:34.120731 [info ] [Thread-1 (]: 19 of 26 START test not_null_mart_vehicle_360_model ............................ [RUN]
[0m15:52:34.127320 [debug] [Thread-1 (]: Re-using an available connection from the pool (formerly test.vinfast.not_null_mart_sales_pipeline_dealer_id.9b9d45967d, now test.vinfast.not_null_mart_vehicle_360_model.8f6c0d5ee3)
[0m15:52:34.139242 [debug] [Thread-1 (]: Began compiling node test.vinfast.not_null_mart_vehicle_360_model.8f6c0d5ee3
[0m15:52:34.220714 [debug] [Thread-1 (]: Writing injected SQL for node "test.vinfast.not_null_mart_vehicle_360_model.8f6c0d5ee3"
[0m15:52:34.225234 [debug] [Thread-1 (]: Began executing node test.vinfast.not_null_mart_vehicle_360_model.8f6c0d5ee3
[0m15:52:34.263057 [debug] [Thread-1 (]: Writing runtime sql for node "test.vinfast.not_null_mart_vehicle_360_model.8f6c0d5ee3"
[0m15:52:34.278918 [debug] [Thread-1 (]: dbt_clickhouse adapter: On test.vinfast.not_null_mart_vehicle_360_model.8f6c0d5ee3: /* {"app": "dbt", "dbt_version": "1.12.3", "profile_name": "vinfast", "target_name": "docker", "node_id": "test.vinfast.not_null_mart_vehicle_360_model.8f6c0d5ee3"} */

    
    
    select
      count(*) as failures,
      count(*) != 0 as should_warn,
      count(*) != 0 as should_error
    from (
      
    
  
    
    



select model
from `vinfast`.`mart_vehicle_360`
where model is null



  
  
    ) dbt_internal_test...
[0m15:52:34.361398 [debug] [Thread-1 (]: dbt_clickhouse adapter: SQL status: OK in 0.06 seconds
[0m15:52:34.363862 [info ] [Thread-1 (]: 19 of 26 PASS not_null_mart_vehicle_360_model .................................. [[32mPASS[0m in 0.24s]
[0m15:52:34.365869 [debug] [Thread-1 (]: Finished running node test.vinfast.not_null_mart_vehicle_360_model.8f6c0d5ee3
[0m15:52:34.366871 [debug] [Thread-1 (]: Began running node test.vinfast.not_null_mart_vehicle_360_vehicle_id.508b621b67
[0m15:52:34.366871 [info ] [Thread-1 (]: 20 of 26 START test not_null_mart_vehicle_360_vehicle_id ....................... [RUN]
[0m15:52:34.369816 [debug] [Thread-1 (]: Re-using an available connection from the pool (formerly test.vinfast.not_null_mart_vehicle_360_model.8f6c0d5ee3, now test.vinfast.not_null_mart_vehicle_360_vehicle_id.508b621b67)
[0m15:52:34.369816 [debug] [Thread-1 (]: Began compiling node test.vinfast.not_null_mart_vehicle_360_vehicle_id.508b621b67
[0m15:52:34.383901 [debug] [Thread-1 (]: Writing injected SQL for node "test.vinfast.not_null_mart_vehicle_360_vehicle_id.508b621b67"
[0m15:52:34.384900 [debug] [Thread-1 (]: Began executing node test.vinfast.not_null_mart_vehicle_360_vehicle_id.508b621b67
[0m15:52:34.389432 [debug] [Thread-1 (]: Writing runtime sql for node "test.vinfast.not_null_mart_vehicle_360_vehicle_id.508b621b67"
[0m15:52:34.391445 [debug] [Thread-1 (]: dbt_clickhouse adapter: On test.vinfast.not_null_mart_vehicle_360_vehicle_id.508b621b67: /* {"app": "dbt", "dbt_version": "1.12.3", "profile_name": "vinfast", "target_name": "docker", "node_id": "test.vinfast.not_null_mart_vehicle_360_vehicle_id.508b621b67"} */

    
    
    select
      count(*) as failures,
      count(*) != 0 as should_warn,
      count(*) != 0 as should_error
    from (
      
    
  
    
    



select vehicle_id
from `vinfast`.`mart_vehicle_360`
where vehicle_id is null



  
  
    ) dbt_internal_test...
[0m15:52:34.441290 [debug] [Thread-1 (]: dbt_clickhouse adapter: SQL status: OK in 0.05 seconds
[0m15:52:34.444302 [info ] [Thread-1 (]: 20 of 26 PASS not_null_mart_vehicle_360_vehicle_id ............................. [[32mPASS[0m in 0.08s]
[0m15:52:34.450373 [debug] [Thread-1 (]: Finished running node test.vinfast.not_null_mart_vehicle_360_vehicle_id.508b621b67
[0m15:52:34.462338 [debug] [Thread-1 (]: Began running node test.vinfast.relationships_mart_charging_analytics_vehicle_id__vehicle_id__ref_mart_vehicle_360_.92f7008be1
[0m15:52:34.468853 [info ] [Thread-1 (]: 21 of 26 START test relationships_mart_charging_analytics_vehicle_id__vehicle_id__ref_mart_vehicle_360_  [RUN]
[0m15:52:34.472291 [debug] [Thread-1 (]: Re-using an available connection from the pool (formerly test.vinfast.not_null_mart_vehicle_360_vehicle_id.508b621b67, now test.vinfast.relationships_mart_charging_analytics_vehicle_id__vehicle_id__ref_mart_vehicle_360_.92f7008be1)
[0m15:52:34.474305 [debug] [Thread-1 (]: Began compiling node test.vinfast.relationships_mart_charging_analytics_vehicle_id__vehicle_id__ref_mart_vehicle_360_.92f7008be1
[0m15:52:34.510119 [debug] [Thread-1 (]: Writing injected SQL for node "test.vinfast.relationships_mart_charging_analytics_vehicle_id__vehicle_id__ref_mart_vehicle_360_.92f7008be1"
[0m15:52:34.514133 [debug] [Thread-1 (]: Began executing node test.vinfast.relationships_mart_charging_analytics_vehicle_id__vehicle_id__ref_mart_vehicle_360_.92f7008be1
[0m15:52:34.518562 [debug] [Thread-1 (]: Writing runtime sql for node "test.vinfast.relationships_mart_charging_analytics_vehicle_id__vehicle_id__ref_mart_vehicle_360_.92f7008be1"
[0m15:52:34.521042 [debug] [Thread-1 (]: dbt_clickhouse adapter: On test.vinfast.relationships_mart_charging_analytics_vehicle_id__vehicle_id__ref_mart_vehicle_360_.92f7008be1: /* {"app": "dbt", "dbt_version": "1.12.3", "profile_name": "vinfast", "target_name": "docker", "node_id": "test.vinfast.relationships_mart_charging_analytics_vehicle_id__vehicle_id__ref_mart_vehicle_360_.92f7008be1"} */

    
    
    select
      count(*) as failures,
      count(*) != 0 as should_warn,
      count(*) != 0 as should_error
    from (
      
    
  
    
    

with child as (
    select vehicle_id as from_field
    from `vinfast`.`mart_charging_analytics`
    where vehicle_id is not null
),

parent as (
    select vehicle_id as to_field
    from `vinfast`.`mart_vehicle_360`
)

select
    from_field

from child
left join parent
    on child.from_field = parent.to_field

where parent.to_field is null
-- end_of_sql
settings join_use_nulls = 1



  
  
    ) dbt_internal_test...
[0m15:52:34.570088 [debug] [Thread-1 (]: dbt_clickhouse adapter: SQL status: OK in 0.05 seconds
[0m15:52:34.573101 [info ] [Thread-1 (]: 21 of 26 PASS relationships_mart_charging_analytics_vehicle_id__vehicle_id__ref_mart_vehicle_360_  [[32mPASS[0m in 0.10s]
[0m15:52:34.575100 [debug] [Thread-1 (]: Finished running node test.vinfast.relationships_mart_charging_analytics_vehicle_id__vehicle_id__ref_mart_vehicle_360_.92f7008be1
[0m15:52:34.576102 [debug] [Thread-1 (]: Began running node test.vinfast.unique_mart_charging_analytics_session_id.7bde64dec9
[0m15:52:34.578373 [info ] [Thread-1 (]: 22 of 26 START test unique_mart_charging_analytics_session_id .................. [RUN]
[0m15:52:34.584391 [debug] [Thread-1 (]: Re-using an available connection from the pool (formerly test.vinfast.relationships_mart_charging_analytics_vehicle_id__vehicle_id__ref_mart_vehicle_360_.92f7008be1, now test.vinfast.unique_mart_charging_analytics_session_id.7bde64dec9)
[0m15:52:34.587403 [debug] [Thread-1 (]: Began compiling node test.vinfast.unique_mart_charging_analytics_session_id.7bde64dec9
[0m15:52:34.621259 [debug] [Thread-1 (]: Writing injected SQL for node "test.vinfast.unique_mart_charging_analytics_session_id.7bde64dec9"
[0m15:52:34.623780 [debug] [Thread-1 (]: Began executing node test.vinfast.unique_mart_charging_analytics_session_id.7bde64dec9
[0m15:52:34.630486 [debug] [Thread-1 (]: Writing runtime sql for node "test.vinfast.unique_mart_charging_analytics_session_id.7bde64dec9"
[0m15:52:34.632828 [debug] [Thread-1 (]: dbt_clickhouse adapter: On test.vinfast.unique_mart_charging_analytics_session_id.7bde64dec9: /* {"app": "dbt", "dbt_version": "1.12.3", "profile_name": "vinfast", "target_name": "docker", "node_id": "test.vinfast.unique_mart_charging_analytics_session_id.7bde64dec9"} */

    
    
    select
      count(*) as failures,
      count(*) != 0 as should_warn,
      count(*) != 0 as should_error
    from (
      
    
  
    
    

select
    session_id as unique_field,
    count(*) as n_records

from `vinfast`.`mart_charging_analytics`
where session_id is not null
group by session_id
having count(*) > 1



  
  
    ) dbt_internal_test...
[0m15:52:34.684501 [debug] [Thread-1 (]: dbt_clickhouse adapter: SQL status: OK in 0.05 seconds
[0m15:52:34.688539 [info ] [Thread-1 (]: 22 of 26 PASS unique_mart_charging_analytics_session_id ........................ [[32mPASS[0m in 0.11s]
[0m15:52:34.710121 [debug] [Thread-1 (]: Finished running node test.vinfast.unique_mart_charging_analytics_session_id.7bde64dec9
[0m15:52:34.717496 [debug] [Thread-1 (]: Began running node test.vinfast.unique_mart_customer_360_customer_id.5c1d6e23ae
[0m15:52:34.719001 [info ] [Thread-1 (]: 23 of 26 START test unique_mart_customer_360_customer_id ....................... [RUN]
[0m15:52:34.726557 [debug] [Thread-1 (]: Re-using an available connection from the pool (formerly test.vinfast.unique_mart_charging_analytics_session_id.7bde64dec9, now test.vinfast.unique_mart_customer_360_customer_id.5c1d6e23ae)
[0m15:52:34.731090 [debug] [Thread-1 (]: Began compiling node test.vinfast.unique_mart_customer_360_customer_id.5c1d6e23ae
[0m15:52:34.766001 [debug] [Thread-1 (]: Writing injected SQL for node "test.vinfast.unique_mart_customer_360_customer_id.5c1d6e23ae"
[0m15:52:34.768550 [debug] [Thread-1 (]: Began executing node test.vinfast.unique_mart_customer_360_customer_id.5c1d6e23ae
[0m15:52:34.772198 [debug] [Thread-1 (]: Writing runtime sql for node "test.vinfast.unique_mart_customer_360_customer_id.5c1d6e23ae"
[0m15:52:34.775213 [debug] [Thread-1 (]: dbt_clickhouse adapter: On test.vinfast.unique_mart_customer_360_customer_id.5c1d6e23ae: /* {"app": "dbt", "dbt_version": "1.12.3", "profile_name": "vinfast", "target_name": "docker", "node_id": "test.vinfast.unique_mart_customer_360_customer_id.5c1d6e23ae"} */

    
    
    select
      count(*) as failures,
      count(*) != 0 as should_warn,
      count(*) != 0 as should_error
    from (
      
    
  
    
    

select
    customer_id as unique_field,
    count(*) as n_records

from `vinfast`.`mart_customer_360`
where customer_id is not null
group by customer_id
having count(*) > 1



  
  
    ) dbt_internal_test...
[0m15:52:34.830965 [debug] [Thread-1 (]: dbt_clickhouse adapter: SQL status: OK in 0.05 seconds
[0m15:52:34.834735 [info ] [Thread-1 (]: 23 of 26 PASS unique_mart_customer_360_customer_id ............................. [[32mPASS[0m in 0.11s]
[0m15:52:34.838057 [debug] [Thread-1 (]: Finished running node test.vinfast.unique_mart_customer_360_customer_id.5c1d6e23ae
[0m15:52:34.839145 [debug] [Thread-1 (]: Began running node test.vinfast.unique_mart_daily_fleet_activity_date.ea9fa41de8
[0m15:52:34.841851 [info ] [Thread-1 (]: 24 of 26 START test unique_mart_daily_fleet_activity_date ...................... [RUN]
[0m15:52:34.843543 [debug] [Thread-1 (]: Re-using an available connection from the pool (formerly test.vinfast.unique_mart_customer_360_customer_id.5c1d6e23ae, now test.vinfast.unique_mart_daily_fleet_activity_date.ea9fa41de8)
[0m15:52:34.845175 [debug] [Thread-1 (]: Began compiling node test.vinfast.unique_mart_daily_fleet_activity_date.ea9fa41de8
[0m15:52:34.860801 [debug] [Thread-1 (]: Writing injected SQL for node "test.vinfast.unique_mart_daily_fleet_activity_date.ea9fa41de8"
[0m15:52:34.863983 [debug] [Thread-1 (]: Began executing node test.vinfast.unique_mart_daily_fleet_activity_date.ea9fa41de8
[0m15:52:34.876777 [debug] [Thread-1 (]: Writing runtime sql for node "test.vinfast.unique_mart_daily_fleet_activity_date.ea9fa41de8"
[0m15:52:34.880505 [debug] [Thread-1 (]: dbt_clickhouse adapter: On test.vinfast.unique_mart_daily_fleet_activity_date.ea9fa41de8: /* {"app": "dbt", "dbt_version": "1.12.3", "profile_name": "vinfast", "target_name": "docker", "node_id": "test.vinfast.unique_mart_daily_fleet_activity_date.ea9fa41de8"} */

    
    
    select
      count(*) as failures,
      count(*) != 0 as should_warn,
      count(*) != 0 as should_error
    from (
      
    
  
    
    

select
    activity_date as unique_field,
    count(*) as n_records

from `vinfast`.`mart_daily_fleet`
where activity_date is not null
group by activity_date
having count(*) > 1



  
  
    ) dbt_internal_test...
[0m15:52:34.930111 [debug] [Thread-1 (]: dbt_clickhouse adapter: SQL status: OK in 0.05 seconds
[0m15:52:34.932779 [info ] [Thread-1 (]: 24 of 26 PASS unique_mart_daily_fleet_activity_date ............................ [[32mPASS[0m in 0.09s]
[0m15:52:34.934163 [debug] [Thread-1 (]: Finished running node test.vinfast.unique_mart_daily_fleet_activity_date.ea9fa41de8
[0m15:52:34.935207 [debug] [Thread-1 (]: Began running node test.vinfast.unique_mart_sales_pipeline_dealer_id.2bb465ec1c
[0m15:52:34.936342 [info ] [Thread-1 (]: 25 of 26 START test unique_mart_sales_pipeline_dealer_id ....................... [RUN]
[0m15:52:34.937967 [debug] [Thread-1 (]: Re-using an available connection from the pool (formerly test.vinfast.unique_mart_daily_fleet_activity_date.ea9fa41de8, now test.vinfast.unique_mart_sales_pipeline_dealer_id.2bb465ec1c)
[0m15:52:34.938494 [debug] [Thread-1 (]: Began compiling node test.vinfast.unique_mart_sales_pipeline_dealer_id.2bb465ec1c
[0m15:52:34.951399 [debug] [Thread-1 (]: Writing injected SQL for node "test.vinfast.unique_mart_sales_pipeline_dealer_id.2bb465ec1c"
[0m15:52:34.953718 [debug] [Thread-1 (]: Began executing node test.vinfast.unique_mart_sales_pipeline_dealer_id.2bb465ec1c
[0m15:52:34.958497 [debug] [Thread-1 (]: Writing runtime sql for node "test.vinfast.unique_mart_sales_pipeline_dealer_id.2bb465ec1c"
[0m15:52:34.961015 [debug] [Thread-1 (]: dbt_clickhouse adapter: On test.vinfast.unique_mart_sales_pipeline_dealer_id.2bb465ec1c: /* {"app": "dbt", "dbt_version": "1.12.3", "profile_name": "vinfast", "target_name": "docker", "node_id": "test.vinfast.unique_mart_sales_pipeline_dealer_id.2bb465ec1c"} */

    
    
    select
      count(*) as failures,
      count(*) != 0 as should_warn,
      count(*) != 0 as should_error
    from (
      
    
  
    
    

select
    dealer_id as unique_field,
    count(*) as n_records

from `vinfast`.`mart_sales_pipeline`
where dealer_id is not null
group by dealer_id
having count(*) > 1



  
  
    ) dbt_internal_test...
[0m15:52:35.009738 [debug] [Thread-1 (]: dbt_clickhouse adapter: SQL status: OK in 0.05 seconds
[0m15:52:35.013756 [info ] [Thread-1 (]: 25 of 26 PASS unique_mart_sales_pipeline_dealer_id ............................. [[32mPASS[0m in 0.08s]
[0m15:52:35.015758 [debug] [Thread-1 (]: Finished running node test.vinfast.unique_mart_sales_pipeline_dealer_id.2bb465ec1c
[0m15:52:35.017737 [debug] [Thread-1 (]: Began running node test.vinfast.unique_mart_vehicle_360_vehicle_id.dc396ba6fd
[0m15:52:35.019276 [info ] [Thread-1 (]: 26 of 26 START test unique_mart_vehicle_360_vehicle_id ......................... [RUN]
[0m15:52:35.021269 [debug] [Thread-1 (]: Re-using an available connection from the pool (formerly test.vinfast.unique_mart_sales_pipeline_dealer_id.2bb465ec1c, now test.vinfast.unique_mart_vehicle_360_vehicle_id.dc396ba6fd)
[0m15:52:35.022790 [debug] [Thread-1 (]: Began compiling node test.vinfast.unique_mart_vehicle_360_vehicle_id.dc396ba6fd
[0m15:52:35.042172 [debug] [Thread-1 (]: Writing injected SQL for node "test.vinfast.unique_mart_vehicle_360_vehicle_id.dc396ba6fd"
[0m15:52:35.047187 [debug] [Thread-1 (]: Began executing node test.vinfast.unique_mart_vehicle_360_vehicle_id.dc396ba6fd
[0m15:52:35.100778 [debug] [Thread-1 (]: Writing runtime sql for node "test.vinfast.unique_mart_vehicle_360_vehicle_id.dc396ba6fd"
[0m15:52:35.124764 [debug] [Thread-1 (]: dbt_clickhouse adapter: On test.vinfast.unique_mart_vehicle_360_vehicle_id.dc396ba6fd: /* {"app": "dbt", "dbt_version": "1.12.3", "profile_name": "vinfast", "target_name": "docker", "node_id": "test.vinfast.unique_mart_vehicle_360_vehicle_id.dc396ba6fd"} */

    
    
    select
      count(*) as failures,
      count(*) != 0 as should_warn,
      count(*) != 0 as should_error
    from (
      
    
  
    
    

select
    vehicle_id as unique_field,
    count(*) as n_records

from `vinfast`.`mart_vehicle_360`
where vehicle_id is not null
group by vehicle_id
having count(*) > 1



  
  
    ) dbt_internal_test...
[0m15:52:35.187816 [debug] [Thread-1 (]: dbt_clickhouse adapter: SQL status: OK in 0.05 seconds
[0m15:52:35.191144 [info ] [Thread-1 (]: 26 of 26 PASS unique_mart_vehicle_360_vehicle_id ............................... [[32mPASS[0m in 0.17s]
[0m15:52:35.194478 [debug] [Thread-1 (]: Finished running node test.vinfast.unique_mart_vehicle_360_vehicle_id.dc396ba6fd
[0m15:52:35.196024 [debug] [MainThread]: Connection 'master' was properly closed.
[0m15:52:35.197010 [debug] [MainThread]: Connection 'list__vinfast' was left open.
[0m15:52:35.198514 [debug] [MainThread]: On list__vinfast: Close
[0m15:52:35.198514 [debug] [MainThread]: Connection 'test.vinfast.unique_mart_vehicle_360_vehicle_id.dc396ba6fd' was left open.
[0m15:52:35.199517 [debug] [MainThread]: On test.vinfast.unique_mart_vehicle_360_vehicle_id.dc396ba6fd: Close
[0m15:52:35.201518 [info ] [MainThread]: 
[0m15:52:35.202518 [info ] [MainThread]: Finished running 26 data tests in 0 hours 0 minutes and 5.02 seconds (5.02s).
[0m15:52:35.211529 [debug] [MainThread]: Command end result
[0m15:52:35.668448 [debug] [MainThread]: Wrote artifact WritableManifest to D:\DE_prj\Vinfast_v1\dbt_project\target\manifest.json
[0m15:52:35.682070 [debug] [MainThread]: Wrote artifact SemanticManifest to D:\DE_prj\Vinfast_v1\dbt_project\target\semantic_manifest.json
[0m15:52:35.692428 [debug] [MainThread]: Wrote artifact OsiDocument to D:\DE_prj\Vinfast_v1\dbt_project\target\osi_document.json
[0m15:52:35.756961 [debug] [MainThread]: Wrote artifact RunExecutionResult to D:\DE_prj\Vinfast_v1\dbt_project\target\run_results.json
[0m15:52:35.758484 [info ] [MainThread]: 
[0m15:52:35.760630 [info ] [MainThread]: [32mCompleted successfully[0m
[0m15:52:35.762658 [info ] [MainThread]: 
[0m15:52:35.764643 [info ] [MainThread]: Done. PASS=26 WARN=0 ERROR=0 SKIP=0 NO-OP=0 REUSED=0 TOTAL=26
[0m15:52:35.766705 [debug] [MainThread]: Command `python -m dbt.cli.main test` succeeded at 15:52:35.766705 after 8.20 seconds
[0m15:52:35.767712 [debug] [MainThread]: Sending event: {'category': 'dbt', 'action': 'invocation', 'label': 'end', 'context': [<snowplow_tracker.self_describing_json.SelfDescribingJson object at 0x000001DC956E1720>, <snowplow_tracker.self_describing_json.SelfDescribingJson object at 0x000001DC985C7220>, <snowplow_tracker.self_describing_json.SelfDescribingJson object at 0x000001DC985C57B0>]}
[0m15:52:35.769243 [debug] [MainThread]: Flushing usage events
[0m15:52:36.708859 [debug] [MainThread]: An error was encountered while trying to flush usage events
